battery_v,r_top_ohm,r_bottom_ohm,ratio,adc_v,adc_pass
7.605230097473616,9936.157921450833,3281.8488230635626,0.2482862118696953,1.8882737712991176,True
6.5213922107409115,10076.72969372832,3323.4720447982418,0.24801656793293014,1.6174133142525047,True
7.574839705566282,10060.612839284877,3275.2168370352647,0.24559528102334166,1.8603448861953176,True
7.316965704037823,10023.52914979376,3304.6687440828055,0.24794565404833047,1.8142098471368608,True
7.89322341462036,10047.087944068258,3317.736153276593,0.24824390722326958,1.959444621031556,True
6.5859084140904605,9952.277032402866,3322.00641198089,0.2502588125302089,1.6481816191429899,True
6.826934911027921,10078.447432685309,3290.1687621444057,0.24611139359486378,1.680186464934509,True
7.158574712894432,10089.153746840439,3311.6902968328873,0.24712550090427848,1.7690663616847382,True
6.294735246216501,9961.683320825505,3296.3755621137298,0.2486318390360733,1.5650716005119982,True
6.195683429236819,10044.810947690277,3301.245563781416,0.24735737938347616,1.5325480165456484,True
7.65172357670783,9906.41527146633,3272.277543898316,0.24830061598243378,1.8999276774238656,True
6.1462889721044505,10050.248144056377,3283.0931500235997,0.24623183923757339,1.5134120380868932,True
6.095312118668456,9932.735124509814,3286.970001961812,0.24864170346582556,1.5155487883416152,True
7.37415192160222,9926.463988366728,3320.46494236107,0.25065922522305256,1.8483992073458966,True
6.757425185700935,10098.974750276635,3317.6331636289124,0.24727808883722205,1.6709631853806375,True
8.142417226475699,10023.289583895288,3281.9802635786687,0.24666769642419253,2.0084713005794232,True
8.366396447463258,9992.323881857383,3285.746800393402,0.2474566432897185,2.0703203813202835,True
6.672523795608724,10001.85537922915,3272.6791233191498,0.24653814585294095,1.6450316447290028,True
6.778229415551465,10044.824909899315,3325.9427790325026,0.24874733122359785,1.6860664775397143,True
7.494927256986583,10083.379410349718,3320.580560306863,0.24773130982009392,1.85672814637961,True
7.197041273478259,10073.87197740419,3290.4248374444496,0.246210098670404,1.7719842420780523,True
7.349468831268323,9949.059960017956,3301.63541158331,0.24916695456295346,1.831244766342477,True
6.37798571235477,9921.88304988706,3272.4420719018017,0.2480189052259863,1.5818610339252124,True
6.460048276168777,10092.378977413642,3325.410507425857,0.24783594281183005,1.6010321551342264,True
7.590066459731537,9962.339557890808,3325.538285395166,0.250268577467054,1.8995551357574103,True
6.737593661251156,9932.836824170789,3294.4679331772204,0.24906570110944812,1.6781034890300928,True
6.27602750665364,9906.99460685106,3312.7174960513184,0.25058923146473167,1.5727049095438517,True
7.727838623416979,9985.58808735854,3289.5567181150395,0.2477981797048795,1.9149443439357892,True
7.482190036898222,9955.617958272702,3295.370193783177,0.24868863785618156,1.8607356484573119,True
6.263601000739962,10087.134547962325,3291.389392752488,0.2460203687146543,1.5409734276835232,True
6.114604890048779,10044.20426110084,3301.882355382585,0.24740453514699287,1.5127809804300476,True
6.915672501040233,9940.522755676811,3283.0924252596437,0.24827495207155184,1.716988258738313,True
8.238969491805214,9991.267604434424,3331.0195971105113,0.25003361260101237,2.0600193061455845,True
7.068713367935196,9905.379042644943,3294.490917019489,0.24958510402652798,1.7642455612698147,True
7.763383638821912,10052.656895663113,3298.8627284335953,0.24707769761876663,1.9181589552113205,True
7.121865573928636,10080.185905734024,3304.5714117525204,0.2468906483224209,1.7583220088123712,True
6.221207366819181,9932.3953656472,3323.99207986222,0.2507464491005215,1.5599456563479153,True
7.049801951939057,9924.140112309718,3321.031711276374,0.2507352683309482,1.767633984099482,True
7.350733437898254,9903.847305225307,3310.7116533312164,0.25053516078094357,1.841617183721697,True
6.0740731035729185,10049.898802702395,3306.4231657168993,0.24755491620633718,1.5036666581861602,True
7.752262897585088,10040.378936110788,3317.5095413888394,0.24835583460491814,1.9253197220064855,True
8.101955197784715,10098.350990280536,3279.141214362624,0.24512376192785035,1.9859817370518902,True
7.85502217078101,10028.576444004215,3293.7689629069005,0.24723641838607643,1.94204754784712,True
7.906479889785776,10004.61008557627,3310.651391011917,0.2486358526892568,1.9658343691673477,True
6.969120140719868,9955.449750901256,3278.97623588103,0.2477611223301914,1.726677027718696,True
7.9444407577336875,10079.393513967565,3311.632267699893,0.24730235918398227,1.9646789417849246,True
7.200168823214632,9976.278963250707,3324.5868399212222,0.24995266391819324,1.7997013780232198,True
6.369916236293017,10094.22816473533,3287.924783529446,0.24569475451674472,1.5650550059682393,True
6.883854589764217,10015.965551399104,3330.6046981013537,0.24954760929880196,1.7178494556362456,True
7.514110603448827,10057.172998745295,3297.5120711834493,0.2469179957383333,1.8553691299597428,True
7.7561555570613185,10089.668101727837,3297.3311279727973,0.24630845728722237,1.9104067097394901,True
7.762971362895724,10010.858978601747,3270.5272396704213,0.24624893711553386,1.9116234469713995,True
7.7157004016903485,9943.19698527143,3278.0549057134112,0.24793831421883844,1.9130177506127195,True
7.784483698536546,9945.8785336115,3328.712310204598,0.25075818527056615,1.9520230055133292,True
7.858125400451527,10010.495394029593,3298.728944940451,0.247852832060364,1.9476586351873928,True
7.3679040478324564,9905.549815835035,3326.640954598092,0.2514051537128195,1.8523290496866238,True
7.006617392874012,9961.340021188238,3278.0676098267463,0.24759926585744357,1.7348333226196007,True
6.073052014052213,10081.350153429805,3300.1457293649537,0.2466200907783495,1.4977366390071951,True
6.814287432288804,9997.791417205037,3281.579184149396,0.24711857833191964,1.6839370226122763,True
7.457290717822767,9976.301596053514,3324.561884350969,0.2499508313312805,1.863956014398842,True
6.10369984424142,10063.856315006116,3314.627349990526,0.24775807430724683,1.5122409195586966,True
7.1100548996954505,9925.932915525345,3273.4141835282257,0.24799818952885466,1.7632807425752342,True
8.027914068172693,9902.321188258573,3286.949856106328,0.24921391372199245,2.000667883953159,True
7.278712028173663,10036.414009001726,3280.453258593066,0.24633821098267658,1.7930248992783895,True
6.510090210580843,9944.705664643627,3307.946710641324,0.24960638949606484,1.6249601127567608,True
6.054564096136413,9951.06898910902,3325.692745974983,0.2504897513666152,1.5166062550744455,True
6.263761464204426,10027.349618213508,3271.367278186836,0.24599119626889115,1.540830175722628,True
6.665555448677504,9994.584050686868,3303.338172907979,0.24841009876315717,1.6557912873172793,True
7.577986522662525,10063.801403162774,3291.4546654195224,0.24645387917065384,1.8676241748131133,True
8.345594109673087,10045.217411347787,3272.544157320789,0.2457277929513163,2.0507444214374733,True
6.090426683379509,10050.510356374049,3284.783583578439,0.24632254814700713,1.5002094199525662,True
6.64971904099153,9999.296373304162,3312.030439490588,0.24881294600227896,1.6545361846765518,True
7.850062321527925,9936.370193046612,3296.2830757050374,0.24910220261639215,1.955467814968555,True
7.3890338867543015,10034.653671674529,3288.7247501962183,0.24683865053308646,1.8238991533496784,True
7.525540559917558,9986.658311875035,3331.325824921527,0.25013739246897965,1.882419092577323,True
7.831351272256949,10068.927060106978,3313.342172118567,0.24759195280123203,1.9389795545705109,True
7.289364343146252,10044.956874361002,3292.913811920498,0.24688452072843858,1.7996312222726318,True
6.225126883735732,9960.69648655097,3311.2979940225423,0.2494951304319299,1.5531388438129596,True
6.685998665242406,9938.42362778004,3306.4081087143672,0.24963760767182802,1.6690767116881495,True
8.063289743001965,9983.245885565691,3315.908346572495,0.249332272465824,2.01043835517305,True
8.260150606387512,10085.715191254325,3300.987815522083,0.24658706582577566,2.036846301308098,True
6.061191483609825,10096.310589603321,3305.1551170034913,0.2466263906771091,1.4948497788055233,True
6.055665811569182,9999.200290838264,3327.4813252608474,0.24968566227628114,1.5120129286854846,True
6.928637106599855,10010.755772967554,3294.2088765280346,0.24759245614778264,1.7154782789797243,True
7.987854861218251,9924.650557927582,3287.816733811873,0.24884199606438712,1.9877137479381675,True
6.627611441298227,9926.514657266387,3324.5261928206924,0.2508879287621278,1.6627877071474928,True
6.890036771002406,10067.833838816588,3311.575701792483,0.24751284365286946,1.7053725940636402,True
7.131260951475283,9976.94672523562,3326.0638910801686,0.2500233959823229,1.7829820807239816,True
6.997285003662958,9934.942093024209,3292.2739248306657,0.24890150129751873,1.741634742418324,True
8.399993062866898,9922.164785303901,3301.9675948447903,0.24969256960868863,2.0974158525623943,True
7.96061924070268,9908.976653210886,3325.001030334158,0.25124729010752533,2.0000840118043746,True
6.794222018992631,9911.424778799621,3305.933254950149,0.25012057980941704,1.6993747507443449,True
7.665096452405995,9949.698290412212,3282.4983012149683,0.24806903967040556,1.9014731159293876,True
7.03513106262797,9982.773648321896,3327.1743681505704,0.24997651110529062,1.7586175182041959,True
6.856576414305309,9970.663977212269,3276.3934974056892,0.2473299073159022,1.695836409054533,True
6.150994786224342,10030.884206097047,3310.2580241123555,0.24812403368406316,1.5262096375276255,True
7.657590816525299,10047.675802899923,3304.549456079215,0.24749054123820768,1.8951812957625749,True
6.306585574373768,10080.102500980274,3300.9323315713846,0.24668737305288985,1.5557550282755153,True
7.201536965225435,9958.0114102358,3318.0651155097903,0.24992814022088852,1.7998667404507744,True
7.634639120976141,9978.843656317327,3277.9382799423247,0.2472650071263963,1.8877790966556294,True
8.316642259869722,9918.94150901782,3302.650037303116,0.2497921695533029,2.077432113491542,True
6.446855098847352,10039.162828749875,3271.2297539725696,0.24576508421087365,1.5844118862635195,True
7.230078087170249,10030.201482641924,3276.227674577079,0.24621388923110601,1.7801456452867825,True
6.335850259802267,10035.47434681217,3291.753744800054,0.2469946280030871,1.5649209780031237,True
7.900697071635248,9909.9442019109,3298.0554930782378,0.24970136048151614,1.972814807539652,True
6.0235756023394265,9930.165066341995,3268.349182534305,0.2476300832733932,1.4916185280108918,True
6.188514036872632,9962.996074181225,3274.072367464613,0.24734119808309532,1.5306744762341296,True
6.9518125725408915,9916.553130217077,3270.4187027703783,0.248003767975705,1.7240757122510202,True
7.8971212992851845,9924.249626773946,3327.126130272471,0.25107778930072766,1.9827917576642142,True
7.236464723720457,10019.666865725501,3312.6760673444514,0.2484691613450467,1.798038321005837,True
7.279901869189774,9925.077629469044,3302.253000911664,0.2496537731752925,1.8174549699890918,True
7.656300029817571,10092.999984323806,3318.3479507212014,0.2474283693774041,1.894385831841932,True
7.071189796419451,10077.98905555031,3287.6704876871413,0.24597891911369132,1.7393636229710194,True
7.222889154599313,9928.469760282305,3283.7846155988204,0.24854082597693133,1.7951828364239326,True
6.4051730740131045,10059.81615724522,3281.1632423154083,0.24594620410128734,1.575328004165297,True
7.8201858962180175,10014.004942018826,3283.7836362167204,0.24694208491111672,1.9311330096045871,True
7.874984870916286,10064.093137777212,3321.4084560880246,0.24813477722868996,1.9540576166241164,True
6.5724814863754215,9961.443632603668,3301.145636293755,0.24890657241685007,1.6359338390469103,True
6.696864679854959,10056.339325562092,3331.5467841089385,0.24884785819191596,1.6665004321829975,True
6.528710336914948,10094.685297736543,3295.629218347474,0.24612037412481008,1.6068486306740217,True
6.376051628251128,10045.69844519301,3282.28735420119,0.24627032198296464,1.5702322874694112,True
6.25006066388227,10009.090147857309,3329.6533887649643,0.24962271593446664,1.5601571176734679,True
6.567520851574556,9918.047303689305,3274.4308509037137,0.2482043792328514,1.6300874360638702,True
8.05019781625296,9950.716510620761,3302.0956937797514,0.2491618867641776,2.0058024767224496,True
6.4180373350087505,9988.859597423107,3321.85236075416,0.24956233529743105,1.6017003853508847,True
6.384884644392658,10001.066754856862,3298.727139469426,0.24802844056678713,1.583632981547536,True
6.515691100806607,9900.327591842753,3300.0293108669207,0.24999546112192728,1.6288932012741857,True
6.363126259035888,10039.813829761883,3297.688495573105,0.24724932863247165,1.5732786955502742,True
6.521181985237134,9904.167402551664,3306.2271322015904,0.25027466995809483,1.6320866690918974,True
6.7940601055539425,9970.639990951426,3277.9799722454677,0.2474204846505757,1.680989644061298,True
6.889063890337989,10088.365418615978,3285.825121036014,0.2456840368240719,1.6925330265171825,True
7.019699296328208,9942.567569402589,3328.355390700601,0.2508005962137483,1.760544768760344,True
6.872117438116345,9988.308474923031,3285.087385848727,0.247494116826387,1.7008086360738182,True
8.035900108252157,10055.424977736513,3297.7954649908816,0.2469663014353193,1.9845965284387173,True
7.554847418164614,10096.712659773057,3280.6808896399907,0.2452406649712369,1.8527558045869221,True
7.57256608392208,10046.642608373439,3319.5602150772415,0.24835476903381665,1.8806829007657817,True
7.304345818552372,10043.606416514753,3276.6562498019184,0.24599036309454264,1.7967986800738023,True
7.161062696556445,9916.132004159019,3284.086297216628,0.24879030196601976,1.7816029506738775,True
7.84802277576191,10033.717813028496,3284.45892909946,0.2466147576124354,1.9354382345813959,True
7.055244138611467,9970.61048702603,3276.9698305888965,0.24736365072130223,1.7452109468570018,True
7.629440552476074,9991.328888557582,3278.5951511518506,0.24706962461434262,1.8850030133177063,True
6.514694995218047,9956.037417628308,3275.691036136484,0.24756335104537755,1.6127997240547296,True
6.477312678212157,10098.023117106775,3314.6944799423354,0.24713071426118674,1.6007429086596108,True
7.2617288433822385,10057.955862052706,3314.0472532455824,0.2478347652681994,1.7997088633409501,True
7.144904314714164,9929.116026199179,3318.3839638002523,0.25049133544482416,1.7897366234182372,True
6.3504058778700445,10082.517891017444,3326.4544603017384,0.2480767633154587,1.5753881359214648,True
6.991318848346254,10080.741349974036,3291.163737479643,0.24612526905890242,1.7207402326257977,True
7.902006193197905,10060.037991849447,3299.3956694987073,0.24697122296767723,1.951568133432246,True
7.860074097462555,10042.54797699081,3272.2571443367688,0.24576079893916628,1.931698089913444,True
6.08623843297225,10043.416307163576,3328.7545071316513,0.2489314976124235,1.5150564479460717,True
7.3866280011792735,10013.459305716842,3280.3788466542173,0.2467593488844406,1.8227195160225744,True
8.387666240985816,9957.64269427155,3309.0253350199087,0.24942399460919018,2.0920852192753325,True
7.743265468040626,10000.695815661009,3287.49729963392,0.24739987379096384,1.9156828995231794,True
7.573055028314574,9908.218303526706,3303.353441659548,0.25003485621331556,1.893527725100161,True
7.173890960963695,9920.239213667544,3281.9676281716243,0.24859235031606436,1.7833744148971344,True
7.848427358334119,9942.70504312723,3267.414308225701,0.247341770450474,1.9412439180622978,True
7.28908124176553,9929.20656417696,3270.474346366806,0.24776919749282617,1.806009809732258,True
7.536782492716253,10096.836390936156,3316.068971064237,0.24722972999264348,1.8633167006875218,True
6.5642916133039035,9902.468973527984,3300.5825969240345,0.24998634439258166,1.640983263936725,True
6.550593783160628,9972.163625147145,3303.6052698791086,0.2488447408207595,1.6300808121926849,True
6.489054970031293,9959.686488638637,3276.884583611328,0.24756295008162715,1.6064495916227917,True
6.103323307400992,9998.15199788431,3313.673724884607,0.24892706634648976,1.5192823658754842,True
7.743965037663582,9900.091055826939,3292.3267275649782,0.2495620425021504,1.9325997318645654,True
8.171876809756814,10002.270194325689,3317.4515781862056,0.24906312870832478,2.0353132056570358,True
7.9445717401179055,10007.30511559859,3310.7493868389984,0.24859106757920502,1.9749495703354927,True
6.584507128480611,10020.148396810027,3307.534184827163,0.24817023999237992,1.6340787143065696,True
8.175387439652459,10067.061476838557,3276.953599201084,0.2455747824419911,2.0076689918716393,True
6.074741892090541,10072.721110421355,3274.463985179237,0.24532992999838923,1.490316003144855,True
7.1040837279129985,10065.413760396785,3320.2405644306345,0.24804469649812522,1.7621302921874498,True
7.328694483228931,10088.19050307084,3321.0292082116607,0.24766759585700207,1.8150801434317836,True
7.824533817007936,10033.422808738576,3274.295786043069,0.24604486206426232,1.9251863437228736,True
6.059839609190728,9987.614315065524,3318.712249003854,0.24940859770909726,1.5113760992703036,True
8.098192498946682,10035.080119657932,3327.984030158837,0.24904348230674844,2.016802060328071,True
6.832001319777149,10004.295848120879,3299.0525057088225,0.24798662847606393,1.6942449730355542,True
7.7193748622596745,10099.84031192239,3287.0557327970178,0.2455427846616938,1.8954367995267194,True
6.1405479625094,9954.717625544521,3281.752228750967,0.24793258813534602,1.5224419489141812,True
7.008759557632301,9964.119563106227,3290.554151523125,0.24825614137082064,1.7399676035736549,True
8.172481478464693,10053.214287616562,3305.4794812022296,0.24744032151689246,2.0222014446221523,True
6.580038821210331,10008.946792262479,3280.58965949794,0.246855085683848,1.6243160470129225,True
7.171632720625792,9977.945816109137,3305.1831227685566,0.2488256447691921,1.784486135757548,True
6.642580203182067,10041.746581054871,3269.6207453137818,0.24562621293133047,1.6315918194002388,True
7.315077478761097,10044.758659208199,3283.4187666950625,0.24635166998255523,1.802081552944576,True
6.190310891025146,10040.642701743125,3275.8918918457525,0.24600183094353242,1.5228278133018756,True
7.222403724562652,9950.469996646649,3307.4642353783806,0.24947055683751085,1.801777078871957,True
6.183876656796261,10017.393601196347,3299.7540682172767,0.24778234424748782,1.5322554545582951,True
6.924194374381246,9958.801390081795,3267.011550534808,0.24701782530900487,1.710399436376501,True
7.469445422392968,9971.526971399266,3327.3898923729184,0.25020006715262055,1.8688557462755548,True
7.550143201782049,9918.392957797736,3270.0958950840704,0.2479507646070857,1.8720637797748492,True
7.8293863845422536,10094.043868962215,3324.2298949213723,0.24773901273864427,1.9396444532558814,True
7.182120489506152,9920.445685359422,3312.48479114817,0.2503213326049601,1.7978379718625683,True
6.974688805914085,10007.37968674176,3289.270876718568,0.24737589823993736,1.7253699083070329,True
7.515734443664046,9984.992107729855,3287.2282923879147,0.2476773436009807,1.8614771422171055,True
6.567621558466508,10025.311206419537,3270.6235138967345,0.24598673073350766,1.6155477558620808,True
8.25608991015866,9990.259269266211,3282.1996211351075,0.24729401298118195,2.041681605416581,True
6.447035855389221,9910.490983430604,3302.7839974044323,0.24995952950308667,1.6114980491026196,True
6.460429912172769,9940.830595966954,3308.3637937254252,0.24970301562631378,1.6131888313119818,True
7.044797775191635,10059.201007235559,3312.8555436906836,0.24774465551158711,1.745310997963647,True
6.718788663981007,10011.976146166657,3311.1346886125452,0.2485256431230026,1.6697912737234193,True
7.570299146509552,10004.893020078878,3317.3838058389592,0.2490102742336919,1.8850822665034275,True
7.363311671764547,9933.836367193157,3307.651285014956,0.24979453758455772,1.8393150341394016,True
8.16178139106486,9901.873961959856,3280.3935394822597,0.24884895858192763,2.031050799339847,True
8.325221552887704,10081.9327527993,3294.1227188006114,0.2462701149673538,2.050253268958347,True
7.849318558035812,9969.486784717566,3292.776664370866,0.2482816509422599,1.9488417703608503,True
7.098372804837964,10049.477296729998,3301.0076873520097,0.24725751096592016,1.7551259916324122,True
7.793525066868327,10009.071948305294,3297.34937670235,0.24780136568390643,1.9312461550617295,True
8.136989417081047,10060.410932015413,3281.8118084473645,0.2459718948098999,2.0014707049675278,True
6.168627335729342,9987.923565292582,3321.867327288522,0.24958073001283104,1.5395705136284341,True
7.405692794368297,10044.697865209375,3270.1559795324524,0.24560209354636445,1.8188536544580796,True
8.246256822295354,10070.430363316069,3326.241378389821,0.24828863784388494,2.0474518737185567,True
6.393890070045816,10002.09982206898,3317.4817994114883,0.24906801832734674,1.5925135291492116,True
6.072958158408886,9935.691608964435,3270.9590451631775,0.24767513965706897,1.5041207600154571,True
7.4597379811187,10082.089330892391,3296.581787568356,0.24640577217116288,1.8381224974321049,True
6.888131566864532,9901.61153671607,3317.839648224327,0.25098164831562836,1.728794614466572,True
6.276045604733074,9992.214390889001,3328.625658740233,0.24988106203053467,1.5682649410627698,True
8.07135918483728,10085.67870138414,3332.972956919924,0.24838359633975077,2.004793221679763,True
7.219987162647939,9915.1336290926,3307.901984128869,0.25016207177279015,1.8061669467809573,True
6.304814930996043,9945.720318791122,3304.376862912295,0.2493851039428745,1.5723269269070355,True
8.047252149360139,10007.62921820659,3315.718251788888,0.24886525396533948,2.002681449873635,True
7.290342832708858,10038.903512360012,3277.5149724861717,0.2461258615607431,1.794341910773656,True
6.782595469124117,9928.258539831098,3307.8745659314986,0.2499124585330253,1.6950551089237662,True
7.39750903558452,9937.991937730127,3273.978437768402,0.2478039493518668,1.8331319543839635,True
7.397316218204972,10066.985312815586,3278.2396166605586,0.24564888445003097,1.8171424769261733,True
6.738003822506988,9911.309369580924,3279.9051647639917,0.2486431523211425,1.6753585107800455,True
6.7027703132027145,9953.527077423083,3287.323941509605,0.24827134878333432,1.66410582624373,True
8.10214321582184,10021.577062070814,3291.991987703504,0.2472659266193769,2.0033839498630854,True
7.343778143109364,10029.645674935942,3281.0313334856164,0.24649620236519407,1.8102134232889748,True
7.805222704960572,9947.294844893457,3310.193975921821,0.24968484006749167,1.9488457827792351,True
6.393590393710927,10032.097775337113,3299.1362568547443,0.2474741834767952,1.582248562168693,True
7.408812077564615,9999.225459071227,3268.2867507196324,0.24633757248836566,1.8250687822097524,True
7.403599555937712,10037.120506881483,3312.0393580812884,0.24810844963916573,1.8368956075729215,True
8.091797091225484,10048.754540250198,3295.502276999134,0.24696034572260578,1.9983530071662212,True
7.870654229803932,9948.585577782014,3273.391691464727,0.24757202533378828,1.948553808374507,True
7.722563869597855,10018.131184254842,3296.268190386318,0.2475716776728546,1.911888093132113,True
7.009979543874236,10053.081928160513,3270.436230249231,0.24546341224333051,1.7206934985953155,True
6.873055009242607,9956.937845071103,3316.958799764292,0.24988583899023004,1.717479117410592,True
7.929349273699135,9901.088960916048,3273.487110798459,0.24847001474503277,1.970205530954539,True
6.975673264112942,10092.02599398658,3314.027095802579,0.24720378724493772,1.724412849471976,True
8.322033974465235,9945.696376260656,3271.9940564462067,0.24754657957109774,2.060091045453337,True
7.409278388146229,10094.960230389797,3327.6209840249558,0.24791215123745075,1.8368501443224834,True
6.991823984812241,9902.369090037408,3286.7568359624825,0.24920202099846947,1.7423766674807826,True
7.80537579168926,9920.028144105465,3288.505960256362,0.2489682756824927,1.9432909519107462,True
6.619562072541443,10035.760498343956,3321.871968483897,0.24868718140983326,1.6462002339877657,True
6.8348683647825785,10073.100651464487,3274.1526906684194,0.24530535284986252,1.6766297959053533,True
7.57615710897303,10032.695407083555,3332.700930193339,0.24935294443145212,1.889137082597703,True
6.536222570588215,10049.90389718328,3315.8531020552014,0.24808569407958886,1.6215433130830519,True
7.863036194064343,9981.050326517252,3314.6134920174436,0.24930033861090392,1.960257585690034,True
6.0549796406157625,10087.159015783562,3286.4973972881803,0.24574411782224917,1.4879756302148,True
7.090392889474678,9989.09165160041,3283.9848339071186,0.24741700520544746,1.7542837744438242,True
8.286376390763312,9936.082148922762,3330.179392342378,0.25102621277167997,2.080097682973977,True
7.270516950251084,9996.777475394181,3291.441457698336,0.24769620927161612,1.8008794880222248,True
7.158954845853737,9932.869179293244,3307.048001373455,0.24977860180292513,1.7881537317676217,True
6.453260063592476,10067.248085866784,3329.104606041954,0.24850828300845645,1.6036885782104089,True
7.818997112556289,10093.98855179661,3270.5250532011305,0.24471710305851294,1.9134423222076524,True
6.213905072432926,10027.606144334894,3315.021579225982,0.24845342670935813,1.5438660084926228,True
7.66354359223847,9989.930534639361,3286.712100432072,0.2475559665777197,1.8971559413870844,True
8.083474578505681,10095.523245884246,3276.430212020367,0.24502255577950421,1.9806336008041125,True
7.565342527200392,9915.864972133184,3319.7151632827445,0.2508175032237393,1.8975203237047764,True
6.340813440951904,10023.29894737227,3313.514668929288,0.24844874977327314,1.5753671719500666,True
8.39320402150527,9958.080380950225,3268.5994147363267,0.24712168626039266,2.074142730921891,True
8.03355618824155,9958.096793419314,3326.639713630714,0.2504106657941851,2.011688153792562,True
6.9392238100781425,10080.679130012453,3280.3519207380896,0.24551637581545918,1.7036930808227277,True
6.736193464400797,9918.546991002777,3313.4103477526864,0.25040969094178855,1.6868081235446994,True
6.372762665562989,10070.923606472456,3312.1695407613383,0.24748908972855382,1.5771892311562965,True
7.0336408611013335,10023.436610135155,3270.3300663229984,0.24600477396029563,1.7303092301531326,True
7.801636758750386,10045.121580511593,3325.766302705413,0.24873189662145614,1.9405159077556533,True
7.3102652666034365,10056.689960838414,3284.28876653179,0.24618049647240495,1.7996447326774117,True
7.013244135101207,10052.411114249204,3289.5548246345297,0.2465569796612562,1.7291642915775727,True
7.195142391423107,9903.931787490535,3328.8270096827246,0.2515595621975531,1.8100068699354521,True
7.8418270126181815,9923.585471122853,3273.2903918329885,0.2480352490865846,1.9450495163686583,True
8.046520435225636,9963.198141333067,3285.9966541781337,0.2480148193829426,1.9956563124036428,True
6.499808697316762,10083.044457414044,3313.9717843591807,0.24736640790401435,1.6078343295185185,True
7.6365950820453445,9933.841624016206,3281.326251621503,0.24830000515321943,1.8961665982249092,True
6.582298628031239,9944.859198468934,3279.9470989989563,0.24801475539395665,1.6325071841611443,True
6.113996676571604,9941.66207106033,3274.935364635283,0.24778959793314742,1.5149847782522774,True
8.071541919626943,10069.215183351145,3328.9695796147407,0.24846422396087514,2.005489399227781,True
8.35031907182772,10075.959102374,3276.5736761022126,0.2453896747876873,2.049082081409227,True
7.456897119947039,9991.664284910059,3331.0925318051723,0.25003027358615887,1.8644500270041982,True
6.258660726432416,9943.666391250374,3315.8757328782403,0.2500746784343545,1.56513256859231,True
7.428807584047393,9972.39002995152,3278.817606236902,0.2474353807031599,1.8381498327292882,True
8.268470687409476,10027.02553939861,3276.0564918687705,0.24626297005226103,2.0362181492715177,True
8.206958282882063,10040.540997476417,3309.9232220840295,0.24792570263096111,2.0347158987465215,True
8.20230062044736,10096.924882320272,3328.7231796503042,0.2479376164402245,2.033658865159893,True
6.613345262630166,10033.004677530067,3269.3198052099374,0.2457705650957422,1.6253656023698655,True
7.170360068759104,10029.58344883713,3310.4879966758035,0.24816118940572238,1.7794050831305566,True
6.4269440185118345,9927.026165223277,3291.1968422913083,0.24898935661928662,1.6002406561974343,True
7.980713249902465,10030.056956745662,3308.434219393572,0.2480366164137002,1.9795091110737923,True
6.291080883360295,10074.016029905915,3319.2249479402917,0.24782836009824882,1.5591082585686244,True
8.29969479598121,10081.919228713923,3326.563720505726,0.24809396656609287,2.059104203222937,True
7.3897755728113435,9941.772340315285,3306.6148726306965,0.24958621902291306,1.8443861446458647,True
7.273063287710299,10090.988298036527,3272.3267087483155,0.24487387351767764,1.7809831796008364,True
6.861508598321834,9980.897738598798,3319.6433251814556,0.24958708892087378,1.7125439566606915,True
7.873326870255994,10059.349345756527,3324.4997296409633,0.24839638514395218,1.9557059336283356,True
6.682648151843972,9949.264180374317,3292.524311353505,0.24864649615951445,1.6616170480228587,True
8.360056897909253,10094.330668446544,3271.4935061638485,0.24476556502803248,2.0462540502832587,True
6.861442566151781,10066.050667477064,3330.477106354901,0.24860748714756298,1.7058059945783204,True
7.827554840431818,10038.685904680573,3317.3817968125995,0.24838012736650963,1.944209068234794,True
7.931444564172924,10081.652387922997,3311.072572497105,0.24722919213844913,1.9608846320913658,True
7.644000922515327,9955.482398677566,3331.550462530237,0.2507369777233618,1.9166336890260827,True
8.345848095360413,10060.078626140374,3312.9277684974104,0.2477324597575759,2.0675374774267152,True
6.990353337060514,10083.088852327577,3327.0943547014353,0.24810208058585825,1.734321206955011,True
8.269208843931784,9929.014858821789,3285.545289221818,0.24863069617252737,2.0559791516627794,True
6.12661902656436,10007.438738662484,3309.988367861203,0.2485456343320077,1.5227444122679863,True
7.796732183047289,10030.452161747722,3324.389072143516,0.2489276370959057,1.9408221193955641,True
7.48563752906141,9949.409405741306,3270.6286552492625,0.24739933729087893,1.8519417638895255,True
6.8268489639943635,10098.094260357171,3298.693403474787,0.24623017743129946,1.680976231701015,True
6.493078981353717,9985.03692652234,3330.627398789286,0.25012851912000567,1.6241042301352402,True
6.056086234502746,10017.673090907336,3321.836501029444,0.24902238557835488,1.50810104138411,True
7.09917822557817,10026.704170174222,3329.419269802908,0.24928036078473148,1.769685709347236,True
6.516154442770624,9960.892175125604,3286.5574196938364,0.24808982258585688,1.6165915996490072,True
6.445079093167287,10046.849675372208,3286.1868123076943,0.24646949817801986,1.5885154098105885,True
7.69561865324658,10005.61979206545,3307.549926149459,0.24844195605980382,1.9119145513028935,True
8.100547925191108,9960.935197846946,3293.864367831939,0.24850352142335347,2.01301468486863,True
7.616589488012113,9970.941414714167,3269.409441597265,0.24692770433940558,1.8807469571704796,True
8.197365958466003,10094.557643199467,3297.2937456729696,0.24621642295200186,2.0183261239220074,True
7.145950618867905,9975.289225383338,3290.8511065063194,0.24806394506438662,1.7726527017516676,True
7.534941139021829,10042.952429419749,3309.5392333647383,0.24785929974320442,1.8676052343242135,True
7.333616414623885,10046.8856379372,3307.9738323483757,0.2476981386220187,1.8165231352702187,True
6.685956754670698,9997.515005129822,3328.526521754012,0.249776088048283,1.6699921230416408,True
6.092579675743003,9926.20467546953,3269.46007467523,0.2477677431627204,1.5095447162979025,True
7.105092258155618,10025.915182839353,3311.1305297146596,0.24826566550626195,1.7639504579543939,True
7.624210471655989,9949.891235050609,3282.9939620875207,0.24809358754185612,1.8915177280873212,True
8.340224163191653,10082.935120771743,3288.5886989572246,0.24593971063380884,2.0511923173164557,True
7.292257252003866,10010.996461360244,3300.26193292552,0.24793012314615206,1.807970238502739,True
6.2132228159172564,10070.169683474453,3289.115438764384,0.2462044494648208,1.5297231027951719,True
7.14619279074241,9913.424507634989,3312.074113240742,0.2504309446611573,1.7896278113163737,True
7.6028399960134365,9924.033579587154,3285.8633969756575,0.24874254529051085,1.8911497720448796,True
7.354927784850874,9972.087901740784,3325.013621426207,0.2500555189138906,1.8391402838150772,True
6.292724417953116,9997.778900264608,3282.6930959659126,0.2471819598654069,1.5554479545225532,True
8.11402703968019,10044.214981183302,3279.3502340216833,0.24613158573196728,1.9971183419485454,True
6.243980157909727,9907.29283188974,3325.898202774455,0.25133002267271004,1.5692996746554033,True
6.375159107480154,10033.784674803359,3275.202389679165,0.24608953136784123,1.568859917155216,True
8.386446740055467,9916.455425183596,3311.111809801948,0.250319030777209,2.0992872196353685,True
6.305055286678996,10062.190932004787,3306.4018800251797,0.24732609680877218,1.5594047142178302,True
6.9715978221838775,9942.558669057344,3271.811883885422,0.24759498538179012,1.726132660871337,True
6.73412966672391,9968.413997797064,3316.267677173239,0.2496309477570265,1.6810471710229986,True
7.479503506503626,9947.946606943297,3290.7721009266406,0.2485717971309713,1.8591936282590078,True
7.735630375872373,10077.487793154125,3297.805708497648,0.24655950227113804,1.9072931752285887,True
7.257892086687836,9917.376026911656,3325.3920642463904,0.251110042957461,1.8225295936687984,True
6.940658371364836,10018.292468671088,3292.3959385367375,0.24734978671380237,1.716770367810459,True
7.422923368398614,9910.825869820985,3324.8895227655817,0.25120587925514626,1.8646819914021457,True
6.498473725229115,10031.582318344059,3324.758866837408,0.24892736871128646,1.6176479650607152,True
6.340176315716118,10013.341285490413,3307.3565669948516,0.24828703447978837,1.5741835755081452,True
8.337204586261603,9989.679458250184,3295.55520808745,0.24806149765933658,2.0681394559603428,True
6.454334222408741,10036.18749104593,3328.5869866443395,0.24905672686065358,1.6074953554978229,True
7.574309354040933,10025.103072721771,3304.3709074994276,0.24789957296158752,1.8776680543457052,True
6.172779717195179,10083.927655041354,3287.8655970683208,0.24588067846095304,1.5177672648539604,True
7.548082208728379,10098.253132108024,3271.101365789335,0.2446716007346347,1.8468013564861896,True
8.159902247195632,10040.371303884513,3311.7417373451062,0.2480312836716459,2.0239110290070808,True
7.805765912881425,10045.166948513986,3268.995868508399,0.2455277071066708,1.9165318068011852,True
6.421968846608166,9975.340139572192,3290.9080075207285,0.24806621819763539,1.5930735251611183,True
6.751083706357238,10049.023314959613,3283.4779959572975,0.24627621774683212,1.6626313608939256,True
7.757807450664902,9907.934579205192,3331.1938491612364,0.2516173075278696,1.9519986230559487,True
6.0524425931234305,10015.236724679597,3312.3643420679578,0.24853417546630555,1.50423882943908,True
6.275138491551861,9966.782311080562,3268.7655999306703,0.24696866513635155,1.5497625768043017,True
7.229001756980754,10062.81837002028,3272.22294627307,0.2453852874287627,1.7738906739597529,True
8.031250497598155,9979.966588794621,3317.5476688601634,0.24948630282162695,2.003686993680115,True
8.277739822335194,10065.81179144725,3311.2162674163733,0.24753003827500836,2.0489892550531916,True
8.31468720101368,10038.232237467379,3293.0638944092234,0.24701753391668674,2.0538735276830375,True
7.71664816778725,10099.156185285708,3313.86403925197,0.2470632254165704,1.9064999857383862,True
6.406842006320119,10080.711989065765,3292.614818340686,0.24620760905335545,1.5774132519586792,True
6.026652448554325,9911.788130093884,3308.5548450876977,0.2502624063005638,1.50824454371239,True
7.990016337404086,10073.536185185403,3311.735565245412,0.24741638623353474,1.9768609681474218,True
8.248018075805462,9950.853546854863,3299.7406402908045,0.24902586206223612,2.0539698116323613,True
6.902837103235324,10078.241391768388,3288.4997015845024,0.24602105169971694,1.698243243849782,True
6.817051508177514,10085.17754136036,3307.395100292602,0.24695741354473555,1.6835214084607575,True
7.829854363417196,10092.822726418124,3293.1281592142313,0.2460137637849,1.9262519418318866,True
8.004290594142544,10022.354505331508,3321.6390529368787,0.24892391010475867,1.992459312308704,True
6.088383294489604,10072.188883145838,3274.9205295740794,0.2453655265950731,1.4938793731650877,True
6.622932120335321,10054.57815962773,3304.569314368652,0.2473637873076112,1.6382735723673727,True
6.024846783823341,10044.174071116257,3312.0084907660853,0.24797568282859037,1.4940154951562294,True
7.414772280386067,9983.364984330065,3325.5969541510312,0.24987650949211218,1.8527774161017394,True
6.075110473662426,10067.495706610785,3280.9613204045722,0.2457933013354561,1.4932214592990942,True
7.528465378821445,9961.662259262332,3317.9378212703505,0.24985223961181657,1.881003935738561,True
7.262026018492633,10082.762661628354,3313.6175943827875,0.24735171225793784,1.7962745701358478,True
6.925082465463175,9983.916180882248,3319.4451862097535,0.2495192827296215,1.7279416096258504,True
7.133173790996625,9978.054178397515,3330.9829869912614,0.2502797870047092,1.7852892170782093,True
6.787781104909747,10055.113507628557,3308.631870918042,0.24758267814871215,1.6805370246407798,True
7.379809416480902,10018.76432146156,3288.940509434131,0.24714558605165313,1.823887323185681,True
6.472219233558542,10089.775456273104,3274.387442649653,0.2450125359451875,1.585774847607396,True
6.564310987395625,10054.230137056804,3292.7822501874803,0.24670556635838492,1.6194520598980064,True
6.937913240380367,10058.775948914405,3278.4998922496793,0.24581480740849176,1.705441807000925,True
6.836555283271864,10028.976738154028,3315.5041364242397,0.24845508548334752,1.6985769273169422,True
7.664339335106359,10096.684290402964,3281.3776700474177,0.2452804957659912,1.879912951833675,True
8.249419468624819,10016.138531238414,3294.5983532761925,0.2475143473919201,2.0418496761388725,True
7.495071052028604,9900.518978750366,3298.9740412554165,0.24993187513000187,1.8732571622661047,True
6.967882352229487,9990.582550072912,3318.30024791021,0.24932973700941133,1.7373002743938963,True
6.518782694622239,9903.227878969145,3311.8825455189635,0.25061330848828306,1.6336936984154442,True
8.209573084266703,9950.295235233381,3319.0913904636213,0.25013148565857535,2.053472712190283,True
7.700942529560838,9948.201227899142,3300.856136776185,0.24913894218444071,1.9186046756379582,True
7.804094471093844,9985.280650586063,3302.226112768177,0.24852112375780103,1.939482327868284,True
8.245408987071993,9919.77901913341,3289.0761747510987,0.24900539270609076,2.0531513028481916,True
8.176657295235678,10076.98840401745,3315.86712169961,0.24758477498188924,2.0244158565449486,True
6.151214103434719,10007.60715110864,3285.3561745933835,0.24715002171420483,1.5202726992326139,True
7.367815882620149,9961.56633618501,3311.461743799587,0.24948803873874048,1.838181934343043,True
7.137398355839434,10009.93547388797,3277.265123825957,0.24664827626594368,1.760427001491177,True
7.34798138051614,10018.51071900282,3332.010607185666,0.24957906330216245,1.8339023101109488,True
7.301158171403218,10002.515758484335,3314.030758203988,0.24886563149468507,1.817007338968842,True
8.210862915838211,10025.624228110957,3289.8874000969518,0.2470717980620116,2.0286726642568382,True
8.079297600370946,10046.87225027776,3313.756060992499,0.24802396891748008,2.003859456909475,True
8.156953731529713,10005.980966119867,3277.2823662355286,0.24672268284049736,2.012505508448817,True
7.188899096682421,10088.996674516009,3325.146030990094,0.24788360344677274,1.7820102129008881,True
7.8337222117027,9940.824875317767,3276.717441408219,0.24790671086119656,1.9420323073035144,True
6.899907838437867,10046.350400895288,3299.0747216754057,0.24720641653414138,1.7057014911560586,True
8.239055394147394,10037.55349026776,3274.0585854261617,0.24595507792811702,2.0264375115215953,True
7.8505010459678015,10027.095375723853,3307.86064480454,0.2480593591544119,1.9473902585038132,True
7.542301912988676,9965.177291560285,3294.3378872236813,0.2484508553144404,1.8738913613217765,True
7.901882706580961,10019.687612704942,3295.5710241907104,0.24750334289856848,1.9557423850711761,True
7.1481568079732325,10053.62010160287,3275.8150937928654,0.245757981922925,1.756716591596119,True
7.0132687255879205,9958.43565389001,3307.4843543355864,0.24932189793732853,1.7485614694080898,True
6.667821976159926,10034.866820132704,3329.003856902652,0.24910476443200352,1.6609862226458547,True
6.767312894272812,10008.522308424637,3328.531281549949,0.24957021122356393,1.6889197084396135,True
6.792706573950586,9901.674798483707,3308.71894151536,0.2504633099236899,1.7013237718520715,True
6.860334281672562,9946.091881923834,3330.2053691273336,0.25083841572345483,1.720835382548051,True
6.656168655078995,10079.92397366797,3299.8402931175583,0.24662918025463393,1.6416054190387217,True
7.12548868806371,10062.364030724773,3273.6171380720302,0.24547253753863707,1.7491117894618529,True
6.487022165018449,10017.28949508746,3298.7731470622066,0.24772886969009272,1.6070226685945985,True
8.220993890870886,10031.770161816261,3307.0256360623475,0.2479253514465147,2.0381927996338147,True
6.7823077168028325,9940.898207643102,3293.4828536884406,0.24885809456638655,1.6878321751664525,True
6.777698193163053,9928.18829174106,3277.268353749896,0.24817531432121503,1.6820573794625717,True
7.255280253780111,10025.42613829232,3292.6386722662023,0.24723101434795602,1.7937302965207527,True
6.242346719373146,10028.806162993462,3306.16265594124,0.24793178753044592,1.5476761805189991,True
7.480686120971461,9943.960272996177,3280.997289637499,0.24809132839168876,1.8558933570330791,True
6.123644223501392,9915.366732571141,3278.8114185155173,0.24850440709302365,1.5217525770098328,True
7.238314294116869,10069.367718735884,3306.7608075778894,0.2472135940584577,1.7894096915733395,True
7.502458801021846,10004.356812863309,3321.79439007741,0.24926885035976332,1.8701292802022038,True
6.446565759179283,10056.222485675,3304.563595329343,0.2473330218217921,1.5944485895907072,True
7.765615125284932,10025.902576112177,3312.9140550072516,0.2483664140999008,1.9287179819469704,True
7.867621903039767,9921.068316728984,3326.1357875103463,0.2510820971231149,1.975419006786977,True
8.031186510634324,10063.304813500577,3286.8888627309148,0.24620533173109302,1.9773209390450033,True
6.2256060019057395,9981.814148989795,3311.3713287548567,0.24910292076332863,1.5508166385964286,True
8.239980536184904,9962.875899762548,3322.2680325266624,0.25007392087427616,2.0606042406114793,True
6.664004863098023,9919.559924743957,3296.0206076683776,0.24940414835236385,1.6620304574969733,True
7.464200241269014,10080.107791427921,3300.8537764310777,0.2466828530738562,1.841290211430806,True
6.746355248642326,10093.107471892003,3282.7454949819476,0.24542326407981988,1.6557125257638243,True
7.2833315109307595,10073.542083142382,3269.069937271388,0.24500974264033276,1.7844871790573713,True
6.85672147470097,10093.921100758249,3330.3928845864953,0.24808663505801998,1.7010609581886282,True
7.050458442685921,9920.695231622434,3301.762252160059,0.24970866846875558,1.7605605898173973,True
6.862107337975212,9925.69440563839,3310.2224090962363,0.2500939266565347,1.716171369292841,True
8.339543102912398,9996.291421818009,3326.618264854248,0.24969157211821927,2.082313628113849,True
6.161264056651422,9979.104339629237,3320.515763187085,0.24966997083502662,1.5382826173310584,True
6.130653485636669,9929.615549459917,3305.4954560697233,0.24975200092305114,1.531142975003636,True
6.861974776722752,9936.622567851122,3289.0394614803536,0.2486861870646642,1.7064783429570816,True
8.276684248037771,9996.44840459044,3309.3581885351973,0.24871533832792647,2.058538322984134,True
8.218191438916103,9981.165139330784,3282.185710201654,0.24746278277916156,2.0336965228860606,True
8.1201918792262,10002.647299295018,3282.081476833481,0.24705671693735257,2.0061479465829763,True
6.5989610685570055,10047.62097232655,3279.746282334462,0.24609108608359456,1.6239454963845512,True
8.043370233317827,9982.746803840495,3306.1026816912154,0.24878772878650993,2.0010918121361625,True
7.879949814461817,10015.838543625629,3294.7079041813504,0.2475261190140079,1.9504933955988852,True
6.758774700445672,9900.464449833084,3271.8753666963757,0.24838983903153072,1.6788109598940828,True
6.91018986021382,9964.89709983804,3296.1311256397,0.24855773395512504,1.7175811328544293,True
8.383668953817523,9983.60084910723,3273.3752880191855,0.24691718942240798,2.070071975124522,True
8.034684659212697,9929.412955353959,3321.293927220363,0.2506503205189841,2.013896285100627,True
6.915412948261891,9901.406848434426,3322.414611002304,0.2512446663919056,1.7374606191483233,True
7.220686164107592,9990.651407420335,3267.2014393934382,0.24643518653766297,1.7794311417817765,True
7.953482764482685,10069.090134369451,3307.975875941386,0.24728710117686858,1.9667936970891102,True
6.636973137318165,9924.207150948923,3324.5691337564294,0.25093405325247864,1.6654425706750666,True
6.592625980572951,10059.967615699321,3323.7866230135273,0.24834486376022882,1.6372448009675344,True
6.318752330922972,10078.901188155989,3321.050005307897,0.24784045533895754,1.5660424548700487,True
6.396955713699146,9991.016722664337,3310.7662918738906,0.24889642901672485,1.5921794337178519,True
6.541747636950364,10069.387889850672,3298.292256279439,0.24673632374681564,1.6140867628205513,True
8.336242860192579,9991.368937172245,3302.0454589495034,0.24839709051068548,2.0706984722623116,True
8.281376574875422,10068.385795843362,3285.734417140697,0.24604649087597813,2.0376036458706244,True
8.227792593993165,10075.14257466976,3312.9683319997894,0.2474559969733571,2.0360166192365825,True
7.338248724967369,9988.59169523081,3284.9517848938176,0.24748114848251315,1.8160782223052623,True
8.35464576166893,10012.341893689098,3296.0332967903255,0.24766609369025377,2.0691624799583788,True
6.778674725603967,9957.083889244164,3293.250733140375,0.24854094836042104,1.6847782449284268,True
7.927368829434483,10014.676229097215,3296.8519898738787,0.24766893294605563,1.9633629790558607,True
7.029148934352663,10058.851917257693,3302.4841312988356,0.24716720837626222,1.737375119364926,True
7.187467884741518,9963.509862534382,3292.7655635007995,0.2483929654202751,1.7853164617539379,True
6.314465390320065,10040.000042209838,3327.842750734326,0.2489438873780617,1.5719475609805067,True
6.946585974616404,10054.908672135512,3268.8962227546203,0.24534254655802476,1.7042930928966469,True
6.072909052315939,9924.654397370723,3297.3063762121924,0.24938104360437313,1.5144683971809936,True
6.387705597104049,10022.770164804777,3303.2298575039035,0.24787857211271647,1.5833753424865586,True
6.7298476148848065,10092.360060004872,3278.4981750734096,0.24519728782048636,1.6501403826149235,True
8.312110188359664,9991.084803374946,3314.1856707406946,0.24908818480527567,2.070448438719947,True
7.191468027392684,10007.452179348002,3315.724293215972,0.24886890149987473,1.7897327481486882,True
8.31030323988676,10001.395057170555,3320.6092693030914,0.24925748317798824,2.071405270020055,True
6.931125246944735,10070.152847123843,3279.917062842883,0.24568538479294436,1.7028761733437086,True
6.3758944969643405,10060.43913446396,3319.9530326568524,0.24812075693976005,1.5819917687548428,True
7.207893323620024,9925.332659177475,3278.3842324089082,0.24829252697003418,1.7896660474520543,True
6.084380788771772,10048.539385023729,3318.0362510246237,0.2482338290202169,1.5103491404138645,True
8.169597332030426,10045.341395149164,3312.7067121829555,0.24799332099759686,2.0260055735833324,True
6.1601809336611195,9984.905582514637,3292.007820014288,0.2479497847283723,1.5274155363890982,True
6.284402796568578,9989.879982195622,3305.3105133119466,0.2486094888545454,1.56236216701099,True
6.1426920269068015,9913.683946514686,3268.3221740743134,0.24793814721186594,1.5230076800443737,True
6.490486715329913,10064.555279082531,3284.455903772291,0.24604488368327795,1.5969510489212093,True
7.330637917760447,10075.914851589401,3309.976425334406,0.24727351782996607,1.812672625862363,True
7.373386586226566,10086.109350566803,3298.228741129589,0.24642449395206187,1.8169830582238025,True
6.795209760204949,9975.748393768758,3318.2538660720124,0.24960533338375987,1.6961205976085352,True
7.044522698301693,9923.688200929388,3291.704497310191,0.24908109599714573,1.7546574344697559,True
6.024030853027644,10016.460077484444,3291.604480683257,0.24733908272657612,1.4899782655044513,True
8.094134387398434,9937.984752331962,3304.4950785895962,0.24953748246408564,2.019789917757389,True
8.003984669045611,9930.367693851464,3321.173850661226,0.2506254717238151,2.00600243334974,True
8.140960516237842,10029.200565036503,3326.706237857802,0.24908127070315325,2.02776079012872,True
7.024523062258147,10001.067087569874,3300.2486681307064,0.24811445188919076,1.74288568937516,True
7.814268319115336,9959.622983757217,3319.641992059563,0.24998687789610724,1.9534645401381048,True
6.032140377883081,10074.951423291062,3283.1985293892694,0.24578242803229583,1.4825941083077543,True
7.288103054723212,10051.219210997837,3329.5988482743624,0.24883372851535984,1.8135258569109605,True
6.696282901822999,10035.037270552039,3306.3768396698283,0.24782806472790336,1.6595268324293426,True
7.335492678045828,9954.430323309834,3303.0626573502827,0.24914685319228558,1.8276149173501697,True
8.010274086434992,9987.036082873547,3268.969252443922,0.24660289202920976,1.975356755661505,True
8.190009337509457,9910.157378856056,3276.477570591166,0.24846957416748042,2.0349681325186633,True
7.161548433857842,10022.613252987276,3323.641330052017,0.24903176463273616,1.7834530439864262,True
7.47575199212156,10017.705380758707,3306.8431798118836,0.2481767517135512,1.855307846020838,True
7.587559629308497,9943.66224656867,3312.946953190739,0.24990907578771085,1.8962000144446323,True
7.451272825020524,9989.415577361638,3305.1828646682884,0.24861095873487898,1.8524680808235028,True
6.147198553736309,9976.00378339304,3328.069265157987,0.2501541635417023,1.5377473123346683,True
6.02335461823771,10026.414805723507,3321.0559551616893,0.24881537593579556,1.4987032437314263,True
6.837760095578286,9985.820913729103,3292.9856769129337,0.24798807441277115,1.695682959398945,True
6.288127497469364,10002.603850768079,3294.968924336742,0.24778724509073188,1.5581177893772118,True
6.93262923417282,9920.360594231697,3307.9826088239465,0.2500677944354988,1.7336273022286584,True
7.780113389003362,9980.588007641332,3328.9615487240862,0.2501182729457571,1.9459485241796823,True
8.061488219678026,10061.615376549082,3302.668688584572,0.24712649570215062,1.9922073338731994,True
7.053215938656332,9923.537242281238,3285.86418257723,0.2487519363590267,1.7545011222991127,True
7.252487434257311,10005.616824102328,3311.5388681160966,0.24866712867606697,1.8034552260360217,True
7.504691132689928,9925.752023414447,3277.2183239807277,0.2482182598120652,1.8628013733833302,True
7.454093688675916,10017.550320825394,3328.099617153006,0.24937711034080567,1.858880344291637,True
7.1585333014962815,9917.870820821445,3280.19738555405,0.24853617470847053,1.7791544832770843,True
7.328706981397463,10099.202229087636,3302.799711076713,0.24644077249224833,1.8060922098649241,True
7.35523343504035,9950.007991777644,3284.5598987429903,0.24818036568429128,1.8254245236016398,True
7.116732598833843,9983.867218083788,3323.1156718330917,0.249727207085471,1.7772417554809012,True
8.179307650214291,10015.437767820154,3315.275312125654,0.24869452160912695,2.034149003163915,True
8.371227002966132,9958.38769108949,3292.5836123843555,0.2484786614488539,2.0800712803815253,True
8.044384231145354,9904.745792520705,3276.4885673181093,0.2485722109077329,1.9996103737271038,True
6.4333865830419255,10053.854374502029,3281.324125247039,0.24606525704239987,1.583032923209338,True
6.646215131715879,10071.844696355814,3317.070745390643,0.2477475311441628,1.6465833903355858,True
6.677571890834994,10097.148743059272,3328.012979123885,0.2478936975205908,1.6553279864786494,True
6.984510580905788,10050.82012605179,3267.2657410302313,0.2453254749697815,1.7134783756921768,True
7.8629458340408585,10099.378618909219,3289.383721493674,0.24568243410874452,1.9317876717723703,True
8.059551493699646,9985.323988294776,3321.3749381286816,0.249601719892628,2.0116779143906305,True
6.766423412678598,9911.640138905937,3309.330695275665,0.25030920473099416,1.6936980633007592,True
7.276404955247938,9959.286118175749,3303.846273794394,0.2490999996195945,1.812552471584277,True
7.062476810489519,10030.981964944347,3278.317157630273,0.24631779084968813,1.73961368588693,True
7.8003127954348415,10056.908357919105,3307.329985501381,0.24747612999057697,1.9303912233301936,True
7.158114185098295,10032.31046021704,3280.086644745121,0.24639338947622566,1.76371201632422,True
6.831859892778989,9923.615985399238,3306.424093830757,0.2499179196759618,1.7074042119209645,True
8.351726016913537,10084.418751592355,3269.6752235289455,0.24484440723723794,2.044873406019013,True
6.082467756470253,10003.921659271624,3321.0663880723996,0.24923597501720568,1.515969781794579,True
8.218252911412538,9985.235571404837,3317.3472730552853,0.24937617843416016,2.0494365044534693,True
7.8849445633208575,10097.871739483253,3330.0859784634113,0.2479964599540481,1.9554383386374903,True
7.249892597547779,9990.294740735619,3277.814685993785,0.24704459245643773,1.791046762114136,True
6.631751580633924,9951.928564374703,3271.8194269335704,0.24741997723217934,1.6408278250899146,True
7.07424274787115,10089.154799412685,3267.4653546458117,0.24463264785238134,1.7305907349622256,True
7.6577753952905985,10073.853411132306,3312.8237149299016,0.24747169769862026,1.8950826776672873,True
7.064883769541808,9920.563320520865,3328.34823159786,0.2512167296539617,1.7748169959696463,True
6.631039341240985,10007.349177533657,3268.5921684764376,0.24620417364669728,1.6325895614289767,True
8.004903889210972,9973.702903214624,3279.3316984612193,0.24744006161777835,1.9807339115907565,True
6.067273915509738,10000.289476730297,3278.760057440677,0.24691225445039908,1.4980842808466097,True
7.5465415662444855,9906.155959895032,3306.2274857952634,0.25023702191096425,1.8884240872643239,True
7.771557674654266,10057.865264614918,3295.9287705178376,0.24681590579025817,1.9181440468710251,True
8.286504142345196,10003.802965557381,3317.746858424654,0.24905111659394924,2.0637631093114566,True
7.430073146657302,10040.780318591063,3325.572509248031,0.24880178999327435,1.848615498669297,True
7.491674715718451,9939.563870740301,3273.9768900080753,0.24777438154454576,1.8562450694200499,True
6.7456378225089395,10010.74300747,3309.3042285772767,0.24844538235731606,1.6759225680572063,True
7.788365661784567,10078.580147770517,3311.990475139901,0.24733751595867728,1.9263550161636547,True
7.300595777806302,10094.921262416843,3328.0864049681986,0.24793894836659575,1.8101020395989038,True
6.228040980488853,9945.428854599428,3273.4873007583255,0.24763658852859502,1.5422908216245454,True
8.050646211027294,9929.423904526899,3296.6126163413364,0.24925174001598233,2.006637576351628,True
7.598397328071051,9977.716278071737,3288.0648326149444,0.2478606276690437,1.8833435310144753,True
7.114612722953131,9975.907124332138,3320.4785813011463,0.2497279076293912,1.776717348896531,True
6.329483945019204,10096.823129042345,3297.5854972805773,0.24619119733290096,1.5582632309236513,True
7.060610229596123,9927.400812552329,3290.7596002559944,0.2489574568233615,1.7577915663812613,True
7.819511182666488,9926.432655817687,3324.6972881279444,0.250899153671569,1.9619087378563913,True
7.416706343526985,10018.770163632005,3267.4474114936174,0.2459275857118969,1.823972684997702,True
7.291621964726195,9959.902124187734,3319.202693814072,0.24995681104304546,1.8225905736343855,True
6.478586459673379,9950.84724501339,3288.3684446620186,0.24838091030018114,1.6091572023121017,True
6.092504306676773,10012.644299380407,3317.665152826506,0.24888133052884578,1.5163105780984383,True
8.263730138118655,10012.780814402868,3271.734964285631,0.2462818381031446,2.0352066480042152,True
8.288788660868853,9918.706329980278,3318.5829233040836,0.25069958507408874,2.077995878046633,True
8.204538818383252,9991.1545781548,3323.1790190779243,0.24959409307339422,2.0478044254598253,True
6.528625787592391,10013.897487190732,3278.5906270267574,0.24664988216314562,1.610284781196937,True
6.594436453309488,10078.116668087936,3291.012694796946,0.2461650721948575,1.6233199256133302,True
6.68261534031901,9972.739896369429,3308.084059394776,0.24908726073121285,1.6645543496404438,True
7.36079789685463,10062.845060124933,3275.4068496659174,0.2455649264849787,1.8075537944118931,True
7.148303322751844,10029.199607600669,3291.960627235487,0.2471226656839307,1.766507772235735,True
6.8119043053639325,9996.018726254903,3298.830485287253,0.24812846184244913,1.6902273375079095,True
7.799885021282581,9997.913874395645,3270.8564291633716,0.24650787935382723,1.9227331158000505,True
6.60906403334549,9991.68381286346,3321.3348564503244,0.24948022225086547,1.648830763909234,True
6.837667396205167,9912.34848720989,3284.902739030007,0.24890810083986914,1.7019508057641213,True
7.38873793938149,9900.523873953769,3308.3082824949765,0.2504618306380562,1.8505968304023472,True
6.397954223650868,10019.066980187581,3315.6026033002563,0.24864527632585118,1.5908210958598168,True
7.245544485993402,10074.888649220462,3319.464888646086,0.24782568858301243,1.7956320514001636,True
7.383772621135199,9988.979486184315,3279.7793412288383,0.24718056782016717,1.8251251091472025,True
7.495167813598884,10097.006750368893,3305.5539088553387,0.24663599687424737,1.8485781854467338,True
7.1510719233901066,10050.347436515774,3314.752447400172,0.24801553869337462,1.7735769553146639,True
7.718421233092869,10002.577653622724,3312.3048073544855,0.2487671083137288,1.9200893309037979,True
6.512494650772488,10039.010898174407,3317.537519835673,0.24838284682607656,1.6175919612984657,True
7.151950282890883,10017.223733106377,3276.166035635971,0.24645076181693273,1.7626035956952857,True
7.582867494599428,10035.19879342855,3316.6083585319984,0.24840145762927646,1.8835953386681576,True
8.034228475887385,10052.976767661834,3316.4391438686903,0.24806163304474727,1.9929838359832357,True
6.292279559591512,9946.280385816046,3332.2889627946947,0.25095240875052044,1.579062712011154,True
7.3150422297032165,9938.368841372443,3316.9476774341047,0.2502352676926306,1.830481550532682,True
7.61690778446248,9935.09742321846,3302.893335292914,0.24950110598689734,1.9004269164235967,True
6.000358605862894,9995.728835625632,3320.0859248922843,0.24933404261048386,1.4960936683124024,True
6.484438645854902,10023.344768570243,3295.5308145301838,0.247433110548138,1.6044648243024342,True
7.709190790458415,10095.91297274887,3324.5082047426095,0.24772010958332832,1.909721587411144,True
6.060753544757338,9970.812287207867,3282.789176165996,0.2476903493165942,1.5011901626227315,True
8.328059973237774,9906.408095827595,3323.261150844703,0.25119759903903977,2.091988669930459,True
6.279757309295182,9984.283377372192,3299.9275276477865,0.24840975133876975,1.559952951669838,True
7.816951859413409,9950.077495095446,3269.8456833663386,0.24734226055818914,1.9334625435818527,True
6.300034557923953,9946.965440085782,3275.4788980665858,0.2477211334227695,1.5606517012915384,True
6.166759909146131,10085.430117806027,3297.986572636609,0.24642336474450258,1.5196337263832926,True
8.33408464299619,9921.663780071829,3299.9008195379392,0.24958474427718905,2.0800603844066528,True
6.293941639280231,10073.942896570506,3286.626507406757,0.24599449379967084,1.5482749875594108,True
8.018770560184137,10090.825470295134,3268.030189982925,0.24463399209411793,1.9616638538246318,True
8.030806837211108,10038.42604532073,3327.5123836268344,0.248954639535089,1.9993066213338195,True
6.501107661375548,9939.111264843534,3314.586194298427,0.25008766078420896,1.6258468075397101,True
7.12665799886849,10075.802451693058,3324.952496361192,0.2481168045568929,1.7682436098490706,True
6.394208923920846,9959.430972282102,3302.4108543634948,0.24901600377470307,1.5922603535353135,True
7.896218267123084,9916.845315036444,3287.6408697933953,0.24897908360648277,1.9659931881050747,True
6.441926841720165,10086.17264362036,3273.148727416207,0.2450086075863477,1.5783275256629763,True
8.358899871998592,9933.989382608077,3276.2713038355673,0.2480095875168969,2.073087309349413,True
6.556086957481195,9994.765308972646,3329.204121025566,0.24986578800834225,1.6381418338822538,True
7.555573708241485,10038.789931708234,3301.743582796537,0.24749711690365667,1.8699827093428374,True
7.01658818227348,10086.268138269801,3319.3871482401087,0.24761095800966948,1.7373841217720618,True
6.688187071772702,10000.826187450706,3297.8231865050425,0.24798181332335473,1.6585487579040126,True
7.851711775010274,10026.88945341532,3291.7046772183426,0.24715106151085423,1.9405588998710626,True
8.04753417675626,9953.442908543744,3324.6440595017316,0.25038577225037684,2.0149880595584166,True
7.779399133663283,9958.617109823352,3271.037984626796,0.24725043557628343,1.9234598243200087,True
7.328104126328892,9922.347464122404,3297.8901439759707,0.249457705809748,1.828052043288953,True
6.521897101103983,9974.22489052479,3321.8755112636695,0.24983832935082556,1.6294198759378113,True
7.596088290536901,9907.059477636207,3299.48357403716,0.24983703616663644,1.8977841849678314,True
7.852340703933839,10010.121301460573,3329.2314587640844,0.2495796849072919,1.9597847186725104,True
8.170910615715213,10033.43087528338,3271.154858423057,0.2458667202343449,2.008954994413891,True
7.027847929625514,10001.229805573752,3320.9627487007187,0.24928049457108145,1.751905407667399,True
8.100000664465345,9937.48634838443,3315.2971635874205,0.2501585542835254,2.026284455918246,True
7.924854419348163,10062.392002796594,3329.2952246780605,0.24860909369564813,1.9701908748640986,True
7.053135526021962,9933.981328891332,3327.2754231691647,0.25090196844670715,1.7696455872003116,True
8.311107169416875,10090.290579192535,3314.286012602378,0.24725033199713956,2.0549240069021293,True
6.1556233758207,9932.010029232228,3305.690231050364,0.2497178638323237,1.5371691199662623,True
7.016608608519822,9921.049025559621,3288.323150257015,0.2489386404205636,1.746705007368147,True
6.202581474117158,9942.588914932343,3292.4920826427497,0.24877007426293757,1.5430166539380463,True
8.143759675058295,10055.04938794165,3317.429985678412,0.2480789009271323,2.0202949496031617,True
6.936764525231728,9950.058984038864,3294.7525063046373,0.24875797656363538,1.7255755071950514,True
8.18505002688103,9941.516626403161,3299.551370001411,0.24919072773414944,2.039638572738903,True
7.424766722710672,9931.932514980488,3298.3830896405,0.24930494390386765,1.8510310513046873,True
6.249447998712369,10092.393601473783,3281.6849335354977,0.24537652631132995,1.533467841287334,True
6.814095481000652,9939.871455153938,3324.3889508461966,0.25062753965101575,1.707799985350298,True
6.13635508384251,9992.369902893823,3329.1809409279813,0.2499094121967016,1.533532892033323,True
6.559983933034755,10030.105834015985,3320.308431371363,0.2487045244715504,1.6314976846064198,True
6.5074452223275445,9951.509542864102,3273.5900923896993,0.24752857692378938,1.6107786552922492,True
7.7041650018020675,9906.643006698128,3317.8232156807876,0.25088522741781805,1.9328611885415063,True
7.159871813752518,10091.6036230758,3327.9049190812375,0.24799007419882113,1.775577142346535,True
8.002179256213545,9934.26963611062,3327.077579179906,0.2508853380555286,2.0076294478760737,True
6.074922478141932,10067.979142447564,3296.024487366696,0.24663451003660838,1.4982855289069144,True
6.541991887068053,9976.104219904037,3316.2847480023734,0.2494874891194745,1.6321451297445813,True
7.78449770721808,10075.859894608777,3280.7647961921593,0.2456282835027707,1.912092809755231,True
6.569912456833809,10006.360549248157,3326.443465314112,0.24949316450470024,1.639148249374317,True
7.570745153366402,9913.185582464346,3277.3137936881108,0.24846017578479823,1.8810286716273255,True
7.056669323787402,10071.02861215131,3323.25241205085,0.24810980194054888,1.7508288282848392,True
7.679335099199411,10032.591604609728,3283.6457651616274,0.24658960890977336,1.8936442387986785,True
6.948463459809411,10099.365211944978,3286.5783504634187,0.24552459340207305,1.7060186657388674,True
7.52843737604678,9935.756781239226,3291.728587623505,0.2488552053417633,1.873490829118727,True
7.520357777182248,9975.866251979183,3279.133975593955,0.2473884510973209,1.8604496621948075,True
8.039864859363071,9989.736466431483,3319.551115488068,0.2494161385465608,2.0052720476585253,True
8.132577772425504,9946.473485890663,3319.1059323565983,0.25020436934635915,2.0348064927099414,True
6.400604306686097,10026.630870502846,3327.411329065381,0.2491688493520685,1.5948312102548692,True
7.252238619740787,10031.165482832708,3317.7326403477127,0.24853981277948742,1.8024700287825435,True
7.421895559716998,9905.848346280203,3308.650017405394,0.2503802964248575,1.8582964102762756,True
7.821896518987419,10041.249854784566,3290.4463117384576,0.24681377902993595,1.9305518390323861,True
7.6884456371230225,9915.352245925633,3274.596276870145,0.2482645228835247,1.9087682878162644,True
7.82616021057199,10086.992699276623,3274.7576388992925,0.24508448040246403,1.9180704087544747,True
7.727987949664936,9908.665294892979,3302.180806974614,0.24995982706268838,1.9316865314407872,True
8.274202941904226,10055.089191439843,3283.2966397057985,0.24615397104791908,2.0367279114061,True
6.0092751643059374,10003.227458911326,3287.537429910862,0.24735502113017965,1.486424385243959,True
6.238445477987384,9929.062434426676,3284.098530813388,0.2485475307122107,1.5505502190365212,True
8.136030350924614,9971.816770937088,3315.1974904210497,0.2495065802753331,2.0299931098755186,True
6.428525632863259,9946.950445273951,3325.820195649186,0.250574675448311,1.6108257240658594,True
7.593052472260652,10013.67763415245,3299.822156150454,0.2478553504431593,1.8819786814454609,True
7.639104979264676,10058.110401079633,3279.1176897204073,0.24586200876195013,1.8781656953454287,True
7.492490469135091,10093.266665809795,3312.0648192813183,0.247070713839853,1.8511749686475019,True
7.077869381634195,10025.351874213127,3322.643455247606,0.24892452935716175,1.7618553046747574,True
7.846954805436737,10006.043516032352,3296.428916289931,0.24780573183375174,1.9445203782276257,True
6.466321559058235,9951.227354209226,3270.597495532649,0.24736354721840834,1.5995322383035135,True
6.989127466929304,9952.613443616712,3308.4154368341055,0.2494840684429332,1.7436759553157748,True
6.643762601320929,10073.7371006737,3323.754262299664,0.24808780780299816,1.6482364993252536,True
8.03944640676293,10036.07538515954,3299.2949142407397,0.24740932123865478,1.9890339786317588,True
8.236550630226832,10082.538738399493,3329.6066629638167,0.248253099211508,2.0447492207663105,True
7.679259757224557,10073.193629619622,3306.055642774338,0.2471032249616486,1.8975698513283947,True
7.515716970437991,10062.807193995632,3316.8610757106308,0.24790308764385002,1.86316944282886,True
6.807147042182866,9909.47390762089,3320.669395321705,0.2509927004783943,1.7085442186709916,True
6.114853400301765,9962.986292803973,3318.1185680523176,0.24983754008537992,1.527719931514114,True
6.23199252090439,9963.25895279114,3332.286179310111,0.25063178276643333,1.5619353957013462,True
6.82418612141588,10075.472124866816,3296.7925377535257,0.24653958180838964,1.6824319925564877,True
6.600206394051363,9907.4822495471,3271.7173842227544,0.24824856403566697,1.6384917596622783,True
6.180105169232795,10026.343189164685,3305.385444964084,0.2479337478038977,1.5322566364301284,True
6.892406233107547,9983.441261340171,3280.478367591359,0.24732345033484018,1.7046536906815173,True
6.278749400789151,10011.965723382154,3279.198744116443,0.24672019913192672,1.5490943024621648,True
7.66841761865922,10054.246860946607,3282.6509688405176,0.24613302214169494,1.8874508035252133,True
7.208501713587977,9990.499868442459,3315.4118847275076,0.24916833556615556,1.7961303739004966,True
7.706199303059414,10011.950095922413,3303.4895801170965,0.2480946675806407,1.9118669544026903,True
7.958279684278043,9985.403382163275,3309.5662444570003,0.2489337198507258,1.9810841654197928,True
7.739850156183568,10039.38365939062,3316.9945583170315,0.24834536011562014,1.9221558742783469,True
6.726135133485785,9994.530311621176,3271.3325758925484,0.24659779794434905,1.658650112593715,True
8.38132822309673,9936.689811295331,3325.6090225545304,0.2507566044331963,2.101673405863851,True
8.058641954903102,10087.799963822768,3308.1242839194756,0.24695005904329656,1.990082106572108,True
6.872102775064775,10050.28020706808,3272.880834285749,0.2456534769884592,1.6881559409167013,True
7.842422331292125,10084.630985753452,3278.4148993558742,0.24533440411284294,1.9240160094488061,True
6.240971511147097,10083.078099165323,3317.0673279113216,0.24753965141369128,1.5448879123521304,True
6.212246172312045,10044.674990453568,3303.3973568183555,0.2474812295644699,1.5374143210809568,True
6.508293662967466,10078.428315705403,3328.621418897166,0.24827396666592869,1.6158398839316594,True
6.508880985414606,10017.830858686608,3297.026242234141,0.24762009965590584,1.6117297582567955,True
7.266860541196105,9911.4846497394,3301.2551115775314,0.24985394181777867,1.8156537508579234,True
7.615382829094969,10037.596951020847,3329.6372080146425,0.24908946521027292,1.896911636270761,True
7.894695782129527,9917.050537223495,3291.9800016959794,0.24922192374348692,1.9675312701919128,True
6.754169053408691,9967.036377064478,3274.421405932764,0.24728556776711555,1.6702085291672495,True
7.021733538761347,9902.327646982185,3323.2870421218645,0.25127656598522874,1.7643970908832594,True
8.089297071059882,10063.719692546116,3302.850148774913,0.24709781103036454,1.998847599033236,True
7.785222403880876,9965.908056616157,3286.399525495593,0.24798696416702898,1.9306336693035582,True
7.867161119072494,9906.789673573234,3304.6576982696456,0.250135931761175,1.9678596768344865,True
6.869105283414611,9941.749689846327,3314.5499597331977,0.2500358355914451,1.7175224793041826,True
7.289477862036893,9953.351211849045,3289.699286922218,0.24840947991759513,1.8107754045794078,True
7.229145678654429,10081.046822198623,3296.183876658186,0.2464025590094571,1.7812799946726097,True
7.735166428358589,9998.30560479815,3283.2117232103164,0.24720155401872493,1.9121451616837133,True
7.702676337703679,10063.066668405312,3321.526528032451,0.2481604393412911,1.911499544068312,True
7.490970714738351,10031.85601069413,3291.746419849803,0.2470612911943079,1.8507288970820044,True
6.032400757330855,10093.675517695778,3272.8669508803614,0.24485516419632497,1.4770644779342816,True
7.389991821804739,10016.00391620255,3325.272060026689,0.249246928551023,1.8419327636020102,True
7.3480430618398405,10051.978949782324,3282.7636502968394,0.24618125364319748,1.8089504527879312,True
7.223967117851641,9997.34172529997,3278.0147147224625,0.2469247985568155,1.7837766253565757,True
7.857982609193007,10066.680038358933,3286.499328656892,0.24612111006124834,1.9340154026165675,True
6.654971025509545,9953.578968703383,3313.639272841811,0.24976142040578064,1.6621550160905787,True
8.10035461057737,9984.81208421384,3300.1728498169955,0.24841374425373025,2.0122394185964914,True
6.798324146343551,10072.83193338114,3287.205729819146,0.24604763943694777,1.6727116083350337,True
6.230024895730618,9931.983964328787,3296.5602683473962,0.24920053260316233,1.5525255221470309,True
7.249892703103892,9995.742618555438,3281.2793503047787,0.24713970934149662,1.7917363754021332,True
6.890942632166661,9950.388109774703,3310.7248438996976,0.2496566355678585,1.7203695534378518,True
6.941097157957615,10026.409401336434,3316.509285153808,0.24855950658769935,1.725275684759227,True
6.659340565386534,9915.508226144317,3278.3804363429235,0.24847719426828188,1.6546942593642,True
7.915370238232659,9945.927496864173,3304.068642105198,0.24936374376650947,1.9738063559037038,True
6.6603142873848515,9981.277266205527,3279.1247807824398,0.24728698037683378,1.6470090084880835,True
7.153308776907105,9921.423691679107,3326.704828988692,0.2511075299276311,1.796249697778787,True
6.312127866355892,10087.338620986226,3284.231128304881,0.24561298261028738,1.55034055187318,True
6.243183645409602,10010.603419913816,3291.1119871878022,0.24742011736551808,1.5446892302817268,True
6.251899045074027,9923.55441920382,3324.2614899295922,0.25092902201620676,1.5687829131244826,True
8.382867399466372,10048.905718370686,3288.1199782985727,0.2465407245274886,2.0667182022823036,True
6.845052718681521,9996.241183978445,3280.6222858566166,0.24709317025893704,1.691365776848573,True
6.755984245327928,9909.05800532897,3288.373650124736,0.24916769686515847,1.6833730344656557,True
6.100222021606694,9978.0955259361,3312.9341836860185,0.24926091176273577,1.5205469030608036,True
7.176898397299718,10075.51002654539,3301.511120330184,0.24680465733593515,1.7712919496803792,True
7.984817333955639,10050.432086659906,3296.851816963457,0.24700544625925477,1.9722933688723454,True
8.16918878968873,10052.8081265851,3305.6712855650017,0.24745865031302544,2.0215364320486713,True
7.189305642965847,9984.690756361184,3328.099887505151,0.24999265567497844,1.7972736101441404,True
6.5571650231506675,10037.178898824992,3285.683665269061,0.24661994743713592,1.6171276933460437,True
6.787360641874454,10056.01217436135,3294.4748483622043,0.2467681398255176,1.67490435992029,True
8.181231888232128,10078.605754844262,3305.19708276359,0.24695500396017062,2.0203961533574395,True
6.907443642391298,9907.841666419941,3275.1946159486106,0.24844008207191,1.716085865422787,True
6.476971995138564,9944.607353872807,3288.2679874195132,0.248492327072612,1.6094778434561205,True
7.5452812776550084,10013.664251320624,3269.43597435273,0.24613500755144635,1.8571578642534023,True
7.4682007200222476,10034.950078317119,3308.983407089134,0.24797661129741405,1.8519391070400246,True
7.340934418548064,9982.082125877332,3297.0096616339215,0.24828577996084789,1.8226496277506394,True
6.137660285442886,10080.805193109873,3279.531652429759,0.24546773710459519,1.5065975813844088,True
6.857171143699807,10032.475349372697,3326.3298050145295,0.24899905093099695,1.7074291068526708,True
8.002750336465828,9919.38275198093,3268.5481211124275,0.24784389246239336,1.983432793794419,True
6.8949805633269206,9907.312439296795,3303.302126614298,0.2500490881883874,1.72408360293655,True
7.762530568767172,10019.170732689288,3287.63158532665,0.24706398327384488,1.917841722604602,True
6.807002339525157,9927.487454077067,3322.0804044252104,0.25073122685231003,1.7067280477756872,True
7.5594198042098135,9905.625251341982,3312.202669297646,0.2505860031757293,1.8942847950643915,True
6.5506959715163555,9999.859148508674,3326.0359555377368,0.24959193581883932,1.6350008884914395,True
8.134990139164517,9936.14416106492,3326.8347655095054,0.2508361646299293,2.040549725810322,True
6.621939901722429,10047.742136635163,3277.4059124345113,0.24595643518297203,1.628708732223529,True
7.520046937975312,9966.760426611529,3273.4915742022963,0.24723786027645756,1.8592403141235427,True
6.066720604148472,9983.143726341174,3272.368181045671,0.24686848790970434,1.4976821421167812,True
7.64188108568217,10054.776616808711,3267.4965019292513,0.24526568948158495,1.8742912334161204,True
6.733542702349501,10053.628438912352,3292.003382656435,0.24667272607775703,1.6609813345495383,True
7.974693750977388,10011.885989773587,3279.9707122028854,0.24676542831786324,1.9678787191637226,True
7.756660533522606,9905.817747297455,3307.4301408819915,0.25031166968727,1.9415826493433939,True
7.603453957171948,9939.699296515364,3270.7406979755788,0.24758756705602183,1.8825206664786842,True
7.167446483316095,9944.930759094226,3315.443615400119,0.2500263960704764,1.792050813251533,True
6.30647291701731,10026.992169438408,3270.329372709987,0.24593895562681967,1.5510073629000602,True
8.217818049680748,10043.336847155504,3284.9138830368406,0.24646249155529165,2.0253839116723644,True
7.432186086458303,9965.516727119822,3268.2355683503038,0.24696212346886762,1.8354684579275156,True
7.697024406430552,9905.002601331737,3312.45958268994,0.25061237449154994,1.9289695630149735,True
7.827322778261319,10062.22183379119,3278.423494997053,0.2457469945567347,1.92354104818319,True
8.287491175577692,10043.977238849546,3296.4931379751256,0.24710471556549152,2.0478781496926466,True
6.04929707767883,10088.848421440605,3315.506152744029,0.2473454528821061,1.4962661252968712,True
7.1542268065397785,9931.03673397056,3284.83541104513,0.2485522994624302,1.7781995236412207,True
7.208590852735533,10049.941343757067,3301.4985687858,0.2472765926680494,1.7825157840025114,True
8.212337408786537,10029.42669618267,3291.6684450616476,0.24710193945466968,2.0292845011672895,True
8.070809950729569,10068.74000638763,3303.8623251940967,0.24706203349750788,1.9939907183991685,True
7.712203289428221,10018.197778463884,3291.2567966691067,0.24728712796528854,1.9071286017271556,True
8.06086309055469,9947.446569238557,3328.0754034931374,0.25069262137708037,2.020798898732909,True
7.721472726251839,10056.768336101755,3305.636964003924,0.24738337819896697,1.910164007691367,True
7.250809511377161,10067.423961194147,3324.7380920654937,0.24825999557377335,1.8000859372007678,True
7.476837782365692,9979.118224472508,3306.6580640674156,0.24888707985544514,1.8608883222058594,True
7.38278347288167,9971.394047681895,3289.938711773197,0.24808507345745698,1.8315583801903483,True
7.4763882869202005,10013.646900598971,3303.403762679126,0.24805821095119024,1.8545795028298588,True
6.540719092645607,10065.170871397326,3328.9632888473216,0.24853889389342335,1.6256230885537348,True
6.692546789833153,10014.105198955198,3332.245185122865,0.24967463682792032,1.6709591892054565,True
7.757411931083356,10048.744272314605,3289.2127753723303,0.24660544066924736,1.913019987717688,True
6.925960853553215,10013.894627643233,3304.76171320158,0.2481302639416219,1.7185404946415002,True
8.217789556993186,9977.547006440102,3301.629852618593,0.24863211685943548,2.0432064134605783,True
8.209409061248426,10081.951079613487,3268.2058838490548,0.24480655117341796,2.0097171194560337,True
6.370056563716669,9909.77190109755,3332.425511095451,0.2516520036189053,1.6030374974250585,True
6.300068314821798,10099.84721736221,3312.050954018527,0.24694871014499775,1.5557937441706127,True
7.075942759299489,9966.295434820056,3315.0961535124866,0.24960457881723308,1.7661877121697989,True
8.256856577640942,10088.162763330813,3299.556663789844,0.24646144414302915,2.0349967962072557,True
6.814816344937961,9986.233142713027,3298.8217001566904,0.24831073256180167,1.6921920388856848,True
6.915116062473605,10006.132081973738,3307.987785297293,0.24845711307054089,1.718109773429918,True
7.4058584721471785,9975.402189333958,3291.384192492984,0.24809204714425606,1.8373345892156259,True
6.193495409877108,10052.936397375744,3276.6752620976044,0.2458192590906332,1.5224804528372282,True
6.458031629564163,10009.27036455039,3275.7869769891254,0.24657680375578392,1.5924007977716879,True
6.096670895969187,10004.758975411716,3269.4405941037026,0.2463003947606805,1.5016124484031625,True
8.063863193649574,9919.823342808779,3308.9874803305,0.2501349157206601,2.0170537403264692,True
7.951162811760067,9987.705808287368,3284.8059402968593,0.2474893978260933,1.967828496299726,True
6.824075784059768,10004.941491339956,3316.634790150863,0.24896714323206937,1.6989706531565043,True
8.396601842520548,9970.08595781492,3300.428328982459,0.24870387519690945,2.0882674167203703,True
6.132222258994996,9993.417510028366,3292.642489530506,0.24782685684392733,1.5197293679150974,True
6.598169803550125,9911.676019740657,3325.092896298847,0.25120124989639303,1.6574685016804294,True
7.331497309944334,9909.071542448724,3320.7277954201277,0.25100364038892925,1.8402325142976697,True
7.968962190382845,9974.71973897311,3324.34590438702,0.24996838075213032,1.9919885750049493,True
6.574638017486455,10064.013544589781,3305.0543657177354,0.24721651411236734,1.625359092233647,True
6.667589521746897,9953.220096594889,3315.85559253145,0.2498934869479045,1.666187195126643,True
7.51443097760185,9936.234555342468,3297.9093300313957,0.2491970284285775,1.8725738699500316,True
7.152314801070735,10021.29196063544,3330.572859846834,0.2494462687142853,1.7841182397970505,True
6.436859156508565,9931.537983745196,3273.540165209884,0.24790009784750267,1.595698014729067,True
6.920724776649759,10015.561337822408,3291.7408422160943,0.24736349995522308,1.7119347029789138,True
7.086553006504061,10063.366122137635,3313.5752298242664,0.2477079881447105,1.7553957881219706,True
8.180947589227616,10093.48849604998,3303.945428910714,0.24661031712611392,2.0175060793715396,True
8.10522432754376,9987.9694751572,3317.982775267765,0.24936079078156886,2.021125147778322,True
6.8280587717137475,10006.234517657887,3318.740636335131,0.2490616753863607,1.7006077573195622,True
6.880850830178419,10045.855843028137,3282.8773143791027,0.24630077559581826,1.6947588962320745,True
8.304052378614752,10041.263960379347,3329.551293853041,0.24901632627068923,2.067844616482024,True
8.251217716721792,9935.347710075586,3330.8560776550767,0.2510783138078763,2.0717018311761826,True
8.11292581447924,10021.566869339453,3321.2316424785354,0.24891567084197913,2.01943437160231,True
7.809401578110382,10056.845605035649,3316.165280755074,0.24797446955484137,1.936532213872663,True
8.333990489469217,9952.655370598344,3319.2606331329216,0.2500965672326245,2.0843024127655916,True
7.879296845219844,10050.405499013405,3275.5917422509597,0.24580462407030884,1.9367675989776343,True
8.165505722960702,10007.76465690586,3272.3973554171803,0.24641245734657677,2.0120823306722824,True
6.757594219745775,10092.375278685276,3273.5519390356303,0.24491768402684905,1.6550543258933572,True
6.832904724363014,9936.693569352803,3297.524550337565,0.24916655600767104,1.702531337698077,True
6.669614044103805,10055.408546822358,3331.727332259628,0.2488752906038404,1.6599021334417896,True
6.817159340072601,9982.867712977803,3294.3911113505656,0.24812283581563854,1.691492907665881,True
8.02419485110449,9929.478403708707,3312.958621588292,0.2501774118509723,2.0074723000372194,True
6.022494424282734,9947.519711160665,3272.388341643775,0.24753487910602967,1.4907774292315643,True
7.980319364046763,10011.273647447983,3328.031123888586,0.2494905979687819,1.9910146501178763,True
7.271748481759928,9947.974140973487,3309.0982355017054,0.24961003014313576,1.8151013577253972,True
7.4862021641178496,10051.62314827725,3301.161263697122,0.24722643321768462,1.8507870593813676,True
8.325761377851766,10026.631342574095,3288.599312538129,0.246980273772089,2.056298824462914,True
7.140907957738953,9954.572990888115,3303.2669079977964,0.24915573978800104,1.7791982049684727,True
6.556310657627216,9930.534402031972,3273.1877082981555,0.24789886374065148,1.6253019623565101,True
7.6463524044617515,9907.26334833772,3298.3356318966307,0.24976796863462664,1.9098139075269047,True
7.937850745437028,10072.464362875362,3327.5708681070855,0.24832553129512322,1.9711710037020398,True
7.9122779364463725,10084.348388467102,3306.0236092970204,0.24689557615345178,1.9535064198051717,True
7.260846561748688,10027.969777638618,3330.635722684337,0.2493251052741857,1.810311333387701,True
8.244733515686917,10003.665219978511,3327.7845550942666,0.24961910454154634,2.0580429973694434,True
7.1242218193463085,9968.387949882863,3280.9694739860397,0.24763234691482677,1.7641877690665435,True
6.842118724690901,10029.915481346552,3291.098262839069,0.24706064613705345,1.6904182730685662,True
7.399929224275588,10027.340794243875,3324.4291875998147,0.2489879013883939,1.8424928479750242,True
7.537868298599161,10001.070923373338,3277.934591159471,0.24685090969892542,1.8607296466998942,True
6.9587480421023145,9900.851369344115,3319.2621935536026,0.2510766778032165,1.7471793400806865,True
6.684384811719961,10089.304862991268,3289.6568339816927,0.24588282024351632,1.64357538909863,True
6.414701688182513,9931.279919427921,3303.144930206038,0.24958734268662963,1.6010283484809105,True
6.645456305764449,9953.342224052178,3268.2865684532353,0.24719243141252312,1.6427065020675977,True
7.070785994626725,10005.786640490755,3319.9537209335176,0.24913840663924483,1.76160435638839,True
6.4693299945874285,9943.986415577987,3314.1831535796023,0.24997290435094216,1.6171572079516845,True
8.187792811731768,9947.175735352712,3325.6709535895975,0.2505619955936231,2.051549706414634,True
8.031963900981939,9992.765094107568,3329.4219087637193,0.2499155662689722,2.0073128065658445,True
6.897674236461482,9954.66546413305,3282.594674981873,0.24798142821731659,1.710495108535507,True
7.684988341610886,9903.642719720921,3302.322541277504,0.2500629432238742,1.9217308033443778,True
7.667860254221592,9942.778034417175,3271.017776314172,0.24754565782359628,1.8981455107306922,True
7.600724727918,9904.580182875323,3297.7919726941354,0.24978783614298836,1.898568582905141,True
6.975349130299013,9920.102959082935,3309.6375345013003,0.2501664742484034,1.744998498578571,True
6.6428286972442745,10033.39952828151,3307.442008861013,0.24791854394287594,1.646880418282752,True
7.424014447076038,10016.5812262112,3272.9593593719223,0.24628085059031488,1.8283925928206728,True
6.463022703018853,10041.325390772812,3332.2880322027418,0.24916886160908086,1.6103840094648525,True
6.912834541210605,10005.001051471616,3320.4291666190525,0.24917988479735698,1.7225393146020487,True
6.928003105979446,9968.972363844898,3297.8099929718132,0.24857647500920516,1.7221385909371956,True
8.025650967533942,10069.69270158042,3273.823526424153,0.24534938695943187,1.9690885448348239,True
6.76469616903789,10022.11163961303,3296.45261937428,0.24750810637489307,1.6743171390000617,True
7.829223065517536,9929.427638558704,3268.2522883022416,0.24763839602220086,1.938816242044781,True
6.276635028792163,10017.893452822706,3285.737543733935,0.24698050814731543,1.5502065088663282,True
6.4725107880531105,10022.499029216466,3329.9882285143512,0.24939085611831283,1.614185006667581,True
6.039371131102955,9975.36905543347,3312.371549579559,0.24928026878624573,1.5054960588612376,True
8.3895844582736,10061.95313377156,3275.711715156279,0.24559859257669084,2.0604701352552754,True
8.187424448667642,10020.417939009525,3323.0927387405413,0.24904186154560556,2.039011425960193,True
6.455106437676484,9916.006111248165,3311.220086639097,0.25033367065031265,1.6159304889820179,True
8.193597400637378,10039.45652093286,3318.512070724885,0.2484293961281917,2.035530454357865,True
6.997628539075894,10009.294034282202,3320.180234907654,0.2490856104191609,1.7430085761422602,True
6.386708366260484,10006.29662757062,3293.4928211270135,0.24763495947295053,1.581572267444469,True
6.6662319979356175,9960.403811768741,3305.049004656854,0.2491470928579584,1.660872322602359,True
8.016154310232821,10039.30456196724,3293.230151221352,0.24700705620242464,1.9800466782349868,True
6.44093911433037,9922.773612366324,3323.5126702816374,0.25090146772950916,1.6160410773418947,True
8.257904942744021,9941.281878120575,3322.3686518211034,0.2504867452833675,2.068495731967383,True
6.794137633446306,9922.150405072707,3291.2470647928512,0.24908408850175445,1.6923115795824404,True
6.928847077385404,9951.919564814658,3279.7051767159487,0.24786866622825335,1.7174440835710514,True
7.722052871517279,9933.594082693407,3295.0701274565718,0.2490856276273426,1.9234523860734047,True
7.193294426510878,10027.820389633287,3325.560512457757,0.2490425860567639,1.7914366462459754,True
7.165258192748121,9927.613783304623,3274.972691435926,0.24805538654881518,1.7773808907242001,True
7.131279426496398,10089.971595329458,3313.6137672905506,0.2472184626459406,1.7629839365170645,True
7.213687553680818,10010.139442135298,3313.488211521667,0.24869264570090316,1.7939910429845585,True
7.501374814445246,9904.8458625352,3306.444199121961,0.250274135507643,1.8774000968040898,True
6.063643186662662,9995.393249093278,3327.565271877157,0.24976173772811383,1.5144660592641042,True
6.270069426164836,10047.44842789015,3281.8787979720373,0.24621488709530528,1.5437844358429007,True
7.0822323602839266,10034.270080204615,3281.0453853752683,0.24641138949030364,1.7451427165907551,True
6.6917258977614615,10038.93961812697,3289.2100478891566,0.24678669810228232,1.651428938914082,True
7.09084516897532,9912.790505572493,3268.242413573349,0.2479504021893557,1.7581779115098806,True
7.5152236101069185,10020.743397445569,3279.5714786292224,0.24657848398225998,1.853092444567851,True
6.406788636754081,9987.317409330728,3325.800484338968,0.24981379350064686,1.6005041735043748,True
6.6456375027264505,9946.413315387277,3302.1529458765867,0.24924606034778388,1.6563989660540526,True
6.129535061279452,9935.086378358912,3326.8173121698023,0.2508551856356583,1.5376256556575332,True
6.851307788699676,9950.23983984873,3281.027624939504,0.24797530800969392,1.698955159172017,True
7.221744911513477,9906.225451619457,3288.3274038735353,0.24921855555753675,1.7997928354523798,True
7.97748386180889,10081.21536039988,3330.2037347245428,0.2483110632144217,1.9808974995016564,True
6.301621140493236,10089.299788306238,3315.350381751218,0.24732837781599543,1.558569734289175,True
7.11081804830759,10046.243959224905,3299.119408838665,0.24721090897634895,1.757871793287547,True
7.293991427044434,9975.227845334995,3323.3483905873463,0.24990257089403758,1.822787209697474,True
7.6223873042878525,10050.717250943695,3267.3222886432327,0.2453305742884566,1.8700046548099793,True
8.101088650658431,9913.751389216653,3287.439561618445,0.24902598362994546,2.0173815697036033,True
6.100755355344647,9916.55724565782,3291.148871603869,0.24918398716507875,1.520210544163486,True
7.229747914462516,9993.92541045889,3290.428256233321,0.24769200962207097,1.790750789994197,True
7.21592299662939,9922.19580974866,3280.439166418569,0.24846851952964405,1.792929704012417,True
6.9883076196484435,9922.58877205389,3276.7325889176914,0.24825008038720076,1.7348479283482137,True
7.95672537630178,9999.080396059899,3280.203508929544,0.24701659610553767,1.965443218600619,True
6.556680576144948,10025.519148611515,3302.0197900596463,0.24775915532900916,1.6244776413077935,True
7.937378464823037,10062.941418852808,3270.342350983959,0.24527658808119676,1.946853108160962,True
8.379236502408752,10024.035135071961,3270.808217679324,0.24602081655986194,2.0614666064708027,True
6.925169308500742,9998.055141531828,3304.939480942744,0.2484357526056018,1.7204596490785968,True
7.819143767949521,9906.564539716217,3316.261732335232,0.25079825327091226,1.9610275990758792,True
6.40817338996638,9983.436912366456,3301.3677416712485,0.2485070595801234,1.5924763264201365,True
7.227456227160587,9961.866986386747,3271.660082849329,0.24722510225221386,1.786808604783176,True
7.176404610593921,9992.700950283615,3319.7635470121963,0.24937257467890686,1.789598494681384,True
7.226551197782121,9909.471285471633,3299.4252429241533,0.2497881057536656,1.8051065348258795,True
7.718554436212987,9983.156593951953,3302.9953979029283,0.2486043664055507,1.918866335181482,True
6.330262152643551,9987.662136067307,3316.9177428849744,0.24930646236581333,1.578175263123762,True
6.121157872553731,10026.789884231977,3278.498227189732,0.24640565463406677,1.5082879127050735,True
7.8315312511159805,10072.598158924015,3294.7398211707946,0.2464768846330484,1.9302914246814267,True
7.770927302776052,10064.911638963738,3278.320956488203,0.24569165927645023,1.9092520231357182,True
8.08543374857803,10051.684789919515,3269.0363402534417,0.24540986244721397,1.9842451840645958,True
6.126813474131797,9923.894561079063,3320.3806644222304,0.2507030855134283,1.5360110423300886,True
6.0746436275799605,9943.021812167164,3311.623075994936,0.24984623156163094,1.5177268184307287,True
7.580505270169206,10082.300657071106,3314.845871174296,0.24742924653287607,1.8756387073364627,True
7.8921689102900014,10039.694095119603,3285.902784701699,0.24658578631306785,1.9460966764594079,True
7.365186401603713,10096.051581330452,3269.2458942787157,0.24460704299660257,1.8015764668150722,True
8.265056616169629,10097.588208301564,3298.518930339646,0.24622966181160452,2.035102095453212,True
7.945261917733941,9994.05377988024,3272.166853411899,0.24665403537766128,1.9597309141415324,True
7.578051523598633,10018.74608678345,3283.329335030396,0.24682835053288907,1.8704779578230974,True
8.066238335982,9960.503007917376,3298.9236836480923,0.2487983651470082,2.0068669108784456,True
6.4530993792025955,10072.198257889768,3319.596362516871,0.24788286085708147,1.5996127355117957,True
7.438653221251252,10037.422064143091,3268.259108399963,0.245628845755314,1.8271478047099934,True
7.599581019323617,10064.811556638031,3287.4119145517175,0.24620707716920745,1.871070630478254,True
7.213400523979015,9995.093203822562,3320.7597112978424,0.24938392849977012,1.798906160512187,True
7.685527468621675,10074.47351150654,3308.891420899709,0.2472391239132706,1.9001630781533994,True
8.306126575522061,9972.622370211022,3300.333934971042,0.24865100578101929,2.065326727148014,True
7.116520788671043,9910.744303082056,3274.9552397922785,0.24837174767584422,1.767542705653704,True
6.714139774085361,9929.863343759213,3323.9452569550126,0.2507917050179743,1.6838505616718644,True
7.749668705363648,10085.61325500057,3292.775435874962,0.24612645901974242,1.9073985170272663,True
7.084758938324941,10042.452181151159,3273.6304914276607,0.2458403549993643,1.7417196524827228,True
6.973513950078133,9905.015431900798,3283.6335003906647,0.24897421390533214,1.736225153878571,True
7.952509761243132,9949.971517696807,3290.640456677764,0.24852631155163807,1.9764079185401535,True
7.400770939589572,9963.670035318153,3267.593718168525,0.24696006209591695,1.8276948507986983,True
6.424500690518041,9950.81506108221,3276.7497163504772,0.24772131314305723,1.591485747343607,True
6.189380569533928,9941.432814625117,3313.4065510430696,0.2499771185175761,1.5472035201807655,True
6.071014792560542,10028.947550612125,3284.2290949288954,0.24669011629383594,1.4976593451983584,True
6.101433164736197,9945.223915810018,3282.979830497335,0.24818031937357915,1.5142556314607771,True
7.8878212864547805,9934.463525541572,3276.9882242915123,0.24804149357264346,1.9565069729263338,True
7.358075115958489,10098.747785368816,3295.674700689906,0.24604828645058296,1.8104417738562608,True
8.008620910897728,10096.574429846427,3312.4790864998286,0.24703302753335749,1.9783938699860208,True
6.1075247722960055,10025.755232280351,3292.5196636486726,0.2472181787338758,1.509891150779048,True
8.177698737272014,9910.4871870866,3278.9277779289578,0.2486029734166522,2.0330002217914247,True
6.676705161821555,9980.581523219402,3278.1879322826553,0.24724677077195045,1.6507937906567924,True
7.156031560930845,9928.810988193047,3311.154957287846,0.2500878756729748,1.789636731321957,True
6.539481181371018,9926.933894070384,3267.0036207716175,0.24761399825461736,1.6192670818301063,True
7.09819270505556,10053.641323800333,3286.844316920312,0.2463811592351265,1.7488609471459071,True
6.4217562640369845,9990.683550915623,3285.795844461873,0.24748999690429202,1.5893204379066312,True
6.523661673754472,9960.377527034629,3325.242696125196,0.2502888566939878,1.6327998217823938,True
6.0948897129713595,10039.943102382085,3323.803092955095,0.24871791519916936,1.5159082627791003,True
7.099831152651365,10020.029344785693,3279.7467781401283,0.2466016531275728,1.7508300991704673,True
6.181744112048748,9963.988224146658,3291.670409252483,0.2483219054056465,1.5350624766340815,True
6.734768683213723,10085.139983283489,3298.987268731347,0.24648504953766934,1.6600197925066786,True
8.326491933479339,10042.082226672825,3286.175848878953,0.24655703920580846,2.0529551980897134,True
7.706841494032672,9922.811552704608,3289.210790471149,0.24895589070586793,1.9186635886758459,True
7.560621224254797,9983.85253555158,3332.0697200659583,0.25023198965135673,1.8919092919455545,True
6.320864204411229,9910.07829178819,3310.8748584860587,0.2504263361993216,1.5829108643241436,True
7.949722783658829,10000.255423309978,3283.5745004464375,0.24718582813034878,1.9650588096854091,True
7.01660700480479,10048.391997392046,3279.38362964159,0.24605633538651359,1.7264806064496079,True
8.200105020863107,9978.249000330734,3330.7706263294413,0.250264160679225,2.0521924005278045,True
7.283794117706844,9969.701091453098,3290.8756448972586,0.2481698730249187,1.807618261330957,True
8.145633357381408,9905.56124691383,3331.252556873562,0.2516657411861762,2.049976856316233,True
7.35515896037799,10011.488520583822,3294.9377534383884,0.24762003603259047,1.8212847267942285,True
6.425331732890573,10048.88549108228,3299.3272880253544,0.24717371101466093,1.588173088918825,True
6.674804912356958,10025.27438515579,3305.7933153531662,0.24797663545185933,1.6551956644638213,True
7.126496420851721,10095.531020550172,3305.2893715491214,0.24664828531675698,1.7577381225190827,True
6.147566935730145,9901.722791441292,3311.4728632468646,0.25061862018760955,1.54069474294366,True
7.670102892776124,10035.064469655981,3312.1383228930467,0.24815224391001403,1.903353243863085,True
6.601090534297702,10000.846611064764,3268.9670783309634,0.2463461171985621,1.6261530224004206,True
6.6584633138019775,9910.419517951665,3319.569794328406,0.2509125076349973,1.6706917270616881,True
7.1106040736711025,10087.462137894758,3326.420126225577,0.24798339963987445,1.7633117716821003,True
6.046745047090937,10012.814471228628,3312.5065649703665,0.2485873740656419,1.5031444729007621,True
7.868224708267469,10046.775970131246,3299.491192348552,0.24722202486882416,1.945198444500797,True
6.817831818366572,10091.66589526328,3317.5972502441646,0.24741085429110038,1.68680559459512,True
6.271498560952401,9918.300909214402,3280.229172496149,0.24852988569095463,1.5586548204644868,True
6.541962020140189,9910.957154805152,3280.91208802901,0.24870714131821806,1.6270326726414213,True
6.314792853817171,10098.519431640638,3287.32870546967,0.24558239954598254,1.550801981676244,True
7.590435391256631,10038.493654490689,3317.8686983075854,0.24841110256434926,1.8855484244855174,True
7.347540197816182,9917.634991013987,3313.80122140806,0.2504490947322083,1.8401847910515732,True
8.139420804944606,10095.27269362914,3293.79038404859,0.2460060397758528,2.002346678293607,True
6.9248995478055395,10081.111617064857,3288.2289860096253,0.24595296683917586,1.7031995888460398,True
6.864903404466375,10040.023480984852,3307.442995753223,0.24779556491244423,1.701092617179107,True
7.302969281599721,10083.160538001772,3293.3593191205027,0.24620449521233032,1.798023865527414,True
7.242189155551303,9919.170779342918,3325.6259947217072,0.2510892429269886,1.8184357922014236,True
7.631974075263924,10096.878652799238,3309.3271518127926,0.24685039153093644,1.8839557886328562,True
8.374750876936385,9925.292471022978,3300.689836392321,0.2495610352163976,2.090011498527678,True
7.108032846480627,9953.323641087594,3283.863803859347,0.248078666069876,1.7633513069357776,True
6.604410324413337,10075.947788895965,3306.6222356731328,0.247084246867567,1.6318457510120532,True
8.195402297799564,9998.30384367234,3268.6026836649344,0.24637263230352743,2.019122836895256,True
7.058023221404476,10012.400750972145,3304.33102726517,0.248133782544545,1.751333999214327,True
8.353020524129985,9964.960788813976,3313.957953864294,0.24956534625167007,2.084624459351806,True
6.083138406110557,9998.14985430505,3286.1962446470084,0.24737357941210533,1.5048077215788176,True
6.352396423425566,10082.051512627448,3330.9168488477044,0.24833554803683827,1.5775258471586393,True
6.679968436931105,9941.266751935216,3319.0884495072282,0.25030162458590716,1.6720069519464384,True
8.364439885407965,10059.516586272774,3268.9055225621883,0.24525825306773116,2.0514479141852107,True
8.10950367062365,9910.311731049269,3306.3110835597827,0.25016308098806733,2.028698423527253,True
7.317684844704907,9910.245239094684,3285.570585793673,0.2489857868125763,1.8219995187053164,True
6.1548838744616114,9956.471974540898,3286.939094285274,0.2481942965602299,1.527607073631902,True
7.185283656293586,9913.042496884951,3292.274541380075,0.24931431269995685,1.7913940563230684,True
6.766856505305336,10030.58880279872,3332.4007226668,0.2493753898643957,1.6874874791669403,True
8.1519094178413,9929.318109507056,3317.469589958914,0.25043577848633103,2.041529781207139,True
7.6015131520287476,9997.279342667416,3319.364902324369,0.2492643673028014,1.8947863663843694,True
7.75560725662817,10001.994912681346,3302.7271431783342,0.24823721452518008,1.9252303423366504,True
8.243910495311225,10054.286814727977,3290.761868640993,0.24659047311997043,2.0328697893974845,True
7.2990403525227245,10084.037639145547,3289.4708499386293,0.24596917500172716,1.7953389338143304,True
7.405460545913486,9974.092344070319,3300.4327178983654,0.24862906224449835,1.8412127110191008,True
6.787754755245404,10093.170978436394,3292.9533646961067,0.24599751804826875,1.6697708229107031,True
7.84000632260117,10051.396384843194,3302.123865929235,0.2472848959612897,1.9387151478202835,True
7.657159608569381,9909.22219768762,3267.764273201834,0.24799025789553367,1.8989009860763844,True
7.251209220739997,9935.520132166956,3313.051494125389,0.2500685800385077,1.8132995933925848,True
6.381512302378614,10049.520965443346,3299.119152414735,0.24715020581018637,1.5771920789131109,True
7.166242901862304,10073.688311481437,3299.1422074698853,0.24670485450290436,1.7679469124364109,True
6.870206659634209,9937.72235233812,3323.0793138086515,0.25059414939385394,1.7216335940310252,True
8.015104037532659,9991.571320816967,3311.6462219548825,0.24893573387847268,1.9952458056955018,True
7.21990828463307,10018.505709278816,3295.782822743839,0.24753728408521702,1.7871964881224283,True
7.566111111950895,10066.229197490944,3295.260519597811,0.2466237365271717,1.8659825934090837,True
6.230137921131616,9900.059780452772,3320.1593267501416,0.25114253400998354,1.564652624744685,True
7.456896276995942,10065.495073907867,3275.76545498399,0.2455364279777002,1.830939675653795,True
6.821612101622915,10001.406988078854,3331.746071832698,0.24988433395024715,1.7046139964809879,True
6.1787546714503625,9918.041334742738,3326.5335692663707,0.251161973364614,1.5518682162173003,True
7.770637872903805,10036.256866194091,3301.7066592883352,0.24754203690693588,1.9235595271247874,True
6.379121825849965,9955.271864306156,3283.118860824331,0.24799984597765148,1.5820212302834662,True
8.373680538905587,9924.025936234355,3278.1390792259144,0.24830314386974267,2.0792112035711385,True
7.841114230478152,10080.126746867249,3289.407460889715,0.24603755147888476,1.9292085461330843,True
8.28038961698333,9940.869594967777,3293.1654321279116,0.24884061628863788,2.06049725540017,True
7.696845471084838,9960.936816308054,3324.4476087306516,0.2502334522187502,1.926008213423812,True
6.453100930900292,10014.207027600203,3325.684488689863,0.24930371319951808,1.6087820237247095,True
7.210834941048141,9983.794193871277,3301.5287340609557,0.24850948313191024,1.7919608641493918,True
8.291389767111632,9971.657278469924,3306.8422966714843,0.2490373462723305,2.0648657045110372,True
6.923528809779026,10087.435086994392,3272.194249064355,0.24493151469647675,1.6957903984238718,True
7.256958659165541,10010.917647805754,3322.6037985258095,0.24919176917362318,1.8083743670973054,True
6.848735358549266,10006.45330650848,3327.5176256672157,0.24955188837540584,1.7091148417093815,True
6.709179250780455,9912.60225841929,3297.491359249003,0.24961907573756023,1.674739123537434,True
8.282422196970385,9903.079799684689,3283.796430037909,0.24902003877433734,2.0624890966349976,True
8.221173590220102,9988.793440949004,3275.676097128267,0.24695115682727006,2.0302283285826555,True
7.888898505774744,9985.438350681372,3295.1365597267863,0.24811701164716485,1.9573699224406136,True
6.199157962149722,9974.059434217943,3303.293795238886,0.24879158806367183,1.542298354060785,True
6.880391975289141,9966.478492560025,3281.051335261618,0.2476726890148952,1.704085181996368,True
6.939538680956214,9962.061226111513,3305.4474091913617,0.2491385157569113,1.7289063670111051,True
6.9267499540784705,9999.352530345768,3300.292620522604,0.24814892300394334,1.7188655410221865,True
8.28126302774705,10061.182832064125,3330.7150104833936,0.24871120207483582,2.0596428823288635,True
6.8145766432406525,10068.483221865383,3331.313329268161,0.2486092469057936,1.6941667672578695,True
6.454750399467974,9999.068937209313,3304.287391208744,0.24837998093385408,1.6032307811526423,True
7.109511095542343,10033.68179841618,3331.39365829938,0.24926111858391733,1.772124688259656,True
6.1379818304135725,9903.052719047708,3271.9944820374044,0.24834783755218115,1.5243545145177895,True
7.611439835251063,10015.228747572768,3327.9391499023536,0.24941147225855467,1.8983804153173784,True
8.247022832855361,9997.156579315819,3300.8088899290847,0.248219090173086,2.047068504208024,True
6.509745645726963,10001.167028550646,3270.9891876007855,0.2464549945260729,1.6043593274837655,True
7.0317303857313584,9985.714068562336,3310.7532766531813,0.2489949541255026,1.7508653848180822,True
7.92015451903676,10016.749639870617,3274.263637184474,0.2463516941057452,1.9511434833439796,True
8.20739855586136,9952.329221216516,3311.09562732881,0.24964107424274784,2.0489037922236073,True
7.46931930575413,10087.34838055346,3307.4968427167187,0.24692311016560115,1.8443475537967786,True
7.456625044618592,10009.112462292289,3308.7729630261683,0.24844581983983008,1.8525673224484758,True
8.202898078326854,10097.607131226343,3287.3917393007823,0.2456026908257273,2.014653840606263,True
7.689008072123648,10017.820185055374,3302.1807427591593,0.24791144990565414,1.906193139496452,True
6.242290501460982,9938.394182787599,3274.902614963765,0.24784901641814988,1.547145560983464,True
7.540569826118919,10003.0739499907,3284.031838337867,0.24715930546910905,1.8637220010648723,True
6.401536021356276,10058.101264860265,3293.967824031487,0.24670092718228234,1.579264871859372,True
7.541747457067257,10058.74315149584,3330.872903754235,0.24876537833571397,1.8761256594697449,True
6.253688178571132,10064.942560741001,3270.5006658472653,0.24524874128866797,1.5337091542063928,True
7.0276945485527085,9983.805084916148,3272.4608878442755,0.2468614385505448,1.734866785949543,True
7.820256838730664,9991.355486196477,3303.3243667175257,0.2484696437420029,1.94309643069037,True
6.009976254324209,10006.724397885733,3287.3430539773344,0.24727895099679498,1.4861406236849375,True
7.679213763826802,9939.666844945163,3298.9672407303174,0.2491924181437932,1.9136018472511003,True
7.200403697491597,9915.57390254956,3331.0697046005794,0.2514651864569353,1.8106508583549306,True
7.5028137218848405,9925.642369490832,3331.6658881157596,0.25130786909206576,1.8855161286415902,True
8.253512243003442,9941.817955702305,3275.100449059085,0.24779607082080732,2.045187904287681,True
6.994742251946564,10057.948982113723,3323.1180707953476,0.24834477382526043,1.7371076825256622,True
6.925454201156301,10026.210927147098,3291.4551105582773,0.24714954566659134,1.711622859350566,True
7.486164128706154,9924.429731123651,3272.3564573786207,0.247966164688617,1.8563154072247672,True
8.193550279874593,9915.423162760171,3311.9642036602518,0.25038687625253475,2.0515574599958812,True
7.428681590036475,10007.086439707757,3312.807762532864,0.2487112669390119,1.847596809944485,True
7.331747180207593,9987.613570432186,3331.453718065351,0.2501266527080634,1.8338653806871077,True
7.192814858891538,10058.586968390799,3310.898960279633,0.24764594375162302,1.781271423960892,True
7.415701478705324,9971.747890883167,3327.515650542109,0.2502030011043379,1.8554307652659483,True
7.4870643800805,10028.204630179072,3268.8377025777686,0.24583193922193441,1.8405595556346594,True
7.768323672015482,9977.722204006837,3284.5901218073077,0.24766345725504346,1.9239298976875485,True
6.58760649621637,9969.164398606097,3291.9984473449,0.24824357302497335,1.6353309743032773,True
8.264288174796423,9913.844800816827,3295.1655135954798,0.24946346737273237,2.0616379834521856,True
6.743351381205933,9911.62546420111,3293.611904313033,0.24941709205213863,1.6819070921861565,True
8.30899346893171,10046.098990756971,3309.783530071546,0.24781466330734297,2.0590904189262234,True
6.57608946506954,9901.061458179773,3306.3462287678453,0.2503402868403451,1.64626012297328,True
7.122645297777149,10053.345465871975,3268.3412182342718,0.245339895445345,1.747469052650924,True
6.603775957070107,10088.95472242211,3320.9848300001586,0.24765099178991315,1.635431665326795,True
6.782569213971214,10026.28800911797,3288.8496228510694,0.24700079817084963,1.675300009499922,True
7.793644824939223,9930.27874400401,3277.534260709484,0.24815117079109347,1.934002088038615,True
6.894134464121096,9955.199397735772,3296.499075682635,0.24876049529010075,1.7149883038913172,True
6.504027330775928,9974.828421739488,3276.4783745287473,0.24725700075493323,1.60816629063577,True
6.0015487835227095,9904.504359288809,3317.0017719211655,0.2508792673847671,1.5056641619841178,True
7.77432283363233,9909.650950962723,3321.9551202824537,0.2510621237055795,1.9518380009845115,True
6.053599512507591,9944.848671273176,3302.131424240872,0.2492742799061882,1.5090066593207816,True
6.333954788256091,9989.642099607272,3295.1911016800937,0.2480415863528323,1.5710841935661588,True
7.108032596281795,10061.252598778301,3288.2650141030304,0.24632088660118245,1.7508568911062365,True
6.201087536452771,10023.471473462803,3311.9652157756937,0.24835821225475138,1.5400910145886306,True
7.653691984503801,10078.418430863594,3322.2744317357283,0.2479181088470458,1.8974888424959753,True
6.435685036073234,10027.304220399343,3271.9422269180427,0.24602463304062103,1.5833370493649332,True
7.71563173533101,10056.606549726876,3295.4889812529163,0.24681436510146731,1.9043287481124558,True
8.133846042323164,9945.714779324222,3305.6529925114432,0.24945749370395165,2.0290488478917426,True
6.465604571910266,9950.136001407467,3284.1743296222985,0.2481560615910656,1.6044789663704393,True
6.532330744699971,10077.285741341204,3311.320402083236,0.24732375921817135,1.6156005962356335,True
7.3054863831966905,10021.993476918587,3275.850638434748,0.2463444908827393,1.7996663237193733,True
6.6235105581119225,10061.407847595081,3288.095865472589,0.24630847229578365,1.631426766803541,True
6.81322927710469,10075.122257489289,3311.907369635032,0.24739673115569744,1.6855706517699958,True
7.588071401269535,9976.54818847586,3300.5639695423015,0.248590501478069,1.8863224748929874,True
7.269650577411861,9923.140366998356,3281.9731432463805,0.24853804859005366,1.8067847684415008,True
7.279205316529195,9934.829226736334,3293.801138334259,0.2489903374298933,1.8124517879840776,True
6.437560320853064,9912.46453832766,3294.9799416890132,0.2494789924481177,1.6060360626704036,True
7.296333524842508,9988.881035419878,3331.956479860041,0.2501311554951449,1.82504033544682,True
7.934171860594538,10073.921826660044,3304.4497750060823,0.24699940122716807,1.959735698800297,True
7.373000228229136,9916.47194086921,3278.7438823034913,0.24847974646580195,1.8320412274026756,True
7.4354449969083625,10073.334939731858,3293.3437611290574,0.24638459821114284,1.8319791280843192,True
7.247240128196509,10026.823104025802,3275.6720635238185,0.24624493542493894,1.7845961773767756,True
8.139327015123358,9988.436818905999,3292.8153672958993,0.24792958684399177,2.017979984047675,True
8.234115165637938,10059.71265447904,3288.972025312026,0.24638922142578507,2.0287972247917807,True
7.02739060321235,10026.48340870888,3304.81077619422,0.24789872088613288,1.7420811417035713,True
7.286062748273752,10067.19503751533,3326.5278233952195,0.24836468978342524,1.8096007142175812,True
7.943808433387669,9946.788419557031,3295.7168988126305,0.24887412310425105,1.9770083579675104,True
8.024910547703554,10077.516293451241,3313.8042416554267,0.24745910852988412,1.9858372101667856,True
7.59326929554068,9993.708145829281,3300.835712845513,0.24828499179320784,1.885294804726935,True
7.047536115310297,9902.302553582198,3298.8129541216026,0.24988895462633504,1.7611014325462324,True
6.752812606406542,10075.28054815532,3292.362717502423,0.2462934304927702,1.663173382306692,True
7.402230175667414,10026.817735781075,3290.306310041197,0.24707333946276502,1.8288937289741978,True
6.722815416525282,10061.179628618247,3299.5722930164025,0.24696007473003878,1.6602669976613402,True
7.577728056878332,10069.483598713932,3275.219648266889,0.24543218291556185,1.8598183385401479,True
7.885241050941216,10091.505864403558,3292.932191187884,0.246026928998505,1.9399816401760117,True
6.7214084037437,10046.673345231195,3270.3533110132607,0.24557683899204083,1.6506222293659167,True
7.850167030968196,10028.668794856785,3283.110718311831,0.2466319934959882,1.936102344124169,True
7.315222716747568,10027.619979949255,3306.837712783019,0.24799191605560053,1.814116097899685,True
7.399998040423986,10062.111755813907,3289.8357446556756,0.24639369983592085,1.8233128959586302,True
7.179015814637848,9944.41164527512,3298.0487964708595,0.2490510589764708,1.7879414910443874,True
6.564463428002236,9994.622102379344,3298.540414778418,0.24813812443208477,1.6288936429274887,True
6.4963041383240485,9942.663818694053,3330.152330711191,0.2509002078553175,1.6299240585968633,True
8.034147151962905,10061.555854800225,3290.794310471953,0.24645805942319463,1.9800803161931635,True
6.885468952850113,9994.560252361416,3323.9229007486956,0.24957218194719857,1.7184215102924951,True
7.738927049119898,10063.920353665892,3269.2096619641356,0.24519446357545,1.8975420664584934,True
8.151691303227125,9912.082901332771,3332.054710075885,0.2515871405024978,2.050860705237992,True
7.567707124185024,10076.010832741089,3269.4686453948825,0.24498697485926113,1.8539896749749678,True
6.482258877580247,10076.893473038832,3297.669054087058,0.2465627602696405,1.5982836416385675,True
6.135873652939803,10072.010816965038,3320.7541877879444,0.2479513518388052,1.521398166958532,True
6.3595728581436655,9990.173013240033,3279.6358500831707,0.24715019514319064,1.5717696729175457,True
6.5793984428117005,9943.41572699843,3276.7712994354224,0.24786119083515962,1.6307775330143028,True
6.29513719580698,9904.604624520747,3320.6701718158934,0.25108515497430034,1.580615498393678,True
7.830892870549513,9905.015595645571,3308.297700849627,0.25037608861716354,1.960668327308219,True
6.589491160634726,10084.638583813059,3325.6242732047217,0.24799098337318387,1.6341343928547083,True
6.413491238097191,10060.310866314865,3267.761185874832,0.2451788355494345,1.5724523135631705,True
7.608908146383589,10047.795811897597,3328.68719664089,0.24884621723932368,1.8934480095490303,True
7.481697119580677,9901.566804795053,3307.944642517271,0.25042142214807817,1.8735772327665732,True
7.1605895085076785,10040.23274653847,3290.9446079245913,0.24686076258844733,1.7676685866530408,True
6.806904751562764,9906.886998369597,3307.5853026142354,0.2503002183725476,1.703769745757292,True
6.802039205019287,9960.902353804408,3287.0023910429136,0.24811488717273347,1.68768718989787,True
6.4424233196397225,10003.898864602168,3279.9722429040535,0.2469138864988432,1.590723780323023,True
8.360790189213278,9969.841166588474,3299.8326552903945,0.24867473756963585,2.0791173061773978,True
6.733552764109006,10082.775505244952,3268.985944543711,0.2448355564797373,1.6486131380863016,True
8.112344367287609,10012.018205965196,3313.1935007471816,0.2486409652372134,2.0170611338190625,True
7.435502095826531,10095.559304288661,3275.7889469276165,0.2449856877095132,1.8215915944115895,True
7.252515599455414,10097.879105346696,3290.943864829454,0.24579784736567897,1.7826527223321476,True
7.058248715190082,9938.868263428181,3298.1321655655156,0.24916008602231693,1.7586338570436688,True
7.863853762893362,10080.282389924589,3268.2599759597597,0.24484021448758653,1.9253876420058251,True
6.871084340965613,10044.222969128316,3269.963152939721,0.24559992799858887,1.687537819413386,True
6.464952297691259,9955.020233160385,3292.239179375006,0.24852228501388612,1.606684717528005,True
7.188788002234981,9942.370730048515,3275.225702475741,0.2477928358000448,1.7813301650391447,True
7.246974625139877,10016.907747540554,3308.7626681812653,0.2482999027409187,1.799423094588137,True
7.505896291065261,9912.638980087397,3291.2483280655506,0.24926358815811142,1.8709466418535872,True
6.432025202176814,10088.16252706358,3292.153873971731,0.2460445459807661,1.5825647206064397,True
7.3213619727684485,9976.076607249714,3315.514683378811,0.24944452555627963,1.826273663723013,True
7.6483336859146736,10073.31005767138,3303.496388922782,0.2469570298495182,1.8888097703715057,True
7.718240527084305,9907.207366511555,3324.5537797603242,0.2512555768660497,1.9392509760234906,True
6.299399656621001,9966.175635188822,3281.8166767836947,0.24772181320016626,1.5604987050106591,True
6.433842232818178,9974.938767306294,3276.7884980115173,0.2472725579394824,1.590912626288022,True
7.300195360135432,9970.404430258506,3274.4987267497377,0.24722707957416132,1.8048059792071258,True
6.423669930949975,10062.029569623257,3320.0730395531623,0.24809801094160724,1.5936997328141005,True
7.404757129980295,10034.002743781733,3293.192922778109,0.24710321699870283,1.8297393079122128,True
7.8308546290483445,10007.54363326456,3327.60230260162,0.24953624944228828,1.9540820940605055,True
6.644741498426144,9982.597808608998,3325.9444693050173,0.24991050107903529,1.6605906774123373,True
7.766436980865843,9953.341908568258,3279.295850532179,0.2478187576983221,1.9246687643404807,True
7.3246607996315305,9927.38500918225,3323.0404554320376,0.25078745315056716,1.8369330271313882,True
7.145539903947865,10085.849328948509,3309.150113480642,0.24704369176745078,1.7652605575429163,True
7.0651464060547475,9992.84091265474,3321.639979098064,0.24947574044404086,1.7625826309960624,True
8.258977166173699,10054.493380150374,3315.939342309744,0.24800538704626318,2.048270828703158,True
7.832718678073488,10056.703912178273,3308.6635576683684,0.24755500102282882,1.9390286803620127,True
6.937384282706872,10024.25674927173,3314.6948264226558,0.24849740308395285,1.7239219784480886,True
6.170254120480011,9908.987436235202,3270.926579880262,0.24817510765857842,1.5313034806309138,True
6.925133611250345,10013.985486214206,3283.649749102961,0.2469348640562738,1.7100569268656365,True
7.233536056388084,10048.278949924781,3310.748373836312,0.24782855020796574,1.7926767537317048,True
7.52488525301894,9968.264633408111,3293.7637347567947,0.2483604802613282,1.8688841153511702,True
6.577199093286312,9913.269309356054,3317.1176052697224,0.2507196219335621,1.6490328700505117,True
7.144417234155693,9931.353250331329,3305.912333042601,0.24974284244888484,1.7842670676988428,True
7.7307855086356705,9946.990527952526,3290.507037302514,0.24857470387297614,1.921677718514607,True
8.180761255696138,10039.19370621379,3297.229901359889,0.24723494081932212,2.022570024909038,True
6.041974001851355,9972.959768387098,3290.6373394573284,0.24809539318041876,1.4989859155751801,True
7.277136343345211,9928.904305305516,3274.34503625808,0.24799539503889392,1.8046963022197877,True
6.156304652659085,10062.423612897523,3303.8687427976065,0.2471791469823634,1.5217101326078277,True
7.698292093354696,10094.484298020148,3286.5967485293672,0.24561518886972578,1.8908174664836301,True
6.494461147567061,9959.151988324113,3310.026397442739,0.24945224950726638,1.620057942598146,True
7.327618014418823,9965.71855533135,3271.6298397815417,0.24715144922750523,1.8110314116491864,True
6.163366888268798,10075.637193095623,3280.707304192845,0.24562913189749458,1.5139024583312273,True
6.8383528819082855,10008.184425259145,3273.5098612977927,0.24646779173430264,1.6854337339038397,True
7.939810807971387,9935.848366118451,3271.8047947784103,0.2477203750674688,1.9668529113154145,True
7.7871197648856985,10038.659166851385,3273.2541117114793,0.24588908019575495,1.9147677163619279,True
7.773508886367129,10038.845605413459,3270.592520255255,0.2457348303793199,1.9102218876435622,True
7.865256650260635,10005.41494478374,3320.510501381673,0.24917672808511493,1.9598389176616362,True
6.516589941366459,9956.576528086744,3299.1212770823995,0.2488832595290371,1.621870145621421,True
7.0431277205297285,9909.034557544639,3312.379097977254,0.25053138675483816,1.764524554915755,True
6.218993053051924,9909.195402902047,3279.8022631248723,0.24867714334146868,1.5465214268933911,True
7.2144878310954415,9949.396281897152,3288.0734497313856,0.24839138569473962,1.7920166294436333,True
7.225150826759359,9964.727403508383,3268.1215987496935,0.24697036882926837,1.7843981645318523,True
6.740370891351244,9914.901791493681,3306.552754691197,0.2500899385268711,1.685698941866344,True
6.826870323198033,10047.83004800485,3290.408981217787,0.24668990966565058,1.6841200233288336,True
7.702056431420164,9964.617695363906,3322.126610219255,0.25003315588930836,1.925769476385528,True
8.192614841540983,10077.802511966805,3270.5240391969446,0.24501378705870883,2.00730358823934,True
6.765353277799661,9951.387111924032,3325.356141489005,0.2504647471159134,1.6944824978739077,True
7.238349606209237,10043.808606400442,3321.1919816384275,0.248499202058454,1.79872410136312,True
6.674395410828448,10064.696829515358,3317.6516918110974,0.24791251599254063,1.6546661590275475,True
8.290387116472603,10025.97333784352,3312.5940456096173,0.2483470638472751,2.058893298533248,True
6.882331141985149,9923.651183870543,3329.8764084861273,0.25124453737180674,1.729148103807637,True
6.468432628762864,9966.804393224369,3329.256988713229,0.2503942252580114,1.6196581767127194,True
6.231211465098763,10044.876213546515,3330.5895515220327,0.24900736991307038,1.551617578296413,True
6.6058083225874435,9971.78686023365,3331.707277642522,0.25043851210163426,1.6543488075373918,True
6.190361612033465,9904.836776861,3328.6637085991224,0.2515331232470489,1.557080990303414,True
7.231375132625927,10063.953385645815,3313.5134856254936,0.24769364166704894,1.7911656408606549,True
7.864843084523121,9959.319377622924,3316.2965402118043,0.24980359184364662,1.9646660518005405,True
7.650335214290448,9937.739450349507,3289.337279966456,0.24868210467301657,1.902501462543842,True
6.966793748819568,9921.110248445171,3293.942861784023,0.24925687655650255,1.7365212494441327,True
6.774757050419763,9994.824197576148,3269.634060727105,0.24649586112424812,1.6699495730507907,True
7.492831501883607,10003.002960810223,3277.3842148050894,0.24678378510099727,1.8491093191588268,True
7.968504194449023,9952.017813319064,3329.713910960034,0.25069877784636274,1.9976942628119854,True
8.355983236189708,9921.863937608729,3306.7592255400637,0.2499700221827893,2.0887453149093567,True
7.871083174530608,10053.572485196684,3305.709727716544,0.2474466573152567,1.9476732209879581,True
6.396305364750753,10085.45905091931,3296.8031856394437,0.2463561935464819,1.575769442420937,True
8.000450144640936,10074.434876980058,3321.6287339868204,0.2479555808668691,1.9837562628108705,True
7.9548661861447245,10099.470323723699,3305.1193277702664,0.24656624437600036,1.9614014800313422,True
8.070996033463583,10024.391309891515,3285.7337511918745,0.2468597204093009,1.9924038242453967,True
7.273071972470804,10007.98162229677,3276.3392697459385,0.24663204813943193,1.7937726368359725,True
8.28691294111172,9974.471263308538,3331.0046344223724,0.25034840241906986,2.0746154157932346,True
7.9706089658980375,9906.77335104676,3275.049381117329,0.24845193625052314,1.9803132306731475,True
7.0931901739816325,10088.702164182841,3281.4533070931843,0.24543120041819586,1.7408901791948637,True
8.316676664914723,9912.859675165684,3295.981096726494,0.24952841461608005,2.075247143070719,True
6.699384621058648,9911.442107410261,3324.272016549829,0.2511592487882487,1.6826124087686363,True
7.558592993181438,10005.349000071183,3281.554783772354,0.24697663482463258,1.8667958614649987,True
7.95612937459504,10038.915939543112,3298.6343026250047,0.24731935345937917,1.96770477296402,True
6.805558760323024,9932.684347993987,3306.5689257911986,0.2497549414164074,1.699721929490395,True
6.727736402023962,10066.57126199874,3278.384152745653,0.24566467634080486,1.6527671857094675,True
7.033280795793955,9954.679950073598,3308.846955442191,0.24946961536046414,1.754589854848857,True
6.593419614928724,10052.216480205443,3280.6234802956283,0.24605586581812813,1.6223495720535162,True
6.218297027028511,9971.923131289335,3289.235620080661,0.24803530986617997,1.5423572299389623,True
6.237000477566484,9901.227274539084,3322.933411250995,0.25127745270228213,1.5672175925058234,True
8.132141190579835,9962.189711733645,3291.0218668658595,0.24831882048725498,2.019363708480606,True
7.910547621168179,10012.021224216476,3277.099580103995,0.24660017982819193,1.950742465919549,True
7.304209978249618,9996.81145618694,3269.0986121816413,0.24642852207904867,1.7999656698950937,True
6.660478037818337,9939.60408912306,3324.519243201697,0.25063995259300864,1.6693818996455632,True
7.892946370591847,9919.58530166313,3328.2621637604875,0.2512304110118362,1.9829481607781705,True
6.138359080358301,10009.571184038472,3320.580959672386,0.24910300526757528,1.5290836943287625,True
7.323234591528719,9960.880255598788,3286.1390646432155,0.2480662996861382,1.816647706854057,True
7.619840433698505,9913.451500988642,3315.658763353058,0.25063354202211346,1.9097875975411736,True
6.389816877807248,10013.966460882179,3289.6237396994147,0.24727338185414055,1.5800316288040637,True
6.665695203718379,10066.95909932132,3301.752266420177,0.2469761053321271,1.646267440745405,True
6.233769321134228,9992.258493239002,3274.014935009701,0.24679236054626588,1.5384466458636095,True
8.136494725611671,10007.570358837016,3285.4170551419525,0.24715415375230043,2.0109684684186084,True
7.631213679408231,10093.80156323524,3304.4130318001107,0.24663084833889332,1.8820927036078194,True
7.907627190311105,9992.706080851678,3274.353155245128,0.24680323626929468,1.9516279817798505,True
6.104141009344979,9965.62459829254,3331.124463787675,0.2505217213798074,1.529219913206179,True
6.365217232951625,10053.249469018498,3292.6110764888367,0.2467140328090151,1.5703884132469355,True
6.246720357664053,10041.636094879295,3268.802411725917,0.24558187246076052,1.5340812821738898,True
7.501343420306669,9969.363451918622,3280.4105985263463,0.2475823803513223,1.8572004598322547,True
6.5246899399551594,9920.596732402773,3285.8002450427653,0.24880368586938575,1.623366906215745,True
7.5128757460759825,9997.823307855831,3269.505452402045,0.24643283599000043,1.8514192765459947,True
6.3029516256520415,9980.33019363632,3277.6151569674767,0.2472189370442839,1.558209001135239,True
8.120757941153505,9991.490566301496,3281.083890801201,0.24720779690524614,2.0075146798333403,True
6.832533218332721,10057.443296277124,3324.8953770195303,0.24845398537507374,1.6975701083023436,True
6.732435808649035,9961.105186289511,3279.754243455569,0.24769949872647448,1.6676209750105326,True
6.827101803112301,10040.617354705766,3309.4560589837683,0.24789796703216335,1.692424657713156,True
8.133282610410774,10039.334500385808,3330.9017679518784,0.2491281156967922,2.0262293711611234,True
8.12824358011612,9992.89635743679,3309.1487164746527,0.24876992207496734,2.022062522031841,True
7.077155834157415,10020.411674458634,3287.5153284005114,0.24703436738826448,1.7483007143992422,True
6.18005326083755,10026.16929518882,3332.2572095430596,0.24944982916683284,1.5416132301578551,True
6.385724556163603,9988.722702842055,3281.0894919834163,0.2472596781183436,1.578932198309415,True
6.951366842430752,10066.570392330037,3299.2250720845473,0.24684090676596715,1.7158816946484847,True
7.027656444416134,9906.50282005219,3301.771849569507,0.2499775278873781,1.7567561848169464,True
7.915295344900386,10099.937684325218,3281.9100556636727,0.2452508890723933,1.9412332206073957,True
6.452937036175364,10069.757909484148,3319.0589768401655,0.24789785423313532,1.5996692447694008,True
6.780189400502357,9971.278054662329,3288.305552525679,0.2479946316521653,1.6814505729094973,True
8.122198143846385,10015.760816945389,3310.605195967628,0.24842520404735313,2.017758731198071,True
7.759386952518408,10067.783167962361,3290.317545071485,0.24631627023601016,1.9112632534622955,True
6.87738349463664,10017.664182247483,3287.6606992763086,0.24709360564668825,1.6993574851047888,True
7.634156898339256,9981.02383476626,3284.170491011024,0.247578015847769,1.8900494175613916,True
6.234079281871917,9962.738617596096,3302.6964547037874,0.2489700817729143,1.552099228586482,True
6.078407708250283,10099.194649876172,3283.2554576281536,0.2453403847018297,1.4912788855166914,True
6.073374804166337,10031.833765693435,3327.497011159894,0.24907662417680299,1.5127356935822032,True
6.933816931791967,9959.338460574934,3283.345970306369,0.24793658622943276,1.71914689960834,True
6.781386036626279,10004.769030032945,3313.564212262089,0.24879721448470762,1.6871899562581099,True
6.201153858688893,9913.121196566832,3311.4737290492744,0.2504026586579929,1.5527854129629703,True
6.8581761045776535,9971.517711083938,3319.470275449887,0.24975346293391515,1.7128532315288976,True
6.677028429904595,10096.644214167865,3268.2498064246033,0.24453989694111478,1.6327998441217633,True
8.118197936547388,9910.547277211615,3332.2214065969806,0.25162573523398885,2.0427475245587874,True
7.146230152350738,10094.39402892981,3297.5948558668024,0.2462363793932378,1.759661839025632,True
8.136989746447806,9990.980201036988,3268.5878573513437,0.24650786835273672,2.0058319972049246,True
6.1842935065363385,9918.81122844322,3295.862525266566,0.24940929959328817,1.5424203119445483,True
6.679337656542181,9909.345427051216,3303.873822420628,0.2500430636956766,1.6701220510997077,True
7.04678167607798,9933.419678273302,3326.821997516119,0.2508869807094269,1.767945778429719,True
6.944128337879541,10057.635733058483,3312.4638689718836,0.24775162246875534,1.7204190623409177,True
7.839379155670732,9906.293646795246,3282.7276905564167,0.2488985047935015,1.9512097503557875,True
6.222427242730923,10075.051241602872,3294.0090813373076,0.24639047186323676,1.5331467844711313,True
8.089066234981804,10014.09852421918,3317.3381328857486,0.24883575703131652,2.0128489202581585,True
8.041820104502404,10058.54757975409,3329.908068292339,0.24871487465234432,2.000120279268018,True
6.314246110379249,10060.336089710672,3272.42450041635,0.24544238069043234,1.5497835975967853,True
6.486333337972023,10099.076072861068,3291.8341935963795,0.24582602139019719,1.5945095178842597,True
7.856166578578137,9900.3663174962,3313.4377090969806,0.25075577800522747,1.969979162550027,True
7.816764116316642,10061.688373573514,3326.9914382898637,0.24849286748510477,1.9424101297181933,True
8.117982762611915,10011.967325470843,3312.010218830783,0.24857518768839845,2.01792908886744,True
7.016627021125428,10072.013230404473,3323.8377041883723,0.24812441706148303,1.740996489354597,True
6.9666510098604215,9994.958210445824,3269.748585879419,0.24649987640776547,1.7172786129066284,True
7.91297124379134,10052.819434446501,3309.552322250885,0.2476770129219086,1.959861080999199,True
6.335509585678512,10007.461142789434,3324.3346678127123,0.24935385412736566,1.5797837330498066,True
7.375217637115535,10039.94250522967,3331.1850920200914,0.24913269788146108,1.8374078673975278,True
6.273547990312335,9979.100019164702,3267.208584493735,0.24665049579105983,1.5473737221795445,True
6.555154348154138,10013.829630555942,3307.570378757048,0.24828999778136876,1.6275792585597209,True
7.201077197296623,10009.454150383148,3330.587859832279,0.24966846860615646,1.7978819161637611,True
7.6581377222782265,10075.627773836719,3275.099730833747,0.2453124542979417,1.878636560003721,True
6.5256921103212076,10067.396929423465,3288.5972321927543,0.2462263154953939,1.6067971243817525,True
7.583800183417814,10074.181376547442,3292.8954394431107,0.24634372082787304,1.8682215551982504,True
7.3708796422993785,10027.171583001464,3277.866250151911,0.2463627906404109,1.8159104781514686,True
6.788344256922283,9983.169268804224,3268.45284657562,0.2466454912551612,1.6743145040577487,True
8.120793570198023,10063.432928149108,3281.798704106184,0.24591545463880213,1.9970286428431079,True
6.353065260863088,9937.982192795727,3271.6607813793935,0.24767215796638087,1.5734773828592095,True
8.1886674941636,10041.048398623014,3307.247481514085,0.24776552087337433,2.0288694669503133,True
6.47894715504769,9988.153505707663,3306.010741487955,0.24868135220951196,1.61119333941123,True
8.30231220817526,10039.167983715037,3270.830984233968,0.24574239202499237,2.040230061375285,True
7.094735003865252,9980.747127529803,3296.3605212083385,0.24827399222914526,1.7614381832174864,True
7.1737513588334005,10023.747001735364,3273.227189097738,0.24616331069923353,1.765914384623555,True
6.842009892395256,9917.598320351766,3317.005026799824,0.25063123841287804,1.7148214125641856,True
6.167570743635355,9985.568203367715,3292.2152673552037,0.24794916068743184,1.529243989364746,True
8.203097692202865,9994.104694519106,3308.070352820088,0.24868642466720464,2.039999036269728,True
8.289599174367856,10071.485504162698,3299.0080934580083,0.24673794347017006,2.0453586524755445,True
6.038572643585268,10095.373902544648,3316.8596490304158,0.24730106557389175,1.4933454493039893,True
6.149243498138502,9949.571156906062,3315.2005627124545,0.24992518776703054,1.5368508358974569,True
7.807618122462876,10009.57762253542,3331.4850360962405,0.2497166171347506,1.9496919854214023,True
7.321981625658734,9926.395740075208,3270.276433305814,0.2478106897208738,1.8144653167780556,True
6.691720972687022,9956.069649850151,3275.832042261393,0.24757076635585526,1.656674489447675,True
6.486557066822486,10049.993575646497,3284.5223736430494,0.24631733061281813,1.597751421567426,True
6.782210417254572,10048.576078933365,3313.3072569463684,0.24796708470349949,1.681764945012321,True
7.240482672680055,9942.653792343166,3268.5362612426716,0.24740664905925805,1.791343555619393,True
6.397797871029665,10034.55223225569,3327.070368018241,0.2490019713586306,1.5930642822404366,True
6.748176662929847,9908.532065221534,3302.8534546987644,0.2500005355016458,1.687047779392171,True
6.712342157496694,9969.241873554889,3305.4260942758488,0.24900254396464583,1.6713902731778163,True
8.22206836957315,10083.8214550961,3327.4199236020295,0.2481067806957205,2.0399509138349057,True
6.766000221266156,9994.997560508684,3320.1024556074867,0.24934866817289703,1.6870931440302426,True
6.687650193918973,10077.084510231442,3279.827146154296,0.24555280670635118,1.6421712753870776,True
7.246765097889196,10099.469329450743,3310.3514370969715,0.2468602298812979,1.7889380979606933,True
6.854869574513566,10095.96805158577,3286.9931291712555,0.2456103013955931,1.683626582223758,True
6.679830097893286,9976.858370827384,3311.88345665789,0.2492247572910085,1.6647790348926277,True
6.618142498027666,9935.287844692843,3308.653549244808,0.24982393464526564,1.6533703989003188,True
7.1838251605935355,10038.360884256343,3283.0466859971384,0.24644893331903878,1.7704460479787492,True
7.881238523048513,10029.7977345071,3285.9695132480974,0.2467728259370149,1.944875502216347,True
7.141603647290354,9977.561646135213,3292.4246261991852,0.24811062789592445,1.7719077651130337,True
8.33261911543854,9989.099195441444,3304.5309291464437,0.24858002653725003,2.071322680840509,True
6.368474019773888,9944.046316908665,3324.201569834393,0.25053809653012,1.5955453587156716,True
6.1472146958900495,9923.509877562035,3267.7252315680544,0.24771942919176337,1.5227845155851023,True
6.479349673210873,9950.162376513023,3294.0159306849096,0.2487142542391385,1.611506621927248,True
8.353458302517229,10075.861077597663,3307.2045599617913,0.24711860866019747,2.0642949932190326,True
7.184684624197394,9995.420430022317,3272.6984767118124,0.24665881423860167,1.7721657900828427,True
6.23423597293743,10071.212240579975,3277.212540493084,0.24551305447964877,1.5305863160627735,True
8.080357996214936,9933.401341141513,3274.768266467693,0.24793505563262183,2.003404009323051,True
6.188430143738475,10005.692383745827,3319.165053663188,0.24909572723418127,1.5415115070924643,True
6.016069278741454,10002.12885124302,3270.300532039018,0.24639803592839535,1.4823476542910523,True
7.7785402784835895,10080.281469279636,3311.2055879133222,0.24726197873109074,1.923337260897342,True
7.498876856823338,9947.762282611897,3278.5840765914686,0.24788282323410593,1.8588427663542673,True
8.130020994177285,10007.143666009226,3299.356082809603,0.24795071168903565,2.0158444915530587,True
6.224426088684753,10005.891501926759,3331.869648469841,0.24980726606959577,1.5549068640666055,True
7.190705977996364,9932.920496595301,3290.048386119807,0.24881313835809715,1.7891421213956056,True
6.419526630749857,9937.136081482586,3283.6832698441644,0.24837214567300148,1.5944316034843158,True
6.2818608419343915,9928.621378092928,3268.9771127668464,0.24769484501523767,1.5559845476502294,True
6.831286949890781,10028.88751176213,3307.5400446505696,0.24800794895482853,1.694213465164299,True
8.164633819772977,10099.42353414082,3321.2080358594158,0.2474703234744531,2.020504572429678,True
6.61940047504252,9915.710674270886,3332.4668297138246,0.25154152929423723,1.6650541185031957,True
7.086122381900195,10085.080567709992,3296.2353136775496,0.24633117870435883,1.7455328787768136,True
8.358089395626944,10064.564630162547,3300.576190783833,0.24695409012159744,2.0640643618520245,True
7.2115567195078905,9995.091072933077,3276.6451125140975,0.24688895761106444,1.7804537212323706,True
7.659829246243598,10002.113706609312,3330.2176999929916,0.24978509747693747,1.9133111949296537,True
8.003449682033576,10007.41985483262,3305.0779416909704,0.2482688066663233,1.9870069017724408,True
7.313437534526901,10062.654576962637,3304.8252729118863,0.24722874543498247,1.808091986478197,True
6.919828939021466,9950.08189254313,3287.83162180194,0.24836479088937466,1.7186418674303097,True
6.760459329955886,10004.695883311095,3276.1992102867493,0.24668512078422078,1.66770472636698,True
8.262457017384163,9987.993896583863,3321.413629764545,0.24955383049089142,2.0619277979545636,True
8.351017576950397,10021.060715920554,3326.0464203869356,0.24919605322858707,2.0810406206185976,True
6.968032546228276,10024.251304259364,3292.808227027231,0.24726240948996528,1.7229325167849014,True
6.939491678582852,9941.633982774747,3314.549947291449,0.25003801733421616,1.735136740620148,True
6.295452439244716,9952.479749796312,3278.6318430242477,0.24779715748171094,1.5599952195061442,True
6.495197452714993,9941.763225203325,3301.318089836585,0.24928625078268923,1.619163421080594,True
8.11067636442272,9946.846848875735,3287.021339676659,0.2483794830690553,2.01452560273572,True
6.1316920552635255,10014.481965833513,3326.8269275314697,0.24936285893103013,1.5290162609851967,True
7.04523427453683,10014.164961455128,3296.2777302066293,0.2476459879333361,1.7447240021394737,True
7.523568504112562,9949.909847066712,3312.7754787146164,0.24978165411758005,1.8792493858241632,True
7.193757959910336,9995.030277716904,3279.988446433602,0.24707976045762564,1.7774319935247835,True
6.825272985366567,10028.575754167914,3268.6194421531254,0.24581269913654127,1.6777387748766748,True
6.310374514537198,10022.933866580666,3310.320346900091,0.24827549928157444,1.5667113832504458,True
8.27314179741672,10052.912578838403,3300.8262958508517,0.24718367843085917,2.0449856216655546,True
7.0262144328647285,10063.70227740851,3324.4878418776725,0.24831495611110455,1.7447141285240144,True
6.247204414972804,10004.212233248658,3269.4193746080596,0.24630933501822339,1.5387447651748605,True
7.677586237432637,9944.854466575764,3325.353277796623,0.25058788391665043,1.9239100888258427,True
8.256980528572296,10015.292407104405,3290.96198997454,0.24732444546505802,2.0421531304449245,True
7.08150627765327,9986.391014540759,3317.556529544403,0.24936632668995787,1.7658892078902728,True
7.223885919236273,9947.627892954333,3268.0737702912916,0.24728719318628217,1.7863744728658437,True
8.213366867336116,9990.652479950966,3278.548638791235,0.24707957995756202,2.0293552356187647,True
8.089453926060939,9947.766650029793,3269.2861274729958,0.24735364097492016,2.000955882110036,True
6.1165171737768835,10082.338778940237,3289.903773670372,0.24602483545499984,1.5048151312361384,True
6.628126400371809,9924.713935759739,3325.0526210772264,0.250951788985405,1.6633401777946981,True
7.649413958791497,9969.111529026397,3307.7980079287104,0.2491391538612014,1.9057685212273763,True
7.511455576426124,9907.749020279509,3289.8506588340106,0.24927643956654622,1.8724289020537834,True
7.803723198336964,10077.705105562476,3326.6102328826205,0.24817457280652935,1.936685671047679,True
8.102723623219974,9980.9218741542,3284.450272401543,0.24759578820065944,2.0062002420632528,True
7.546414324291559,10063.368802571013,3278.877255765186,0.2457515205032928,1.8545427945424795,True
6.156458861002024,9997.973775039203,3307.2586612428354,0.24856827395395753,1.5303003527478205,True
6.735794434803074,9963.68228033429,3289.950768345957,0.24823010839835793,1.6720269827002232,True
7.735323243012952,10079.315737879517,3312.758215874576,0.24736707901362337,1.9134643158503024,True
6.623509884907381,10028.804661712107,3275.7362490493915,0.24621189645106678,1.6307869299254332,True
6.669100411689725,9979.861632167618,3321.0164859472916,0.24968400254899625,1.6651676841918492,True
7.288031343523716,9973.273115447146,3307.9833433418667,0.24907156590239424,1.8152413790771822,True
8.36306266627762,10007.523448950224,3291.746522482458,0.24751332438195858,2.06996944254502,True
8.293436218625555,10042.1768766137,3268.507724963154,0.24555519289939073,2.036496330463392,True
7.9360273548502835,9982.305653143121,3295.2508603730193,0.24818202483405408,1.9695793380651856,True
6.175209370085414,10082.870807986767,3332.6606991595363,0.2484180889429737,1.5340337105393629,True
7.1519309997765355,9951.258814538689,3276.7108547582175,0.24771079286367773,1.7716104984609609,True
7.533290979184861,9920.055818694434,3285.838255116348,0.24881603901644533,1.874403622199096,True
7.522011768947126,10068.813755336407,3276.0292403985463,0.2454902797616708,1.8465807735294102,True
7.215300123029897,9935.338126233948,3294.05326954951,0.24899507248681207,1.7965741771479333,True
6.359606519517369,9901.16524898362,3302.778748837547,0.2501357737796034,1.5907650976932874,True
6.808470357426955,9929.32589946677,3318.189961673612,0.2504763909290366,1.7053610828756318,True
6.159406618881153,9945.821487224022,3320.055525558973,0.25027033812840027,1.5415167771776928,True
6.76730819391482,10067.843264482766,3311.3540626921517,0.24750020361582933,1.6749101559249882,True
6.2586665569463555,9977.49605662663,3323.642227982246,0.2498765261186801,1.5638938573849157,True
6.239764536251423,9919.113881428622,3295.6245688142158,0.24939007164032478,1.5561353247145002,True
8.14037841205952,10035.319744299512,3313.7966274805244,0.24824089738897429,2.0207748420954887,True
6.094243226818385,9922.135680350691,3299.934722015906,0.24957776063764237,1.5209875773304522,True
8.232509610647448,10003.91605560579,3316.9325807889895,0.24900309817548535,2.049920398810673,True
7.78139169479208,9913.0367300937,3318.946453527058,0.2508275900497987,1.9517877260382162,True
7.957462906779936,10096.222369471427,3270.9239288477734,0.2446987454052974,1.9471811898982414,True
8.077036275120895,10053.938131556048,3285.6985813130946,0.24631094924371397,1.9894624720009393,True
6.480336601546396,9978.897994831708,3291.3461163694683,0.24802453434833965,1.6072824680190467,True
7.747437845419699,10055.002623001974,3279.533470915198,0.24594282454349695,1.905426746677705,True
7.551844627137533,10034.108644613445,3296.704715268618,0.2472995927757692,1.8675681009969927,True
8.2277885922794,10068.336142726288,3330.955179233356,0.24859189185433758,2.0453615319322727,True
7.126729500561803,9940.185114977832,3293.4593640784497,0.24887017097147474,1.7736303892722687,True
7.884666520786671,10019.564980343652,3318.140432017911,0.2487789563070282,1.9615391078702753,True
7.875264058302383,9929.06038522094,3282.5494149935357,0.24845945835762173,1.956683842349056,True
6.058385625763962,9986.576978858791,3287.5505669195254,0.24766603722781713,1.5004563599309295,True
6.937655706909338,9960.982401163486,3292.569926979428,0.24842923960755076,1.7235165319264718,True
7.470342552660551,10096.228213686216,3279.459666890792,0.2451806364032263,1.8315833412114157,True
6.523853694810481,10004.86372820949,3330.6651479903576,0.24975875939458647,1.6293896052876549,True
7.888109238932872,9977.26513298744,3268.940187539905,0.24678314343158353,1.94665239371557,True
6.732765893870007,9922.84507809541,3311.248780388544,0.25020593142202996,1.6845779615222212,True
6.179313084037417,10061.62281924595,3288.183597406234,0.24630945908733506,1.5220232632605484,True
8.187422365636241,9968.092886532726,3293.6596407624106,0.24835779690379914,2.0334101810503085,True
6.006828656334128,9983.257505153913,3281.080828888018,0.24736106289353083,1.4858555210501294,True
7.156207649565043,9911.360705394929,3331.9007759639007,0.25159216108916016,1.8004457477568485,True
6.513035656616792,9953.488657556854,3310.3959933561578,0.24957967296016015,1.625521309156281,True
7.919043481178189,10016.937776334804,3268.6252900438208,0.2460283597851891,1.9483092787418639,True
6.123504643632621,10048.709578445276,3281.13346506983,0.24614944484782086,1.5072972685532227,True
7.500011179915049,10094.973133011585,3313.1733584116673,0.24710151850824383,1.8532641513858141,True
6.139338244388789,10006.223524952116,3332.755521903698,0.2498508701600574,1.5339190025674578,True
7.767678545497314,9927.869959952332,3308.8469329850473,0.24997489632421807,1.941724639090544,True
6.295175118374582,10025.584476476113,3302.8624379801477,0.2478054989586076,1.5599790112406249,True
6.6782395074893826,9988.612784462288,3329.8866488680947,0.2500196561584741,1.669691145406433,True
6.656859254295682,9990.457079030737,3267.9427848912464,0.24648093423277948,1.6407888880549235,True
6.184637497149289,9921.911152585735,3323.408707796893,0.25091192533125334,1.551799301885592,True
7.96455066250945,9983.426448839868,3291.102161578007,0.2479261040572954,1.9746200163229188,True
6.7567145104499895,9924.42782578338,3323.3862020197384,0.25086298728567336,1.6950095863279404,True
7.22815211517986,10087.698384371568,3311.285485965582,0.24712959714028393,1.78629032029309,True
6.410256332942284,9933.788409090565,3312.264611291446,0.2500567230249484,1.6029276923654703,True
8.153494785424376,9916.664914120074,3290.807268875583,0.24916253642482986,2.0315454414629617,True
7.15485784218049,10029.081676873282,3326.1127160267883,0.24905011624503398,1.7819181773117438,True
6.524497768641409,10037.157110020762,3301.186588772711,0.2474959907556829,1.614787039433148,True
6.649378124928193,10036.097346813278,3309.3601051054693,0.24797652062722397,1.6488896517544678,True
8.384889466305264,9980.298866735326,3318.0079913027657,0.24950604815508626,2.0920806349550367,True
8.335205580049713,10046.111412084472,3320.342271746072,0.2484086168467186,2.0705368892732,True
8.359881433092076,10090.254603201696,3294.4865508825433,0.24613748693057533,2.0576802069788602,True
6.852881038828114,10060.487660654338,3315.1464443971413,0.24784966591939994,1.6984842760589385,True
8.324137569115965,10028.06578232001,3293.7464587538834,0.24724462401583652,2.0580982635321763,True
6.871912845798348,9908.018074954787,3324.2242302571763,0.2512215355176665,1.7263724970650385,True
7.730850319156956,10087.600440213258,3304.258881526911,0.24673637932880765,1.9074820168817443,True
7.217791286531455,10034.11655902439,3278.1730551573414,0.24625163290205665,1.777392890254607,True
6.917305159756825,10033.03974718311,3271.451763115027,0.24589077760565373,1.7009015446682065,True
7.742618711138636,9910.813475615145,3279.691874036126,0.24864035054751216,1.9251274304932373,True
7.946052409696451,9985.39604266461,3280.980531036043,0.2473154981549581,1.965181910069483,True
8.105752726404495,10095.103325585298,3292.981012569697,0.24596356949925677,1.993719874064782,True
7.78966853451125,10068.16958399408,3269.1083024388968,0.2451106087970408,1.9093303968212052,True
7.710232895695352,10043.39423579023,3315.599901365542,0.24819233149775582,1.9136206787733225,True
6.846345056083497,10022.113576190994,3293.4231068336144,0.24733686559042375,1.6933535269221862,True
8.102640463006065,9987.784548294154,3325.4989691399865,0.24978803799867605,2.023942663862969,True
6.70657592996769,9992.631570769232,3301.039773048633,0.24831663787022687,1.665354386550967,True
7.654493015364652,9945.476137982861,3332.0143177821205,0.25095211545306634,1.92091121492648,True
7.732498081658363,10069.386517396428,3284.9175202306883,0.24598193293900583,1.9020548245734787,True
8.325984474727955,9989.163564280341,3322.76688450548,0.24960819148574723,2.078233927075254,True
6.271248833108245,10092.32497445145,3291.7909535087374,0.24594758228535638,1.5423984884128354,True
6.208965790973683,10057.990219483341,3277.308847973979,0.24576193090200213,1.5259274216941694,True
6.177593417228827,9905.888209306891,3292.120592000432,0.2494407028789322,1.5409432440938233,True
6.833822091885525,9943.7426080553,3313.394670387473,0.24993289281052652,1.707996924377433,True
8.089742599081065,10001.594119048119,3290.5746230963255,0.2475573916439352,2.0026755768993376,True
8.274322522099538,9948.464086919219,3322.5621443587484,0.2503621111476617,2.0715768549494853,True
6.06954092712123,9938.349323248427,3317.2482041679336,0.2502526345799891,1.5189186077031573,True
7.079033317543116,10096.18518078036,3324.2441784061525,0.24770028509785724,1.7534785709726601,True
6.008149557431652,9931.268456371987,3314.085070556868,0.25020736998971527,1.5032832992698455,True
7.362322235457591,9950.335369400585,3298.2213664998694,0.24894948425306357,1.8328463234220294,True
6.530596751422408,10020.629691756823,3283.196488248178,0.24678588278480826,1.61165908441138,True
8.17881419533643,10030.048323506158,3320.8459967604585,0.24873584623611503,2.034364270084957,True
6.265142788273675,9907.504035762986,3275.3692225676946,0.24845639932841526,1.5566148184528652,True
7.031488902698987,10051.966789494083,3298.12342130054,0.2470487741448924,1.7371207138251994,True
7.815667659212513,9986.796722931018,3287.7701996015207,0.24767438506945097,1.9357406814026545,True
8.30207697376126,10074.658158373044,3283.7198256927795,0.24581725637720947,2.040793783922399,True
6.802172963217888,9989.709147886486,3303.1331126464147,0.24848960424766184,1.6902692676541582,True
7.063183623470595,10085.269258136637,3291.5956133505397,0.2460662976693877,1.7380114439864598,True
6.967616518595863,9971.16608090353,3301.1164162418654,0.24872258535424258,1.73300359426209,True
7.059876804719698,10089.111494614666,3303.631376823891,0.24667324748459368,1.7414827382613645,True
6.116787466282465,10057.466621067415,3332.2194159131327,0.24886464153901608,1.522252120166732,True
6.052072087477434,9929.689386746766,3321.98104480079,0.2506839467492584,1.5171573168998664,True
8.168780036960305,10022.421211706882,3292.513024470412,0.24727970608555477,2.0199735266170915,True
7.739461173456042,10036.785626552934,3300.231384966629,0.24744898968908302,1.9151218481095824,True
6.087360826129536,10098.471758605856,3317.824047092529,0.24729806909022753,1.5053925781573265,True
7.442089096814959,10091.912028705305,3269.8909178095455,0.24471928907336782,1.8212227529932188,True
6.708073651372682,10057.169993379808,3328.54793276753,0.24866413225887757,1.6680573136472283,True
6.419371743095016,9960.356969866012,3331.5312751014676,0.2506439426590002,1.6089766430831132,True
7.054712882428653,10019.993021521766,3313.389432305853,0.24850329192759912,1.7531193748875618,True
6.960265371998103,10011.765043227855,3328.4201060184987,0.24950329165457916,1.7366091211029107,True
6.790857529656203,10031.446693494725,3270.8011441152585,0.24588334122505148,1.6697587391751665,True
7.848126328085739,10062.677921574026,3305.8580319036705,0.2472864675240435,1.9407354363547649,True
6.93036135664308,9918.056976188242,3277.83523853145,0.24839815187904504,1.7214889528440924,True
6.90923091457411,10038.42856351789,3311.073946505968,0.24802976320801118,1.7136949076912869,True
7.196075901076199,9908.378505885728,3269.7393131711087,0.2481188404950173,1.7854820086891634,True
8.081452855433211,9992.743597219865,3332.8124254354325,0.25010681879008934,2.021226464874484,True
7.541040332544426,9987.382928185472,3275.462912170094,0.24696531586031625,1.8623754076422185,True
6.9466583335635255,9964.489778820793,3299.999988200381,0.2487845402395351,1.728221199716737,True
7.454714929657012,9926.31890487619,3278.4353039810226,0.2482768896812923,1.8508334361959367,True
6.212719723889108,9913.609624503619,3329.156453742922,0.251394341187648,1.5618425819706085,True
6.60690275496829,9912.01291790139,3294.6990727462353,0.2494715622691997,1.6482343520426188,True
8.36094301808115,9944.143815036196,3319.791922307076,0.25028709336705673,2.092636125803118,True
7.335040400795654,9915.973872394901,3300.9237232467854,0.2497502684998691,1.8319283095561019,True
7.218266366746606,9979.219856334297,3322.7806864057266,0.24979556088044488,1.8030908956659195,True
7.682130722543275,10029.127807553348,3317.7498377923894,0.2485787257478411,1.909614266038149,True
8.186956250502993,9926.466256049382,3284.1452609688145,0.24859903394616573,2.035269414834567,True
7.059771221174701,10070.262657020448,3322.3225654417847,0.2480717882511241,1.7513300714806304,True
7.326684509810011,9901.16876678128,3320.5912525518875,0.2511459327424217,1.840067015125688,True
8.032669431947845,9993.98853763374,3301.436647706798,0.2483137321059084,1.9946221254200165,True
7.677658646292926,9963.023933147098,3318.268390922887,0.24984529441529682,1.9182268849032054,True
8.060913012474058,9962.286037952543,3277.228716025289,0.2475338996121924,1.9953492324123692,True
7.099377740177644,10060.647052184864,3310.321863640657,0.2475753166790066,1.7576306922483704,True
7.353480467464991,10055.223240508212,3322.516954865932,0.248361599667993,1.8263221720269462,True
7.818870972926663,10067.269992398098,3284.840068536668,0.24601655120768975,1.9235716710973314,True
6.802407944535512,9999.949040831507,3294.579484623581,0.24781469145862797,1.6857366259507875,True
6.293287944547266,9949.03207356753,3312.7452007254865,0.24979647389697912,1.5720411377662744,True
6.387770090838737,9931.958868026442,3267.0896970780327,0.24752463641322867,1.581130469226155,True
6.093536794476042,9959.16052401914,3305.47055746229,0.24919430756555394,1.5184746821246824,True
6.008941788304371,9991.0525023854,3269.7007631226834,0.24656976098238303,1.481623340499262,True
7.135798492678242,10071.83103862465,3267.529164927827,0.244953964438087,1.7479421302128608,True
6.950945374272762,9909.033690169706,3309.337017768279,0.250358920239764,1.7402311785485112,True
8.108952875887308,10059.37493205306,3304.8541539134526,0.24729104332578436,2.005271416957792,True
6.963296538218185,9990.318691378356,3280.7383327256875,0.2472100245494331,1.7213967081579002,True
6.462913907484406,10068.338904922331,3293.6217811932647,0.24649240171883344,1.5930591711578819,True
8.26145696487121,10064.662634448756,3300.256617908938,0.24693427289706543,2.040036868690869,True
7.255586618310565,9985.613259994037,3274.5518556383586,0.24694653702147285,1.7917419894511328,True
7.315307783068632,9994.876310745185,3302.2459676081376,0.24834290446316615,1.816704781889269,True
6.986772878995954,9966.17089064565,3297.727499531393,0.24862430354364135,1.737081541057971,True
6.792182564255613,10070.650659582518,3306.5560000770724,0.24717835974294608,1.6788805453073399,True
6.716639238424787,10013.816854653722,3285.9834282669244,0.24707013326258162,1.659480951714297,True
6.596070262916134,10049.915851134832,3311.1085274957463,0.24781846314055705,1.6346279953230065,True
6.697792406176617,9964.380884637096,3281.338345457475,0.24772821229686046,1.6592321391176208,True
7.478832619164436,10031.402211607834,3275.7810946633335,0.2461663764051092,1.841037125600041,True
6.568373451731261,10098.511425287203,3283.2299487748996,0.24535147235312746,1.6115600973474589,True
6.324603152519934,9990.418714721241,3296.8892501636506,0.24812319085826287,1.5692807151154746,True
8.398631468125535,9947.496019221868,3298.0384256448974,0.24899247662468116,2.091196049506559,True
6.060356745674225,10018.455165812848,3325.929623046049,0.2492381384133075,1.5104720334123742,True
6.452413994620193,9905.843163760794,3292.759361828021,0.2494778788469596,1.6097345568202832,True
7.939603033541882,10045.990047407306,3282.0586102129864,0.24625199791242314,1.955143109641224,True
6.223517824498909,9970.035419729169,3300.200124161514,0.24869190250966206,1.5477384880774268,True
6.539987646890398,10010.353795738773,3272.255510568378,0.24635637735836824,1.6111676646563977,True
6.926528057530294,10016.186479146552,3285.451060239467,0.24699598455538113,1.7108246171201664,True
7.613178206604738,9932.158405370279,3332.241383097614,0.2512168990861293,1.9125590212533414,True
6.047050429790461,9958.265502938773,3287.6826946105475,0.24820289537436158,1.5008954251487698,True
7.929454535031269,10054.925047411847,3326.5623813321567,0.24859436583907402,1.9712177215858677,True
8.193505694972394,9929.623108953985,3302.6623308741932,0.24959122487891847,2.045027122460554,True
7.894346837754322,9975.295484760403,3311.137357246586,0.24921191388390898,1.9673652843001395,True
6.1116850525136375,9916.486589790511,3277.4516862196765,0.24840586772934103,1.5181784287580933,True
7.529331582861962,10095.164117631983,3292.7821116467567,0.2459512501212183,1.851848515382071,True
7.624419631977457,10044.173627655511,3270.8115410884584,0.24564890607362208,1.8729303420415104,True
8.347677884219777,10089.976471471933,3327.299254050849,0.24798620242420383,2.0701089375681754,True
7.991400684714856,9960.160202086983,3282.4406251629075,0.24786978539808305,1.9808267727503652,True
6.1671116517757305,10071.766715431688,3310.346451080389,0.24737098019499112,1.5255644542717133,True
6.308767189706815,10055.967288065915,3294.9881032960084,0.24679792619394622,1.556990659260052,True
7.779418028273535,9928.414766993288,3309.569008638418,0.25000551932467435,1.9448974442022593,True
8.229368059927578,9935.643631267836,3303.446454973045,0.249522167569979,2.053409756044282,True
8.349592890646448,10049.667144133304,3326.122544455316,0.24866737754503976,2.0762713676857603,True
6.504606790482321,10024.126431837132,3289.840390005792,0.24709693467227756,1.6072683991766632,True
7.076334855857195,10077.497901606823,3284.189367959014,0.24579151582446276,1.7393030707026211,True
6.020560869530084,9943.162243668803,3269.541433104966,0.24745438277348175,1.4898141739197435,True
6.474605252954985,9951.838506657603,3278.7646246264353,0.24781671644837774,1.6045154140867226,True
6.345491136313069,10047.801374897967,3331.8112683603163,0.24902150437360748,1.5801637487540725,True
6.589275348466699,9905.549996487433,3304.0406041387077,0.2501243758441761,1.648138383800649,True
7.766424358276396,9963.241728675577,3299.5581289061006,0.24878292399322519,1.9321537608242092,True
7.133242770133304,10076.37934572147,3330.5099072078247,0.24841779807199763,1.772024462069512,True
6.85804891189245,9925.283482202674,3308.969331740993,0.25003068766033004,1.7147226854486475,True
7.664479004920681,10089.311057747225,3309.873340073984,0.24702050824915806,1.8932834992605077,True
8.325629143001963,10080.672158110894,3285.4176442003854,0.2458024517860315,2.046460056011119,True
6.732325347043114,9948.037831038819,3296.7800277393944,0.24891093731080652,1.6757494124138022,True
6.635389354090585,10042.327223694547,3319.0153881534925,0.24840433215224855,1.6482594610730117,True
7.397995256689245,9920.293152527855,3332.6883022566617,0.25146706147796755,1.8603521280275865,True
6.644881338398479,9905.726658355856,3332.0830206440783,0.25170954269949924,1.6725800429807176,True
6.8182014102376325,10011.639133321947,3297.83485823553,0.24778100624618427,1.689420806217833,True
6.264808853718541,9965.147941886678,3291.375633145635,0.24828346696751621,1.5554484620900304,True
6.491475113593546,10055.733831927753,3323.745066950936,0.24842111505773914,1.6126194860884724,True
8.19227305785911,10045.44528630803,3301.807111185896,0.2473772888123283,2.026582298263469,True
7.534198311816417,10034.932483607681,3289.5388618615575,0.24687950287649568,1.86003913379417,True
6.1229668977200165,9986.855181089493,3312.8042505865506,0.24908940470282898,1.5251661795682063,True
7.638798740353118,10032.803111607014,3271.417865858328,0.24589322978019137,1.8783288939062857,True
7.108403861421982,9999.005030963444,3288.781377631593,0.24750408205721053,1.7593589726131784,True
6.297635969967296,9916.27299064985,3281.5922924844504,0.24864568792636743,1.5658800280623546,True
7.931391907796497,9924.13223085861,3289.678694879771,0.2489576030236671,1.974580318006326,True
7.627050129767934,10042.641847889578,3293.056146430163,0.2469354170912404,1.883388804970044,True
6.1634091941736795,10055.970664728326,3328.067969926259,0.2486594712383053,1.5325900712485365,True
8.23412505096174,9926.306031430371,3283.333474884202,0.2485558726500203,2.0466401375511882,True
8.285389723831816,9963.243537868875,3291.640870873125,0.248334181526486,2.057545475695732,True
7.024215486792337,9939.697944005675,3332.7882504337545,0.2511050455513031,1.7638159497731583,True
8.004129601885428,10076.336414338508,3278.2415890505526,0.2454769883569976,1.964829629089929,True
6.401559173269175,10064.708610645906,3269.164686253642,0.24517742245336938,1.5695177777848586,True
7.886298229617149,10013.114712967226,3278.5182971086697,0.24666030837770994,1.945236753275954,True
8.21470288473385,9926.816409842673,3313.011831891551,0.2502307259129213,2.05557106600592,True
7.928133818297999,10047.734452998653,3292.129001042659,0.2467888080252657,1.9565746948825617,True
7.961032881890248,9994.477281812053,3320.3582938505256,0.24937283490902565,1.9852653385609416,True
6.167246556243935,10091.67858388003,3302.5517938131807,0.2465652524025016,1.5206287037687445,True
6.385632186356725,9946.0839803608,3277.408595523437,0.2478474258381985,1.5826624997380616,True
7.697785294160269,9906.149690075912,3318.5227020986476,0.25093420870390093,1.9316376615626323,True
6.843421215852826,10088.41222046358,3284.60843089392,0.24561454861437743,1.6808438129097456,True
8.196465874573782,9940.36035997781,3289.932539967238,0.24866664440822037,2.0381876650367516,True
6.986814350894825,10074.086415064998,3323.594913432668,0.248072396405129,1.733235779264225,True
7.109222048361819,9904.93610611702,3272.283341140717,0.24832881885576397,1.7654247142530455,True
7.021376596020427,9945.671515730088,3297.7694074637225,0.2490115240132341,1.7484036868459003,True
7.6780261882732574,10030.849276720166,3293.9796710245714,0.2472061505586596,1.89805529789161,True
6.551735073861556,9930.51684745931,3289.91634483778,0.24885087326447486,1.6304049945279369,True
8.145472869330554,9993.50083240271,3321.5116977289545,0.24945614510030883,2.0319382620023516,True
6.4743195614703115,10006.595578923641,3284.0124865780354,0.24709271918884732,1.5997572253412449,True
6.638343739723927,10073.475732131634,3287.481010612027,0.24605131757480309,1.633373223673518,True
6.116463621896483,9984.61624791012,3272.7732880512026,0.2468640812864134,1.509935172741244,True
6.350940217629023,9916.928003685027,3277.2287243160695,0.24838485640852068,1.577477374014884,True
8.366856123760881,10056.776390253115,3311.940158423863,0.24773807914654503,2.072788864596028,True
7.075391697197522,10008.287078984193,3302.7923911350767,0.24812355741314518,1.75557135800008,True
7.541099497999035,9900.109219322303,3296.489017559982,0.24979839185729294,1.883754527435998,True
6.813263374929178,9977.785219725742,3271.7379593305554,0.24693250580535883,1.682416197883138,True
8.187882179423704,9954.478944108538,3317.234367427949,0.24994771131353707,2.046542411251851,True
7.151821967622697,10044.984548929922,3277.3146498491064,0.24600218032556034,1.7593637973354224,True
7.490267276946275,10017.030375332579,3295.120548752374,0.24752728297203205,1.8540455077968325,True
7.853703011370427,9924.92434862485,3278.880488672974,0.24832845752240013,1.9502979546526469,True
6.406133918678366,10030.060923462443,3313.984975113987,0.24834933874646892,1.5909591226250979,True
6.721259074673874,9946.146432126476,3300.7755595635226,0.24917302008981035,1.6747564224425333,True
8.13603238055421,9933.208258463259,3295.031603434264,0.24909070578053522,2.0266100479255362,True
7.7461919924107585,9912.613275654396,3303.7550652454534,0.2499744998042718,1.936350468690735,True
7.622817317943574,10088.322947040046,3277.0711327148006,0.24519076004490772,1.86904437187007,True
7.354273204823411,10045.253894321573,3323.4324995598326,0.24859828420247068,1.8282597002753052,True
6.760067835980241,10032.365535616113,3313.1897998312315,0.2482616658919404,1.6782657025029792,True
6.58353306540573,10023.408203315985,3298.7958753139765,0.247616374576152,1.6301905895579873,True
7.472172806913323,9948.097014620605,3321.4312370200937,0.2503051483092037,1.8703233226264382,True
6.670888019537705,9975.532863580478,3271.6303069906953,0.2469683708779767,1.6474983464946396,True
7.54441309288894,10093.971222542184,3276.9833824942066,0.2450822307974837,1.849001590862965,True
6.992809194112213,10097.903907568885,3278.709466669797,0.24510759001109292,1.7139906089762573,True
8.014645244096476,10023.598766278383,3316.4491005396244,0.24860848579029085,1.992508818281181,True
7.884907680091228,10036.026813163153,3329.8914649963112,0.24913301096846519,1.9643907915495034,True
6.198577023396079,10037.802343836498,3278.0724248345755,0.24617777515804376,1.525951900765416,True
7.201141891025517,9980.47860549949,3310.517859671871,0.24907973366383623,1.7936585042921298,True
8.388904287571357,9983.946532844524,3323.064045270335,0.24972280782098075,2.0949007332337835,True
7.601120061610865,10080.821992393674,3325.667801815341,0.24806402368290886,1.8855644269800713,True
7.537686025216411,9956.213483308844,3327.54596602614,0.2504973067840915,1.8881700487007944,True
6.022361492922395,9929.488973162846,3293.2685589328735,0.24906064797294306,1.4999332557545526,True
6.812570337118441,10070.359856283145,3298.8441176776537,0.24674947918386264,1.6809981825874067,True
6.935256836395156,10085.539597847006,3282.3093768039435,0.24553758671481762,1.7028662268559074,True
8.053482266606556,9935.258072859056,3330.502394726798,0.2510600430985238,2.0219076049474394,True
7.592658416095625,10007.454763143833,3320.121713913262,0.24911668821625013,1.8914579193749814,True
6.795322030616273,10054.46702856227,3313.5920493480116,0.24787383344403935,1.6843825212155892,True
7.196479475450955,10045.569602805988,3283.7124735212196,0.24635328855055816,1.7728763847639386,True
8.122862486892544,9918.030043118451,3305.580926878345,0.24997566355955386,2.0305179401639717,True
7.022927123448884,9942.397008954247,3327.6311160662385,0.2507629286626777,1.7610897732605968,True
6.103414435033068,9942.3241448963,3300.834887370013,0.24924830090220085,1.5212656776339584,True
6.4601472757445855,10099.861638123997,3308.3027982436524,0.2467379344834386,1.5939633952760317,True
6.89271312581046,9965.40917107865,3329.180933449723,0.25041621496218563,1.7260471317856307,True
7.46594819845188,10046.124784224365,3289.565976832222,0.24667383458219827,1.8416540709041802,True
7.467663075328397,9911.44508126518,3323.657952930845,0.25112444869853956,1.8753127728582841,True
7.809858882621378,10007.238620909831,3305.4629387608056,0.24829392621362004,1.9391405251403775,True
7.922139056426696,10051.040375443936,3300.7051928347755,0.24721151073134912,1.958443964363068,True
6.312657205468001,10045.746735579914,3299.699928544463,0.2472528654597087,1.5608225827168403,True
6.354975344374671,10048.844940281822,3279.533825853399,0.24605646968752468,1.5636827981880927,True
8.029014533294227,9910.01123795929,3315.6598117504477,0.2506987962492244,2.012864278564391,True
7.081353055137548,9901.77584939784,3271.1685289376824,0.24832478108064504,1.7584754471717885,True
6.777330083576869,9922.9364023018,3300.0622104910344,0.24956988253014925,1.6914174728263258,True
7.323352653590281,10098.710126341699,3288.9388485756544,0.2456696358515001,1.7991253796196414,True
6.1644439792964105,9969.484565211958,3290.267185227782,0.24813942577157716,1.5296415892236674,True
6.25010516965234,9943.580497686073,3303.0084865899335,0.2493478502662593,1.5584502879908448,True
6.296478025269149,10095.739726855549,3301.242269861713,0.24641686244488756,1.551558359440005,True
7.359796754259084,9991.628076562378,3296.8561581352956,0.2480987372154039,1.825956280893707,True
6.0736409380067276,10097.992950059655,3276.7602455150973,0.24499594105401998,1.4880173772311789,True
8.2037831240987,9933.755672463207,3291.102207117888,0.24885728354020964,2.041571183016217,True
7.7527960699880625,9935.747449730201,3300.145549174734,0.24933304835931883,1.9330282774382705,True
6.114860791440567,10013.627213666441,3276.2598065547645,0.24652277341182635,1.507452441333164,True
6.1137092793232926,10043.684947275797,3323.4010060251485,0.24862569281260952,1.5200252052266332,True
6.702376846780347,9958.923508103742,3308.461851096798,0.2493680375992454,1.6713585615322335,True
7.228690329790359,9981.566269206192,3274.6235161853215,0.24702599835995084,1.7856744455513858,True
7.120150378284851,9955.24184277499,3308.8672213851414,0.24946019407558714,1.7761940952143043,True
6.583320574312962,9951.384477799413,3294.918272949537,0.2487424857297061,1.6375515240101224,True
7.515251203075415,10023.876805506638,3298.034247675911,0.24756465003480296,1.860510534012997,True
6.064658840622362,9917.506247131321,3300.5147889656655,0.2496981038199528,1.514333812818317,True
6.109053981751873,9959.92667368889,3331.3557807222064,0.25064216279720997,1.5311865026311966,True
7.947935550702477,9947.33934392411,3274.2112240955007,0.24764199987369018,1.9682426546431604,True
6.015812598539197,9931.446295196778,3297.5741246074117,0.24926820126990332,1.4995507856146888,True
7.39317950501834,9963.730770466807,3269.277614811895,0.24705475275364153,1.826520134675596,True
6.366547072560329,9981.790410756332,3316.168628237719,0.2493742549900783,1.587652933078996,True
6.1833677578263115,9917.724191021154,3320.3050331429563,0.2508156597118111,1.5508854634199485,True
7.01719107409556,10038.90498916936,3305.762570833107,0.2477216128441716,1.738309890510677,True
6.20657805200151,10056.682233378262,3318.1192639143105,0.24808736522826072,1.5397735960046055,True
7.715407510527747,9905.188505663911,3297.738953631012,0.24977331457724464,1.927102907218683,True
6.9972012948698366,10080.626095541027,3281.281090057462,0.24556981608089884,1.718301435062213,True
6.946109101357452,9914.94648791946,3269.753193091931,0.24799603117248326,1.7226074892277123,True
7.238080848869953,9962.99698450481,3267.864120807305,0.24698801497472267,1.7877192210889454,True
6.279114780481048,10098.80896720042,3328.379117943127,0.2478835551298933,1.5564892948543017,True
6.489227576785379,9936.992825256268,3314.6920279954043,0.2501336293989856,1.6231740457773114,True
7.284058677277572,10092.524433796812,3298.563781435631,0.24632529697500574,1.7942479168637653,True
6.45927498949224,9917.400400054466,3299.181432714759,0.24962440928067806,1.6123927036334584,True
7.132297356185605,9993.271422631204,3310.458560011933,0.2488368723907476,1.7747785670740237,True
6.277708841433862,10018.946746072259,3296.0765292422566,0.2475456828793564,1.5540197220705187,True
7.846047337951665,10045.13490934509,3316.382895946938,0.24820405467958404,1.94742076248756,True
8.174212853979435,9972.849618783928,3269.0357228023986,0.24687086758982468,2.0179750191258,True
6.205807101881102,10015.423624051478,3294.326168830898,0.24751225380604805,1.5360133024721707,True
6.994029677161345,9998.690814750526,3270.0366650706046,0.24644689327168898,1.7236568853864074,True
8.023026326620784,9992.371660525634,3302.9985145252053,0.24843223400604378,1.9931783538117043,True
8.137507311921182,10069.56048584742,3271.555001796008,0.24522349760229045,1.995508004793525,True
7.414123998252509,10039.950388921623,3308.3688698432943,0.24784909663221588,1.837583935286117,True
7.8898525363339225,10047.029321391718,3274.7010297651523,0.2458164925610264,1.9394558773053228,True
6.86196217596606,9944.776888344599,3300.8914343223237,0.24920535181102227,1.7100376981755498,True
8.15308057922262,10083.4587325635,3310.858273238437,0.2471838072672382,2.015309498528827,True
6.514437698659443,9915.716240061163,3306.8568316694664,0.25009177969599605,1.629207317776429,True
6.261468404892256,9983.878675157766,3270.162471835964,0.2467294642870261,1.5448887451892064,True
6.0713589129446985,10026.917622149289,3272.975570212554,0.2460903650032491,1.4941029309522906,True
7.52760154164766,9949.177572519984,3286.9818837975617,0.24833350600265724,1.869355682628371,True
6.410087995619353,10064.94286482192,3324.473335026296,0.24829113423660568,1.5915680189887793,True
6.985912390175921,10012.7028995505,3303.6716620951793,0.24809092345678965,1.733141456066973,True
6.603754044351781,10028.507534251949,3332.6052605740506,0.24942572611650873,1.6471461476072742,True
6.763049159248166,10083.648404842783,3295.2311403208573,0.24630097977913687,1.6657456342172912,True
6.848185951344356,9962.059399297765,3299.9004805646478,0.2488244958104098,1.703996416559191,True
6.942875993962354,9994.49618467389,3301.4520111934676,0.24830511991763204,1.723951656254071,True
7.152540113003883,9948.11247918242,3328.5388475493364,0.2507062033667721,1.7931861761597463,True
7.443464581821533,9982.221408355314,3290.814590585664,0.24793231863819476,1.8454754324722933,True
7.873310563521148,10088.563738611176,3267.028718469212,0.24461877890989525,1.9259596160269226,True
6.591933922254996,9960.579741368298,3270.0776094073262,0.24715911860687886,1.6292565781393307,True
6.0243257194829924,9900.828337460156,3319.5166736174638,0.2510915313356775,1.5126571701698919,True
7.936625961841822,10061.172602658231,3323.9586724867922,0.24833216829625587,1.9709195340605368,True
6.8809900175408965,9905.91316633955,3327.0088487737303,0.251419062620785,1.7300120601131113,True
7.223403765629801,10035.850479343711,3332.1036845032727,0.24926055577859427,1.8005096372340748,True
6.916738670525932,9971.817469316127,3319.0480941987566,0.24972399866190548,1.7272756385031678,True
7.9634681512385,10046.173164009251,3293.7476861347072,0.24690908762769476,1.966252655574503,True
7.380484985121406,10073.932302916091,3275.186449684177,0.24534851403926608,1.8107910239886518,True
8.3809288166165,9986.068556075803,3327.593908534825,0.24993828087349995,2.0947149405483043,True
7.253147787025316,9912.225642745841,3270.3065592717444,0.24807878404205408,1.7993520834825558,True
6.322678197896842,10089.602031942457,3328.481746445784,0.24805939517286246,1.5683997296429346,True
6.764829120615388,10004.686492250956,3314.94566675654,0.2488766677024774,1.6836081291154383,True
6.516013125407152,9918.346094465971,3285.01592581094,0.24880147350091703,1.621193666952615,True
7.9953619607592,9953.686332830612,3329.022690989331,0.25062829314557594,2.0038639213061438,True
7.692975735804956,9991.900942044445,3274.5332846904375,0.2468284415183326,1.8988452115070853,True
7.170468035224363,10088.231949812201,3323.1563993521618,0.24778615851200977,1.7767427291814033,True
6.832180098706209,9929.31928464089,3278.1367368049514,0.24820349441118858,1.6957709749454604,True
8.231199733270017,10082.176806094276,3309.9669063063648,0.24715736161354473,2.0344016089891306,True
7.1741830929872155,9939.27696084989,3328.903719971215,0.2508937585379042,1.799957760638649,True
6.871220395551357,10028.66835180164,3300.0364282106866,0.24758868042147716,1.7012363906197008,True
7.1956565199092575,9982.084561423193,3290.261905214383,0.24790355748209608,1.783828849704744,True
8.266034337725383,10005.358283719514,3294.8807186813265,0.2477309406309589,2.0477524617725145,True
7.159948585266307,9969.698037581795,3314.340742613065,0.24949797252582603,1.7863926554131002,True
8.087658017951899,9954.29732148335,3298.8648563365186,0.24891152859031707,2.0131113199641413,True
7.364820532966961,9968.046662296678,3300.05596764053,0.24872101608518743,1.8317856462445943,True
7.771995940502094,9919.242865333712,3311.0900836061314,0.2502650610823404,1.9450590387814584,True
7.880776159732361,10074.763317941746,3285.7772476097616,0.24593145999509403,1.9381307868575097,True
7.256999985216562,10022.304064725507,3289.3284778298625,0.24710180868607617,1.7932178219818407,True
7.040123725399237,10065.938919381959,3293.7901160515735,0.2465461767462178,1.7357155883175215,True
7.479724338915297,10020.701205837346,3283.578545690521,0.2468061862058661,1.8460422379588775,True
7.007159489093476,9946.290403871568,3291.5041689736904,0.2486444513745187,1.7422913268594,True
6.023604313094968,10080.953962079304,3292.971615608001,0.24622326455157678,1.4831515183372013,True
7.310756867036793,9953.137136452848,3291.339535185626,0.2485065749886254,1.816771149601887,True
7.272016781527106,10026.70224789054,3279.6107367631707,0.24647028373265947,1.792336039451647,True
7.278162589848199,10062.577821670462,3277.2499507188527,0.24567408265210758,1.7880559176538438,True
7.038062535346874,10008.275260128163,3331.441059627316,0.24973852365163207,1.757675346945391,True
7.783378595840945,10052.541910038268,3295.1653541683845,0.24687126327715722,1.9214925065196402,True
6.7939851181670035,10077.67608442802,3318.2609974317734,0.24770652304161841,1.6829144312176474,True
6.1596832255694745,10020.113069053215,3286.445232332866,0.2469793584409075,1.5213146112503684,True
7.131332428218862,10059.807113145056,3283.585628440888,0.2460832632323924,1.7549015551310783,True
7.153653711926273,9963.270718594416,3296.514939123825,0.2486099718516184,1.7784696479582163,True
8.296406839333486,9949.111032504177,3270.6169739919023,0.2474042561529817,2.052566362827811,True
6.721231617238365,9910.00934932802,3275.6050772032963,0.24842263479298446,1.6697060674082667,True
7.71843351198913,9928.813651819559,3328.735697926633,0.25108227848990505,1.9379618725630707,True
7.113258564822247,9931.5936213024,3306.295811845539,0.2497600413224867,1.7766077530875368,True
8.288705574027354,10023.826571197742,3298.0694339302395,0.24756757091188203,2.0520147049657287,True
6.766879172701307,9991.317215643392,3275.3276505683907,0.24688439945431676,1.6706369007322859,True
7.927309128926678,10017.172627663456,3279.9398802004243,0.24666557331606212,1.9553942511403521,True
6.340657687953293,9987.312646349648,3312.6502638863067,0.24907214300100158,1.5792811983743027,True
6.637004589753129,9983.648829877098,3274.648364418094,0.24698860769444184,1.6392645228847456,True
6.026435122333556,10095.208075036831,3318.8481330232867,0.2474157019730607,1.4910346761872646,True
7.410727941508772,10086.955064892512,3306.89584200953,0.24689656955233386,1.8296833066441445,True
7.951471184735347,9907.295039145354,3279.40052610147,0.24869009145431706,1.9774520961282003,True
7.503109978015836,10073.639764668189,3303.7191208774575,0.246963481292795,1.8529941606934972,True
7.3670509383998946,9930.87573394127,3267.130319327278,0.24754726631741147,1.8236933206220147,True
8.1916929535072,9914.14615013846,3284.0957350147114,0.2488282730072573,2.0383248106269156,True
7.2785253128315315,10099.179428286468,3273.03743759364,0.24476401111508753,1.7815210505713428,True
6.913657650542678,9909.395830383713,3312.0029421725794,0.2505032182409713,1.7318934912772537,True
7.213769587750418,9903.512230785951,3292.7120854274904,0.24951925691213997,1.7999744270708786,True
7.696499215775947,10035.530308509704,3316.4296220662486,0.24838522878365096,1.9116967185436988,True
6.398874819003243,10003.577479623726,3270.7008949472506,0.2463938756334059,1.5766435663472178,True
6.964417426181358,9946.061471843394,3284.617969700466,0.24825769411258525,1.7289702110612897,True
7.397401124337224,10061.4225246581,3309.8240331957145,0.24753294458186745,1.83110048256041,True
6.658436908980454,10008.034708161793,3312.5350336138704,0.24867817952449695,1.6558079690039778,True
6.297751579931389,9956.742871074463,3300.699553588254,0.2489695559565839,1.5679484143803926,True
7.596892873175996,10010.849710084407,3304.067888472241,0.24814782848002048,1.885152469673967,True
6.438158222510364,9916.907140300802,3274.029316493907,0.24820294807859836,1.5979698510235412,True
6.300530890446891,9931.926376533227,3319.4550990967896,0.2504987955558778,1.5782753994195482,True
6.597940775531121,9943.594244197096,3276.2031865320796,0.24782552105651826,1.635138110596048,True
7.694049179378657,10052.279670384396,3324.5640098345193,0.2485312745898898,1.9122118493082734,True
6.234051034885325,9987.439526029822,3287.9064170189613,0.2476701120350517,1.5439881182422786,True
6.5264818389690085,10023.509417424379,3281.7321032479626,0.2466495702576416,1.6097539408760084,True
7.530220996264683,9970.812724481633,3286.9489131601545,0.24792638478487666,1.8669404682350752,True
6.7966545495360835,10040.362000537907,3281.0072278293187,0.24629654591680927,1.6739925393405046,True
6.800065964233805,10073.415527740868,3300.799129871795,0.24680321158094803,1.6782781189351992,True
6.6183095736745,9956.916733678256,3321.6746680103497,0.25015263799652276,1.655587598932318,True
7.820743430722331,9945.92186085162,3267.2229304002353,0.24727065221925024,1.9338403289541275,True
6.461268259768116,10045.258469149534,3317.9609512884995,0.24829053889618313,1.6042717781706288,True
7.376106500834709,10062.621636757916,3293.8726534804673,0.2466120661533019,1.8190368643376493,True
7.981058045635792,10058.787061048548,3300.9659377146018,0.2470828568477431,1.9719826225833565,True
6.3817632914003095,9979.156387485235,3313.666681350873,0.24928238826254168,1.590861194606488,True
6.123615286416206,9991.902723589674,3305.8895265187243,0.24860438968669976,1.522357640955646,True
6.193338835129606,9991.309535926282,3324.2203693336787,0.24964987446879827,1.5461662627328394,True
6.704807435826915,10068.25064869336,3328.6180777328996,0.24846239413893548,1.6658925077460922,True
6.270512292044437,10029.826000519884,3274.2705366107275,0.24610995023018017,1.5432354681127893,True
6.860046745337154,10058.417475367656,3326.8117450008676,0.2485435019624769,1.7050200417123884,True
6.158755037835801,9927.799756847113,3282.23810165684,0.2484654576174361,1.5302378888295625,True
6.011123024898931,9926.893385481852,3304.4453606210195,0.24974384104513261,1.5012409532330955,True
6.388989262458567,10045.28524811869,3273.4991244184675,0.24578062328032746,1.5702897630583863,True
6.5411163773359835,9967.993948282763,3268.4880658383286,0.24693026911164187,1.6151996273461424,True
7.967486354689926,10046.55737811788,3329.071620409195,0.24889084623801938,1.983034421208648,True
7.049216202666872,9934.247161588735,3305.0071897838593,0.2496369585528213,1.7597448930150263,True
7.785043696812893,10043.393026886919,3294.8622112856747,0.2470234788922128,1.9230885773146138,True
7.719725203035326,10023.682712204949,3319.5638235255637,0.2487823195529247,1.920531142322301,True
6.335635719638753,9922.278556309577,3326.8911861285114,0.2511018615356877,1.5908899232132871,True
6.753107718722325,10019.938339592745,3320.4177048786346,0.2489002312839101,1.6808500730751452,True
7.653954742730252,10006.296655366525,3302.6313414075485,0.24815156729438068,1.8993408654087702,True
8.31877726406144,9930.760084913212,3296.912181876465,0.2492435642024428,2.073401695100919,True
7.137558250383972,9989.632455316854,3310.079454985161,0.24888354554666398,1.7764208039014064,True
7.573333976091793,10028.635779824728,3311.7818137515324,0.24825173503910677,1.8800932995954047,True
7.645072188294886,9968.891090758734,3327.2767545976453,0.25024328763717285,1.9131279986224277,True
6.51620008047425,9924.422053686358,3308.2246383131974,0.25000475833102587,1.6290810263555762,True
6.487285275879698,10098.354328810532,3283.3452282284684,0.24536085377147576,1.5917258539489663,True
7.902837548869823,10051.015363583678,3279.769717965387,0.24602974977856826,1.9443331446891163,True
6.180691471887256,10038.77416561956,3283.348804228517,0.24645837691633016,1.5232831883819367,True
6.928330930867631,10077.320679680877,3304.755025328213,0.24695384319871982,1.7109779503303255,True
7.647695870219063,10064.025535738961,3304.009406777792,0.24715744841969703,1.890184997573198,True
7.266603091446321,10043.792693593234,3312.3926934050937,0.24800439627242413,1.8021495126454756,True
7.347333665819808,10032.865345573597,3294.9138217625255,0.2472215198341325,1.8164189955924612,True
7.335260261814904,10017.950464782833,3303.211081387136,0.2479671963993904,1.8189039219821002,True
7.183734149153442,9942.755893655185,3269.8623323243546,0.24748027048075388,1.7778324702943222,True
7.319887175137814,9996.19711393169,3283.0833286482457,0.2472335261571145,1.8097215173815617,True
6.984419268634301,9934.03430917828,3331.9680472086834,0.2511659471856264,1.7542482811480744,True
8.079654869362738,9908.467199582075,3267.7225097811292,0.24800208420337444,2.003771247245902,True
7.518894766133583,10032.524232233389,3282.6344715948094,0.24653363467992537,1.8536604554707796,True
7.908683520845555,10031.922579509503,3283.868435263543,0.24661459703147146,1.9503967995427653,True
6.752939748862368,9986.428921373785,3315.537889112716,0.24925170362768742,1.683181736899073,True
6.895470138884545,10037.5424271334,3281.56936434477,0.24638049561565978,1.6989093503213566,True
7.020753496254129,9968.629634579069,3326.2121036914486,0.25018816840193125,1.7565094580292757,True
6.127970652542178,9924.888516391029,3292.49678363985,0.24910348823924788,1.5264988653759965,True
7.567801171567989,10030.2480099217,3328.988796346386,0.24919004316058246,1.8858207005737337,True
7.204182057513024,10024.206420907045,3305.4768651895647,0.24797864992316124,1.7864833404227416,True
7.161618898805108,10044.345784154806,3289.6959722315123,0.24671408957122226,1.7668722864747617,True
7.555196616040257,10042.817121892442,3321.2752719114665,0.24852232190876902,1.877635005495599,True
7.359024002292408,9994.59059214729,3284.5541696399973,0.24734681551870646,1.820231152292753,True
7.931299389318556,10054.609021760514,3297.6665470612934,0.24697412287996062,1.9588257099753177,True
7.7506075589117245,10058.235694564797,3276.3094803646472,0.24570087973637864,1.9043310957160369,True
6.118497073582196,9937.353882995492,3324.5514610855216,0.25068430024418165,1.533811157437026,True
7.7976673133828465,10004.141896735087,3280.6530936361396,0.24694796540059108,1.9256180779105871,True
7.2277505588231445,10064.575805616536,3282.6817751375984,0.24594428895048892,1.7776239719012572,True
7.937581860961652,9928.512809868584,3315.313888172271,0.2503289995981827,1.9870069264832118,True
7.124434559994199,9900.388556165222,3308.333235954442,0.25046581251549993,1.7844272907824554,True
6.78752281370975,9947.770999556858,3325.1794652532767,0.25052300722956417,1.7004306269298395,True
8.201344431974945,9939.482409381228,3300.2526595229756,0.2492687838802898,2.044339152741781,True
6.4735407054756475,9900.165744812695,3317.3719668081667,0.25098259896709296,1.6247460707795465,True
6.627406895278195,9988.240754258908,3310.2077663120995,0.24891683877195367,1.6496731736280965,True
7.833100110479647,9922.315294632797,3286.041162287708,0.2487850152292029,1.94875793027755,True
6.501074789046453,9919.381578167962,3314.455552484845,0.2504531013766033,1.6282143431979312,True
7.259825543928715,10070.399526415398,3301.3431444384755,0.24688952111188534,1.792374851896393,True
6.201725433351422,10059.411467732325,3269.366001336657,0.24528626191889022,1.52119804899408,True
6.204795128455823,10080.500767662761,3293.4623699418025,0.24625926780681265,1.5279883052248089,True
6.027584827498165,9947.32308873071,3312.961411735517,0.24984089984034916,1.5059372171661773,True
6.6759019712570575,10062.324086634422,3291.980606397349,0.24651082044841263,1.6456820721677525,True
7.367814213057246,10010.121883473174,3274.8904937537445,0.2465101575191259,1.8162410422323962,True
8.380797224391625,10074.065355595061,3315.7740864717275,0.2476335956691592,2.0753669512502073,True
7.429213744338094,9948.837680057833,3312.4241903649818,0.24978197570721603,1.8556836870119733,True
6.587586281764478,9962.191745699787,3295.9312547587697,0.24859712454355523,1.63765500732922,True
7.339612342585605,9958.069521602501,3317.344310216218,0.24988632009837278,1.8340687192373142,True
7.890022989462651,9910.408109027392,3280.624697506712,0.2487011248946082,1.9622575929236805,True
8.076067719422491,9943.894979659437,3289.312823647735,0.24856503974990007,2.0074280937011366,True
6.359544611689199,9935.170957995664,3293.22298172039,0.24895108179633474,1.5832155108120778,True
7.806736926559597,9915.989850855134,3294.6516178012307,0.24939376529278595,1.9469515167649292,True
6.608677344840914,9964.804071267394,3332.6260999058345,0.25062181617095103,1.6562787186518484,True
8.073495446216052,9946.241147636005,3318.2658471319105,0.25016126482806905,2.0196758324090633,True
6.254621387288259,9922.231605805171,3302.5706934131003,0.24972552471414397,1.5619386078288675,True
8.03418616209322,9997.806550683834,3268.831200648306,0.24639484863601357,1.979582083322514,True
6.018418468514149,9957.920219407644,3322.048745663718,0.25015485762062295,1.5055366150924845,True
8.309540437280862,9948.343145472103,3282.402242551021,0.24808898866139106,2.0615054833259423,True
6.310372446132549,9906.442328981508,3276.3189487827935,0.24853055287506753,1.5683203528849146,True
6.088356990112073,9935.916712457974,3290.699612624901,0.24879376038030512,1.514745230107699,True
8.330244758691974,9915.930672879962,3298.929003404825,0.24963783832869899,2.079544294308839,True
6.773870296552561,10023.312421303955,3269.1833035426184,0.24594202407240964,1.6659793715381106,True
7.033521355920715,10089.981601319625,3309.3816313881184,0.24698051496282625,1.737142726487334,True
8.398805735328414,9941.347066494203,3269.3279476056623,0.24747622238199643,2.0785047158993217,True
6.1074527734279505,10067.928278585738,3281.430110044142,0.24581182215012312,1.5012840949321475,True
7.057279638298073,9906.018376057173,3299.301382362706,0.24984638333040213,1.763235793780062,True
7.318324746932575,9903.945324483158,3331.821233796901,0.25172861874876246,1.8422317801002237,True
8.134647535168265,9916.777165411851,3311.6466980156074,0.2503432557200784,2.036454148089334,True
8.363738059163879,10021.545487679365,3281.896802691278,0.2466953087071904,2.0632949424515106,True
7.312723675721642,10025.49018239541,3278.6269274939236,0.246437016482426,1.802125805005241,True
7.264752784459396,10000.972813408107,3305.6841900966765,0.24842334098083435,1.8047341581152223,True
7.825331950463882,9984.015512714013,3292.2379841452985,0.24797944577693734,1.9405214800965935,True
6.372762117845797,10073.010605707825,3286.3253863714367,0.2459946653276702,1.5676654843923317,True
7.5138543171761825,10086.38482489824,3317.728003420248,0.24751567268301253,1.8597967057580205,True
8.32945304466192,10068.787199662122,3324.852400068574,0.24824114276864867,2.067712942444675,True
7.247294439701183,10011.349808331113,3328.6341372714282,0.24952309919148707,1.808367369347471,True
6.277784879832033,9984.663133311764,3288.1988051236376,0.2477384922992161,1.5552489611084033,True
6.822433621406621,9986.342893076571,3331.8840254298207,0.2501747451682167,1.706800592662475,True
7.999935312863007,10048.58089598063,3293.9211315014136,0.24687432122676858,1.9749786002211116,True
6.391436147611041,10057.564520245916,3305.6825222424036,0.24737120489743375,1.5810572608595554,True
7.598269873227033,10034.349408359787,3301.9506926201134,0.24759121102692483,1.8812648396216798,True
7.148654510693019,10041.135304524258,3273.037715813865,0.24583109373853876,1.7573615571226036,True
6.696048485591777,10094.232149268459,3288.981007059362,0.2457542122837873,1.645582120990654,True
6.291613412011421,10040.056034697911,3315.229287396103,0.24823350512112446,1.5617892501306725,True
6.022642467380784,10095.978514144128,3321.277512529757,0.24753776077067943,1.4908314302978392,True
6.615097469613373,9973.479698963878,3310.7383109914185,0.2492234250078044,1.648637248137505,True
6.103400734525793,9951.375334973705,3318.5366503207206,0.2500797785244007,1.5263371039358749,True
7.2077815678124075,9968.581750989253,3328.429976877978,0.2503141341074714,1.8042096019827554,True
7.494265416361017,10053.426600152547,3301.3658102055465,0.24720457711083388,1.8526167130078726,True
7.043282668229243,9992.693961886176,3299.2822686311256,0.2482160825006774,1.7482560318527811,True
7.552159155074173,10088.256395597075,3308.4105295072623,0.2469577356818174,1.8650641244458248,True
7.8935333162880035,9990.912088403978,3285.5382544356744,0.24747113645535937,1.9534216604300338,True
6.418519274428643,10080.465316118505,3297.479948760736,0.24648627898168496,1.5820769325261406,True
7.27571549454163,9940.618666013783,3301.1550154852557,0.2492985528137759,1.813825343473994,True
7.157732161395096,9910.480790357335,3329.2330671592117,0.25145808308153994,1.7998696085154984,True
6.737741089331584,10084.063819111563,3329.5876792685567,0.24822380987538326,1.6724677631478007,True
6.127114018527323,10070.730983837146,3272.82241721316,0.245273677771286,1.5028197894482,True
7.134051339208858,9917.34946481599,3313.3005195571036,0.2504261335210658,1.7865528932188557,True
7.343913939747403,10010.648505187273,3314.624204968751,0.24874719467785966,1.8267779904677945,True
7.600474201961813,9977.054762282702,3307.672665607157,0.24898310360986808,1.8923896557111874,True
6.225007832861338,9952.51207484706,3305.285780149833,0.24930880801626218,1.5519492827025556,True
6.566983987159143,10091.31252474355,3294.657025822978,0.24612763486254458,1.6163162369396828,True
6.9107729540835,10051.983247198586,3309.9902942956705,0.2477171717199432,1.7119171305842416,True
6.528634242385835,10013.962780442782,3274.735658466362,0.24643012809124906,1.6088521726120562,True
6.754123422683916,9973.152098874572,3309.999211969661,0.24918779697009172,1.6830451361627006,True
7.251688093883362,10037.025308658878,3299.898685038005,0.24742576973502725,1.7942545085074235,True
7.061761469005473,9923.562193322241,3299.879449600629,0.24954770011532593,1.7622463333533414,True
8.202346998277106,9942.368266780923,3330.50606747728,0.2509257590785,2.058180146767939,True
6.499230955772193,10081.397260285099,3289.4265730222664,0.24601525037134558,1.5989099308054957,True
7.8514613511129845,10002.423547503491,3290.689365612123,0.2475484400922656,1.9436170099127312,True
7.395629452569526,10004.80902151324,3294.089620872898,0.2476964227980506,1.831870959741377,True
6.355692871582552,10035.721310781584,3314.5293031003243,0.24827468779153838,1.5779576633910641,True
6.843127355145303,9956.239286576962,3326.084247666978,0.2504143374532178,1.7136172027467016,True
6.02922852518233,9939.303024342817,3321.30790683795,0.25046416971847696,1.5101057166027496,True
6.8395429863758945,10069.588047948344,3316.512095544066,0.2477579025999124,1.694550825046433,True
7.119733138310096,10036.43062834257,3315.436274057867,0.24831256170339808,1.7679191742183538,True
7.259130425188446,9921.00509791489,3294.9025212414967,0.24931337416928925,1.8097982998386788,True
7.984402805109277,9924.011121251462,3298.618513345538,0.24946766297641015,1.991850308052905,True
6.84126873094879,10013.640380734525,3276.3403224107155,0.2465270940262034,1.6865580996931375,True
6.545122578708972,9948.633482360594,3294.0644138643124,0.24874571931474407,1.628071223844136,True
7.224196437565407,9992.755455742235,3269.2562460914037,0.2465128458331392,1.7808572226818746,True
7.64456291031082,9953.853877295094,3274.471121957304,0.24753482562171414,1.8922955469580125,True
8.352482595056195,9915.601668956238,3267.4891625394516,0.24785455886665828,2.070200889039094,True
7.13586130177133,10046.840502763554,3282.6471006623788,0.24626956401675004,1.757345451671224,True
7.323770312809642,10051.374245286333,3305.3873550139156,0.2474692185072475,1.8124077158375818,True
6.050878372099904,10079.164641547612,3278.9260099704857,0.24546367407664266,1.4852708366065368,True
7.131548421440005,10077.271815730674,3318.3525904893386,0.24771914244986762,1.7666210592988252,True
7.296076867177993,10087.858933326768,3299.1029977323396,0.24644150141923438,1.7980561376174884,True
6.879710473097214,9970.717927761993,3267.372304984034,0.24681598686355766,1.698022529753042,True
7.114704927529071,10065.066019881539,3299.3191007286687,0.2468739916541723,1.7564356049007104,True
8.170403589374887,9973.764068231527,3273.859270983691,0.24712804607695263,2.0191358747023362,True
7.327871782477564,10085.051977489655,3307.2821740023705,0.24695337919371657,1.8096426989811176,True
8.024526197707436,10041.452840607257,3269.165735898026,0.24560584597236268,1.9708705453153217,True
7.884283415978809,9903.89381761669,3300.5267806246125,0.24995619884027398,1.9707255132374737,True
7.32963757887491,10053.251225833732,3312.696397372497,0.24784598075342792,1.816621214303433,True
7.475323135922863,10086.238038341859,3316.3711150202207,0.24744220152001528,1.8497104138262577,True
6.386266855462672,10012.780211767984,3268.5866991310877,0.24610318509074477,1.5716806139688186,True
6.802249751188095,9924.490693418582,3310.336311653637,0.250123126685748,1.7013999762645176,True
7.5091038918145045,9905.483932967752,3309.5022853502974,0.25043554572632143,1.8805465310622096,True
7.8677493973898125,9953.940006512057,3318.5919675391324,0.2500345807436917,1.967209421972795,True
6.897086294009862,10035.744597830937,3288.5008556100256,0.2468057847704071,1.7022407954223227,True
7.231869692838123,9982.76378057559,3296.1995152149775,0.24822717269350938,1.7951465671410856,True
8.276670064869716,10021.251354767102,3267.27210864966,0.2458717191300029,2.0349990975213497,True
7.92154230741714,9974.786183788365,3281.941185289039,0.24756797767030223,1.961120209077001,True
8.01064926402804,10060.621347568602,3312.509737714314,0.2476988909022001,1.9842289381062708,True
6.3860993820428105,9985.73535377858,3316.3397153719025,0.2493099533818595,1.5921181392290147,True
7.1223197458049174,10055.493506299867,3321.0577568913122,0.2482745882363571,1.7682910021773914,True
6.455980467342479,9935.116824819163,3330.006027051718,0.2510346918183318,1.620675067004489,True
6.978683375217324,9977.685869923152,3302.269995280203,0.2486657356996898,1.7353594357136102,True
6.715373075433157,10031.899755452301,3309.8626271561293,0.24808286433512558,1.665968987632439,True
8.096090572000687,9902.984611980408,3282.914770393907,0.24897162303408765,2.015696809941986,True
6.093130419725614,10052.018400820509,3326.1541542826817,0.2486254486988134,1.5149072845846698,True
7.180575049843819,10074.132541414534,3301.198980823936,0.24681249771904373,1.772255663111,True
6.736924017532893,9910.04150902465,3305.718890553272,0.250134596164353,1.6851377685155209,True
8.330968851390729,9978.623216535707,3280.4921832147274,0.24741410601769662,2.061199210628114,True
6.23560329807406,9982.454185869003,3302.0672376319617,0.24856501279680607,1.5499528135815848,True
6.259059687099246,10043.58870049531,3326.1978477103185,0.24878466351856088,1.5571580581975748,True
7.316071393919096,10053.653988761793,3297.415548313521,0.2469776327025148,1.806905993552726,True
7.246585388481293,10017.684701854663,3291.6139462550423,0.24731685968460435,1.792202741715532,True
6.474876338637825,10088.577940292571,3293.7930686963323,0.24612925964194987,1.593656519502107,True
8.182154912942286,10013.375710978898,3330.5537143287347,0.2495931751566463,2.042210024344818,True
7.154851735545804,10053.696939508074,3304.849613918555,0.2473958975028478,1.7700809666151622,True
6.680420202960301,10097.33376895411,3297.924642617309,0.24620089745849288,1.6447254493686732,True
7.682714686436762,9981.36921859066,3273.06476743811,0.24694111954446196,1.897178165809374,True
6.2903522376202,10075.824836655218,3328.071562554578,0.24829135226312096,1.5618400632900684,True
7.9617185402685395,10044.773177793097,3312.56938626806,0.2479961392306247,1.9744754596274827,True
6.458228128917433,10004.721042149045,3287.4331252302504,0.2473213208208227,1.59725751100605,True
6.086068189867365,10000.962429236524,3287.2124179796565,0.24737877517229645,1.5055640944244641,True
7.66790797713427,9932.234385172902,3283.2048258671407,0.24843705709942543,1.9049924919484464,True
7.31983661892424,9907.83166836545,3293.924164557399,0.24950652066620815,1.8263469666328882,True
7.44086389211347,10058.891950753557,3318.583841920456,0.2480724983810348,1.8458736958298192,True
6.874758780457178,10058.616958243949,3296.3945941001816,0.24682828473642046,1.696884917756891,True
7.799044952005577,9936.352083198744,3267.375532754125,0.2474585683520501,1.9299404983365833,True
6.492084928965254,10086.075141968775,3316.1557453143064,0.247433115665907,1.6063568011415514,True
7.0325737773952035,10085.13446869729,3268.7352265527884,0.2447781280744012,1.7214202447759186,True
7.842305766320832,10025.87259308328,3313.1084308931036,0.24837792519067978,1.9478556349496723,True
7.264912636167423,10077.92088094334,3321.9253756806074,0.24790772312320225,1.801027950321247,True
6.769582024459332,9947.312964720399,3317.1379308846344,0.2500772898170791,1.6929187258712055,True
8.305791789861358,10008.075923541983,3329.524408132448,0.24963444137889026,2.0734116936714133,True
8.142882751824668,9900.226214828675,3284.8642937990167,0.2491347550211778,2.028675099542013,True
6.4110333490642475,10086.387179377296,3280.1246323569508,0.24539870076480103,1.5732592544201773,True
6.284971727525567,10019.08472870914,3317.4044700039544,0.248746459474812,1.5633644651212777,True
6.333965877221049,10061.853091788904,3273.8168161704425,0.24549324021708704,1.5549458066234594,True
7.65331237093002,9935.550515925821,3275.532780600757,0.24793824299495193,1.8975488223399188,True
7.720326930332884,9978.508602178805,3283.498237708084,0.24758683036059184,1.9114512740286365,True
6.615684798913611,10023.949489888737,3296.72371201235,0.2474892719042046,1.6373110140308438,True
6.467799827826268,9908.22996821935,3271.982254062711,0.24824958800975894,1.6056286425874609,True
6.247928978720959,9953.615598465298,3290.1075235292533,0.24842768859046876,1.5521585546610561,True
7.395322466743625,9908.050600367047,3291.1888968232715,0.24934685801586193,1.8440004210966365,True
6.360384137816943,9996.664277163187,3278.198352732707,0.2469478173996303,1.5706829806571232,True
6.530216696861446,10000.801885447838,3323.212675503799,0.24941526897179,1.6287357538917717,True
6.46769689162378,10082.367328685074,3293.9827627539034,0.24625422781526118,1.592697703789979,True
6.472701996316541,10055.116718036257,3298.0834206271325,0.24698824149858503,1.5986812838146034,True
6.102908123796867,9999.193287783088,3311.368393741636,0.2487775101435328,1.5182662876729238,True
6.941408597881747,10001.276103339958,3268.1306338056843,0.24629063669116874,1.7096039431058483,True
6.904917174882778,9932.014356585385,3319.633262849962,0.25050720923044073,1.7297315314472237,True
6.136939965138386,10081.031947310214,3331.1196904732233,0.2483657939781347,1.5242059670377417,True
7.960980423489612,9956.420709738155,3288.8245923368513,0.24830227884278008,1.9767295809752312,True
8.166636757464019,9907.461963548323,3328.7470262083034,0.2514879470990817,2.0538107128385272,True
6.3916526038323225,10024.009070497254,3306.880678314537,0.2480615128190739,1.5855230143206187,True
7.914880335329338,9917.054096108488,3308.0072020861153,0.25013171035643533,1.9797625555424436,True
6.816183856364086,10001.36449045513,3318.763467185507,0.24915402297481773,1.6982796291491191,True
7.290275246367963,9916.006853538927,3282.9337898791623,0.24872706670714984,1.8132887775168476,True
8.096930351315414,9985.395229104584,3269.434463240429,0.24665986203720194,1.9971877233802933,True
6.014821836317777,10075.347708155969,3310.9650016703067,0.2473395828591304,1.4877035239668277,True
7.8263168092342905,9951.652894753513,3331.5547094968215,0.2508095039055775,1.9629146363319345,True
7.655506389714177,10054.387154248496,3278.8945313580994,0.24591804243494664,1.8826271452067362,True
7.539179591206354,9905.46005190186,3320.8001739462243,0.2510762768342017,1.8929091421444901,True
6.321051579284171,9922.142742821437,3287.7019996990603,0.24888271314169524,1.573200466960842,True
8.182457095110403,9923.508547843325,3277.5209163358913,0.248277676012268,2.031521431644104,True
7.304846208288362,9952.575814861066,3284.6448925618784,0.248137049699562,1.8126029866337063,True
7.309907284926651,10094.503755288106,3313.5101222499698,0.2471290791099914,1.8064906557033409,True
7.1384432008022305,9916.183859656012,3323.414982932127,0.25102082188786695,1.7918978792652316,True
8.31014647542768,10067.302959344846,3289.6353215232443,0.24628663039007806,2.046677973481067,True
7.9659511700201655,9916.957149865872,3326.634526029983,0.251188243147413,2.0009532793954445,True
7.743403401254694,10013.636637095147,3326.415437174824,0.24935550615958602,1.9308602745177241,True
7.295836273413659,9928.39915127645,3274.9223366646916,0.24803776380479292,1.8096429143434178,True
8.37572668637471,9903.553950925807,3276.1936901114973,0.2485778771598427,2.0820203593700692,True
7.063542604898116,9916.345891282288,3299.4464082938493,0.24965937217397635,1.763479612062997,True
7.9443933016348,10093.980641483178,3326.991296176456,0.2478949595923692,1.9693750564946473,True
8.315884035829885,9992.862459159114,3284.0537509654555,0.24735064219665231,2.056939256695411,True
6.076203449639817,9991.667008421984,3325.938061433276,0.24973995279088293,1.517470762660848,True
6.059494504046596,10038.720716931908,3316.732147096522,0.24834291887097343,1.5048325520175532,True
8.146908112751865,9922.63416917159,3283.6059199711653,0.2486404834234928,2.0256511715613987,True
6.846284063005028,9979.401750763576,3289.4214367158834,0.24790604187263576,1.6972351835952832,True
8.238644907819308,10013.378877979681,3269.910130813661,0.24616720517403698,2.0280841913791905,True
6.364356942436355,9925.264829299964,3289.651545235776,0.24893472285414645,1.5843094316102568,True
7.239117893069458,10086.300587192036,3270.1054452944836,0.2448342343996335,1.7723838870783486,True
6.893658083301874,10017.93938377115,3289.769846336982,0.24720782438603453,1.704166216834257,True
7.091685697683117,9950.337594376862,3326.908284147011,0.25057216794699344,1.7769790596671453,True
7.082852691495329,10053.199700945206,3312.3324895785713,0.2478264570659618,1.755318288453399,True
6.815436939360952,9903.194979726111,3323.004875085457,0.25124411482989795,1.7123384210087311,True
6.707629134838348,9984.483060345116,3316.250124199698,0.24932836996182395,1.6724022384976849,True
7.716177441589741,9995.085928888802,3273.0832416912576,0.24668687892137905,1.9034797302693247,True
7.3418320083068815,9926.146352423815,3297.8170559687164,0.24938189513408446,1.8309199799876514,True
7.77679706663606,9913.40031975189,3278.816816793803,0.2485417563140825,1.9328588014399315,True
7.741504326124229,9943.454077199121,3270.275868393366,0.24749074499469279,1.9159506730521225,True
6.425581153704135,10089.815960068989,3281.4788403469643,0.24541219749675133,1.5769159911242425,True
7.43346703032386,9944.814931812356,3305.2940506006826,0.24945410298042242,1.854308850083983,True
7.322286027651614,9906.962952318996,3277.7916975793,0.24860467901119299,1.820354567532473,True
7.643662767060797,9998.997660527013,3283.422610826146,0.2472006263728654,1.8895182238003787,True
6.8402165612288615,10076.176243674981,3318.584784618026,0.24775244422863268,1.6946803720976231,True
6.916712187172256,10038.156708284314,3282.1190983961415,0.24640023570308323,1.7042795132096322,True
8.1174203897239,10075.105135267115,3318.8649137953007,0.24778798979228886,2.0113992806686234,True
8.02209255191516,9932.3017542637,3316.264301194581,0.2503111874381539,2.0080195124086537,True
7.220765766211647,9970.090568410416,3267.8858397326926,0.24685690161243298,1.7824958643161328,True
7.282109482380396,9982.677286211476,3311.2639845978397,0.24908068398561947,1.8138328107294746,True
7.330021673341644,10012.533647221153,3310.8392473150193,0.24849858016604584,1.821499978411742,True
7.578165844855827,10031.002140499259,3314.1373176526918,0.24834040348886974,1.8819647636170675,True
8.25611791163491,9909.526958808025,3293.127678222586,0.2494292071373336,2.059316944731434,True
8.218894331372043,10039.459456720526,3331.743382581707,0.24917304917315664,2.0479269613799445,True
7.785036491767703,10032.912005901591,3285.0943137139507,0.24666562208154766,1.9203008691694299,True
8.174172385217215,10004.978667686604,3305.237542635108,0.24832335481312362,2.0298379095179313,True
7.8001084527421085,9944.204441908742,3323.6319704692037,0.2505029356081367,1.9539500654737392,True
7.4809602353278795,10046.519118505432,3313.7445105058764,0.24802987444875005,1.8555016279244656,True
7.411226593593345,10042.719301201952,3318.597243526351,0.24837352160747223,1.8407524484817295,True
8.103699690915954,9992.145318073726,3313.5064617372495,0.24902999992566482,2.0180643334264103,True
8.371856428115988,9921.04962916199,3323.140494112136,0.2509130768420753,2.100608255258689,True
7.2159642445249395,9911.048429877404,3284.4142701492033,0.2489048201502309,1.796088282493977,True
7.310482421988898,9977.559091767711,3321.7446840873686,0.2497683141968683,1.8259268705060059,True
8.008882094599661,9963.457405209252,3298.9624195504502,0.24874513573997975,1.9921704637466862,True
6.573381650009813,9910.015669164208,3324.3485860669703,0.25119065199924107,1.651172022505812,True
6.68717854682208,10018.54006138604,3299.3408508289504,0.24773767482804543,1.65666606434969,True
7.698952984088645,9973.472961461006,3298.9040381902055,0.2485541239731887,1.9136065144709202,True
6.159144759511398,10002.57506664159,3300.441560174639,0.24809722882865584,1.5280667467893159,True
6.667135448285411,9943.595578260893,3309.6113020835664,0.2497215452806353,1.664927366741134,True
8.228337113485196,10018.179043309314,3324.9542084808318,0.24918841367598185,2.0504062725005836,True
7.569257192634441,10008.703047004952,3312.1780805547587,0.24864556997676068,1.882062268963286,True
7.59469510918488,9973.67559123016,3274.96040020674,0.2471922696286223,1.877349921176808,True
6.773281887177717,9938.007020611964,3323.9967081366,0.2506406102820679,1.6976595058146997,True
7.081304295856371,9990.118769545179,3291.042943890611,0.24779782182467153,1.754731780190898,True
6.159019587970602,10042.336642444769,3280.01025373456,0.24620363658862712,1.51637302037895,True
8.086782322703293,10014.246374772196,3301.064871255675,0.24791496122483994,2.004834325966708,True
6.10557032028657,9902.885916913952,3299.5226750095608,0.2499182366638783,1.5258933682733302,True
6.934286796270784,9957.985368062398,3291.5962898227663,0.24843020518039174,1.722686291577232,True
6.640495905909946,9996.041475866812,3312.961459335168,0.24892634523150248,1.652994376382918,True
6.880866488420544,10099.885500187347,3268.3283237642445,0.24448504241519825,1.682268935274813,True
7.790036062863122,9910.498673558566,3308.8372754262286,0.25030283580018536,1.9498681175203503,True
8.000701888351973,10042.660294976877,3324.6630003711302,0.2487156872706261,1.9899000688088568,True
6.1593146907153296,10021.502166571825,3329.259567042207,0.24936851046183575,1.5359391298893843,True
7.766885966558133,10030.72003495821,3268.6244942715234,0.24577335274589163,1.9088936043960076,True
6.592078810752417,9938.251413749753,3286.061479734333,0.24848636796498128,1.6380417210227813,True
6.295613940987353,9983.76321757528,3308.5512866572753,0.24890708729497502,1.5670229287848008,True
7.834928111223911,9992.845016584552,3287.131268673891,0.24752538694837886,1.9393436124434296,True
7.668668564910714,10038.973128357833,3270.6139235275577,0.24573368886484373,1.884450215137377,True
8.229100757484645,10031.44043522188,3309.4336779164128,0.24806722931724787,2.0413702246816814,True
8.180359260706513,9927.656993878954,3275.1656669628155,0.24806556530344256,2.0292654443924127,True
7.711502938787072,9908.372231855416,3291.4424866707864,0.24935520360381888,1.922903385392698,True
7.060005503906186,9956.400583454075,3294.8090983208267,0.2486421373931132,1.7554148584983773,True
6.144836162377675,9986.21499813566,3272.317013917748,0.2468083956008754,1.516597154466674,True
6.191482354160897,9921.155177226208,3298.491661374612,0.24951435553808843,1.5448637294239027,True
7.267262042973442,10091.622797421376,3286.8775627561513,0.24568355751888887,1.7854467921397035,True
7.8354616756508255,9963.890941286838,3320.1402300019954,0.24993469129897197,1.9583536950887148,True
6.028220705342823,10081.051896609531,3288.516061281617,0.24597025660358976,1.4827629937562472,True
8.362862102376736,10098.046777530812,3313.358183913151,0.2470552632955774,2.0660890986072906,True
8.259142270236891,9989.744548812047,3324.7269649887053,0.24970776808847053,2.0623719826259976,True
7.2176306059044775,9937.526101230087,3299.929680298082,0.24928730526170104,1.7992636841203058,True
6.807431348777886,10053.54362052182,3322.6329015816063,0.24839930125706183,1.690961190391845,True
7.980374238530171,10035.852401973621,3293.205735713795,0.2470696505105922,1.9717082740573828,True
6.092731719511491,9959.922161859724,3274.723833935653,0.24743569529370313,1.5075593092553252,True
8.273670885323018,10074.576060179861,3305.0304637797685,0.24702000450172137,2.043762219338253,True
7.514739598563883,10082.958019408994,3331.0073195358073,0.24832383529908825,1.8660889583893143,True
7.363829643035699,9946.17657209824,3287.139998389566,0.24839880319347601,1.8291664702507093,True
6.503816818148453,9904.108828490995,3317.0535409728486,0.2508897060846977,1.631740689933979,True
7.973845744647999,10012.002361674577,3297.598456560907,0.2477608834100319,1.975607065869312,True
6.718434514146188,9916.482238595703,3318.0251892344318,0.2507101384262428,1.684379647049238,True
6.274209357033832,10007.328394793023,3324.2339939541785,0.24935066851279722,1.5644782975656335,True
8.008184145000152,10067.419440376127,3269.9853821670376,0.24517403690409387,1.9633988351010467,True
7.052073613365484,10073.28949653791,3275.422383143492,0.24537366696251353,1.7303931622010715,True
7.303344538149412,9933.667014610035,3330.6671104223105,0.2510994580675333,1.8338658556097966,True
8.365683345905717,9936.42952383995,3286.9757963380794,0.2485725663511482,2.0794793785728443,True
6.089451437933916,9992.813041312924,3279.4830357672045,0.24709236568573312,1.5046569615274805,True
6.976120325820046,10083.698413993994,3275.536757905741,0.24518894351045004,1.7104675724895937,True
7.882734472454722,9915.648696911205,3272.5985390035253,0.2481450704147752,1.9560617007282528,True
7.179569336649951,9905.131240517214,3316.2316032937238,0.25082373447197903,1.80080639291905,True
6.780450864357,10062.410826614176,3324.028549522092,0.2483131216690653,1.6836749204521988,True
8.214449220107955,10069.687310077907,3287.8453585589014,0.24614166703695883,2.0219182248278185,True
7.201785638692915,9903.928138718047,3325.8141209528812,0.25138918473802574,1.8104510203690338,True
7.79350665457057,9919.20966156727,3322.5096068764483,0.2509122523684901,1.9554863085471177,True
6.50186236554617,10084.95287591593,3307.271414467956,0.2469546016222787,1.605664830286341,True
7.977686339132072,9929.743039743713,3297.9707724243135,0.2493228096143528,1.9890191722944488,True
7.492425577315924,10046.437743592467,3288.6106493204397,0.24661407686140954,1.8477376172025801,True
6.11069967464947,10085.058132557657,3267.9914704858897,0.2447374620506929,1.4955171297277061,True
7.905046762829758,9934.353774581714,3326.0322006686433,0.2508246899356071,1.9827809032132486,True
8.375318834124974,9931.083987585544,3279.731687073076,0.24826110422268288,2.079265901976899,True
8.21366255367294,10074.590321968308,3320.1046412596465,0.2478671332474706,2.0358969906410103,True
7.660603067970909,9907.906244568552,3300.2221033341057,0.24986296441146819,1.9141009917427991,True
6.127581348791069,9941.851411298672,3329.594710624218,0.25088409206017975,1.537312683216339,True
6.621343416110345,9911.74351787731,3323.0911806380846,0.25108671595353205,1.6625313735516878,True
7.254542922729891,9965.127779968787,3278.476344658661,0.24755167202273098,1.7958742302824544,True
7.504501759322737,10010.526296220081,3309.0103784471094,0.24843284411991684,1.8643647157714673,True
8.379367399035411,10068.462960535035,3331.210537279028,0.24860385873002505,2.083143069116777,True
7.475722312801535,10036.41519485865,3327.4242185182093,0.24898714475628486,1.8613587536553045,True
8.140108409623211,10065.9586005254,3284.3754415236435,0.24601447658005934,2.002584509698394,True
6.671370536697272,9993.166932664142,3320.920646607502,0.24942908230360125,1.6640338306756843,True
8.011951620754814,9910.019612923143,3329.377599410491,0.25147501400659616,2.0148056460494876,True
6.8715091123537215,10073.910974563054,3314.7156138446194,0.24757697079359975,1.701227410817152,True
6.525119344689485,9950.657362845603,3295.8851374812407,0.2488109736861463,1.6235212975704996,True
6.691056886021064,9949.086401744875,3287.591548362044,0.24836983726233883,1.6618567098941033,True
7.797879760325172,10049.973720429933,3297.1534645792535,0.24703094672555817,1.9263176196451959,True
6.263437106696662,9914.530700543211,3273.7403583811824,0.24823120056861958,1.5547805126813534,True
6.615482849354084,9966.646701794956,3319.6559405974663,0.2498555113448557,1.6529148501184876,True
7.893715013023174,9923.649509079147,3278.333418173678,0.24832128902441022,1.9601774872252538,True
6.5640645137874944,9994.43761835422,3316.573644970379,0.2491601561564618,1.6355033392763816,True
8.391700075129652,10044.267011828111,3318.0685156651252,0.24831501265913747,2.0837851103875042,True
6.636940326217346,9931.766853779558,3270.9716385437814,0.24774948321862694,1.6442985359732127,True
7.603687778514789,9941.048261091999,3268.7099862740756,0.24744661674075916,1.8815068155465435,True
6.584357707460204,9985.953553697957,3321.1571988178325,0.24957763263448812,1.6433084090465633,True
6.783302514810685,9943.175324309808,3284.726275533905,0.2483180155779745,1.6844162195428731,True
7.202458542078458,9968.275066201693,3276.5593041869733,0.24738393947094886,1.7817725680155558,True
7.310156866777577,9974.93767108355,3307.516231962916,0.2490139439674098,1.8203309924167275,True
8.392874505058987,10086.338274863896,3280.976177275049,0.24544766931476278,2.0600114861180217,True
6.684459969927059,10007.739729269804,3286.300560632809,0.2472010381320187,1.6524054439178917,True
7.024561629877388,9941.753084531023,3305.159174966009,0.24950411916531418,1.7526570619850212,True
7.317023141519389,10027.900351625378,3288.9031364484144,0.24697391828255758,1.8071138754251923,True
8.180287116148888,9954.047015545812,3328.1559078280343,0.2505725840079727,2.049755680620554,True
6.6012664185205825,9917.620962853207,3269.462075796641,0.2479291338512253,1.6366462654649883,True
6.865712199648088,9963.390017147154,3271.0622474174556,0.24716264655514006,1.6969475977509334,True
6.338266439492643,9945.225398557272,3310.6413232563027,0.24974914071883217,1.5829765969102996,True
6.818149666316431,9940.008283597994,3271.1463324357524,0.2476048784158289,1.6882071191492043,True
6.480920348966495,9962.844643576993,3286.395200061626,0.24804405677956903,1.6075537750229096,True
8.295485046877515,9927.514146389974,3291.269709548548,0.24898430486628687,2.065445577925475,True
8.198809256429096,10065.055578105206,3285.2322621355206,0.2460795079064215,2.017558947240685,True
7.34110688082157,9932.641175822948,3291.446507449437,0.24889781331478192,1.8271854499465883,True
6.816041618589082,10036.068903832658,3303.88110955543,0.2476681776348207,1.6881166063590518,True
6.831804641300606,10061.487269209616,3307.525314891671,0.24740236379349737,1.6902046172331564,True
8.399254361848229,10024.82337282945,3288.883274408986,0.24702987391502837,2.07486674598762,True
6.862216161379821,10092.244738758665,3310.357058470529,0.24699361426636582,1.694923571576269,True
6.68832714107013,9968.707849570455,3306.993522842876,0.2491012286337465,1.6660705083450025,True
7.4861837320474045,9918.886563886845,3322.8287352640336,0.2509364278113659,1.8785562036595351,True
8.086719464051392,9937.524948140559,3308.0593198496417,0.24974808607303398,2.019642708756386,True
7.88700910940937,10019.957538527515,3332.5802707200073,0.24958403550911298,1.9684715616235258,True
7.865449751078106,10068.044415618704,3315.145784398747,0.24770968168668964,1.94834805416221,True
7.519377741756658,9967.861853015962,3301.7501241745676,0.24882039729948618,1.870974557148805,True
6.742513099612832,9942.513560208507,3298.4704171737067,0.24911067204733717,1.679631969532527,True
7.710800140956186,9929.921912830405,3329.3249927578872,0.2510945769744055,1.93614009952758,True
8.173715313907557,10005.757575759959,3325.2249620177868,0.249435850102921,2.038817627823795,True
7.31117750026594,9966.225591304565,3326.6694131961185,0.2502592108092166,1.829689511302655,True
6.838816731096362,9937.380072959264,3313.3908774666934,0.2500526867351957,1.7100644977002537,True
6.881496414998043,9988.861828205043,3307.127157912723,0.24873118963663912,1.7116427897827307,True
6.984228052988383,9903.366593114477,3329.9912199219243,0.2516361506254667,1.7574842623443947,True
7.515488225413734,10044.666281561531,3328.021990527613,0.24886708811374197,1.87035767041183,True
6.722435191520339,10081.068550886694,3276.889935252638,0.24531367863231868,1.64910530619921,True
7.939209343466152,9958.836030491488,3287.117141992966,0.24816010589719034,1.9701950314145233,True
6.296617340160241,9902.863087846234,3324.967573128847,0.2513615163624834,1.582727282576985,True
6.385937607591941,10074.424152558438,3307.831929394328,0.24718043871954082,1.578478859480191,True
6.647302107889269,10029.3930690712,3281.764303413519,0.24654237130403114,1.638841624453305,True
7.234352222335181,10008.57038488346,3290.74814305261,0.24743735072892517,1.7900489481345294,True
7.215235871969256,9913.215347626314,3312.021058681656,0.2504318982987661,1.8069252160906137,True
7.860739159649891,9919.05591935578,3307.3142707173956,0.2500545669891837,1.9656137267811735,True
6.79131529865473,10063.60407468818,3300.8617827678854,0.24698793187655357,1.6773729203363306,True
6.231332692279144,9937.213351313787,3332.500898143754,0.2511358447888194,1.5649109998357114,True
7.079417381342739,10027.750270599558,3275.2205463484993,0.24620218982784287,1.7429680619918753,True
6.798163842922085,10073.660391134594,3285.8345607901356,0.24595499849466532,1.6720423777523896,True
6.170023667867006,10059.350673920393,3287.0351046331807,0.24628653473475545,1.5195937483903905,True
7.040009952627917,10024.675184160846,3300.1632440235417,0.24767003831304352,1.743599534691564,True
7.51607920479544,9925.775778555682,3318.4882083948587,0.25056040952253267,1.883231883557337,True
8.278396354079833,10091.315247647097,3288.2264146186535,0.2457652509795923,2.0345421576689717,True
7.173489948233702,9995.645935377992,3325.0533034210707,0.24961552271492043,1.790614443118583,True
6.009703869981639,9951.689978448394,3309.539039029125,0.2495650316171561,1.499811936321713,True
6.675132292773595,9943.96069773885,3273.7754018156584,0.24768049363052405,1.6533000613232158,True
6.740551741611832,10016.89391675717,3308.2456327349423,0.24827099336914907,1.6734834767461175,True
6.7283431822026785,9952.588708475681,3271.034711371978,0.24736296607345928,1.6643429263097922,True
8.314691604921418,9984.271519790562,3331.07217484514,0.2501679454347931,2.0800693157271133,True
7.87994424890533,10085.28039541762,3295.1504105036042,0.2462663914412536,1.940565434936175,True
6.509871687273934,9937.849078485046,3310.7652177694813,0.24989520743353943,1.6267857356570452,True
6.416696759487666,9937.51634710798,3267.2922694076833,0.24743200483202607,1.587696143599198,True
6.202971579155642,9971.51681359755,3317.7404485407005,0.24965582222515226,1.548607969833353,True
7.512133599930967,10040.373553556812,3306.9941638372393,0.24776377139348782,1.8612345519306348,True
6.20756555901189,10001.49630107264,3283.66729006691,0.2471679981612669,1.5343115526757944,True
7.782608605740449,10032.230214791405,3293.914101941643,0.24717682952042036,1.9236805205652632,True
8.112848988566842,10035.566055622281,3329.375516069733,0.24911261289174727,2.021013009538055,True
8.333743211523675,10054.363488194347,3301.0350818648917,0.24716859362515078,2.0598395892254544,True
6.7228576484908915,9985.358343974356,3286.375197356943,0.24762215027316498,1.664728466899708,True
7.829525013597998,10025.831034597297,3280.3918305577217,0.2465306544014138,1.9302179252545526,True
8.166362171415518,9983.031769725276,3290.944155788477,0.24792452346270963,2.024641449772091,True
6.461059659118362,9956.475448833782,3326.131282192784,0.25041253946210296,1.6179303568559784,True
7.5526472816382295,9950.070381617401,3284.8725391784747,0.2481969555015611,1.87454406127975,True
6.40169570210175,10034.540331307011,3300.5619934553215,0.24750931137036825,1.5844792948298503,True
6.785983882777421,9934.20044738516,3285.1110090931074,0.2485084809378028,1.6863745463774298,True
7.211218565870793,10097.015342954674,3292.2234779230175,0.24588578349872214,1.7731361270496713,True
7.06108875390372,10000.655561096348,3313.4463488105903,0.2488674317826181,1.7572750237731458,True
7.516186476404487,9977.789791351222,3330.4183222690053,0.25025294869415987,1.8809478286553902,True
8.352067790808976,10076.309213807459,3320.778184267784,0.2478731447810723,2.070253308732524,True
7.984406654398912,9950.016264634716,3270.6395979433696,0.24738860401026888,1.9752512160820481,True
8.354606730796707,10040.964966680545,3295.297255375779,0.24709301605706396,2.0643649750832056,True
7.335760774918371,9920.992594012074,3311.3379188328845,0.2502460103772714,1.835744867005403,True
7.389082877307418,10038.007966556268,3269.318787909531,0.24567810261459025,1.8153358613588435,True
7.282722289946451,10071.055807111405,3291.9819181058583,0.24634981849176332,1.7940973142542274,True
8.314733974541989,10005.12927794677,3269.127851488416,0.24627576666714127,2.047717484213655,True
7.497131156708301,10091.164808829755,3302.0067633295052,0.2465440501183061,1.8483730796430056,True
6.184885199466829,9904.719031778282,3309.376136245999,0.25044288649094115,1.5489605019695731,True
7.553127197782126,10019.844065991549,3302.154122879229,0.24787228432727568,1.87221089232873,True
6.3435445446823016,9971.431000973915,3320.086415458691,0.24978987059475938,1.5845531709282838,True
6.687434391963732,9979.567549271276,3289.6282259917607,0.2479146650412994,1.6579130572693543,True
6.844939932123906,9971.407345802354,3268.3259807112277,0.24685738754013678,1.6897239895132687,True
8.057055183322294,9980.514230400455,3295.919185674885,0.24825335859283773,2.0001910096275917,True
6.746166543576206,10038.229853953684,3285.7830480803245,0.24660611425696877,1.663645917441694,True
7.595288990186579,9980.965858926053,3309.1243283342574,0.24899186399098605,1.8911651632167705,True
7.019325482366787,9920.272530355825,3298.4275906088637,0.2495273786699798,1.7515138876463758,True
6.398910579914277,10066.313835913263,3281.415700573436,0.24584073955076172,1.5731129092853195,True
6.270285333397017,9965.747180027765,3270.6829006781227,0.2470970556816253,1.5493690441660812,True
7.014036264505975,9963.667818747776,3271.82413425701,0.24720079509505688,1.7338753414114398,True
6.157210014676853,10071.766699819962,3329.7703306966896,0.24846182367846814,1.5298316290179383,True
6.705451565176627,9947.503794612332,3297.597891560122,0.24896735183261973,1.66943851902392,True
6.472883514879011,9928.367009351587,3279.1794313838786,0.24828074208166684,1.6070923224823488,True
8.056833001233029,10081.021329412231,3280.378469724726,0.24551158703720646,1.97804585662646,True
7.662254492702202,9970.921791493161,3269.9329712174485,0.24695784598637516,1.8922538649171614,True
6.613463706698209,10023.148640332633,3281.131246329563,0.24662223542207362,1.6310272032286652,True
8.181340921065825,10054.317711301468,3291.017006977679,0.24660430603287622,2.01755390025781,True
6.164890821097944,10055.24560057919,3291.216586889397,0.24659842740794813,1.520252381624447,True
7.967671793000388,9950.841376917955,3279.2631380526636,0.24786373640072082,1.9748969010277069,True
6.949303399407985,9907.883055691771,3315.9585265262135,0.2507560685682413,1.742579999723461,True
7.304770837340445,10099.754568489836,3327.442169076725,0.2478136154635479,1.810221671334024,True
7.57246612674662,10011.503700667226,3320.513140960888,0.24906307728271554,1.886021716146639,True
7.905815009455327,10032.021461055801,3326.385352036123,0.24901063417054306,1.968632009139469,True
6.183789908751969,10065.057846034093,3284.937332630198,0.24606281041060768,1.5216007239362646,True
6.929128092812677,9953.576286803063,3309.0759881337285,0.24950333610020692,1.7288405754224272,True
6.128452785826249,10082.393137534997,3268.068394140641,0.24479066782723133,1.5001880501900637,True
6.864336860720277,10032.814963297224,3315.1243880225006,0.24836226032857506,1.7048422183852432,True
6.870620744451091,10095.047740837757,3320.55963597854,0.24751467024272392,1.70057942792563,True
7.025186929869711,9942.355651741074,3329.4761155323094,0.25086786616315965,1.762393654493733,True
8.339396132584719,10099.217487995118,3277.569204995733,0.24501917240805737,2.0433119387888623,True
7.4580335515641165,10068.380796535255,3272.0926630896115,0.24527560232345924,1.8292736715084565,True
7.00252384378293,9967.90469688157,3281.633792633507,0.2476791018215769,1.7343788161123324,True
6.892913576973496,10085.806153205529,3304.8078396882033,0.24680032158660034,1.7011732874657024,True
8.04329580234684,9973.166410456668,3321.6348478086315,0.24984464102038312,2.0095743523581007,True
7.386420536208539,10022.902198584,3307.8637796915914,0.2481375627688786,1.8328483894407803,True
6.076173088041345,9965.832421180472,3315.4562599000847,0.249633626639184,1.5168171240551709,True
7.635646585630855,9914.998366614662,3320.9452990029035,0.2509035534526774,1.915810861243585,True
7.3751675381923345,9939.445713145515,3317.4120147746203,0.25024120216571777,1.845570790930827,True
7.955500476424443,10011.069194957163,3293.2460902497783,0.2475321743097547,1.9692423306516316,True
8.041918760102952,9972.210910168347,3314.438214241443,0.2494562912895974,2.00610722874752,True
6.124382582342951,10072.999532399937,3270.400980582209,0.24509501737584433,1.501055655435664,True
6.26797236359858,10040.422314089992,3279.8366000149813,0.24622919277807168,1.5433577754441403,True
7.669764835988323,10028.130231052066,3330.4167055478842,0.2493098030312831,1.9121475605565101,True
6.402672925624631,10046.789966848397,3294.6997151493415,0.24695141199974283,1.581149119555527,True
7.2742756740237695,9986.609671644072,3321.4742043861797,0.24958320336172712,1.8155370248591391,True
8.38258130609163,9958.797364156238,3320.877890359129,0.25007222139938706,2.0962507282753093,True
7.088603179960717,9996.8297096448,3290.8659236571707,0.24766265080677466,1.7555822540664037,True
6.039507388015903,10063.581811438271,3287.0607007944714,0.24620992568579744,1.4869866651822201,True
6.206422167611085,9931.341492143336,3300.368066294228,0.24942869639922358,1.5480597905704765,True
6.478244976402254,9934.145880754171,3297.505258372892,0.24921343706091995,1.614465696691844,True
7.2162792280445585,10060.485809458465,3273.2721026136896,0.24548759053515778,1.7715070003215672,True
7.091076074785314,10053.280199748573,3298.0976547312107,0.24702301819917416,1.7516590142734212,True
7.882674125136798,10091.000214864735,3275.913036011322,0.2450762546690891,1.9318562513654651,True
6.877088529551817,9992.071090792642,3304.372329424954,0.24851550335637632,1.7090631175479316,True
7.996980000526469,10055.288901637949,3299.5535779690745,0.24706795179407962,1.9757974692682925,True
7.940406347598126,10094.228647137648,3276.163165796327,0.24503120115201854,1.9456473049870813,True
7.222483217732199,10018.032404879335,3307.362614767563,0.24819996779766781,1.792620102060328,True
7.058268264704338,9963.201532932166,3284.482672443163,0.24792881695583177,1.7499481006250384,True
6.055264512170246,10037.546843137612,3285.9265237684217,0.24662686923143354,1.4933909290047513,True
6.893896104804473,9939.05049540358,3316.1289036121216,0.2501760861764247,1.7246879460068822,True
6.568456051543544,9971.834971127406,3297.367619762346,0.24849779760135868,1.6322468624498871,True
7.058022283149157,10074.020707404847,3293.185744302712,0.2463630494673801,1.738835892885347,True
8.253267198173639,9998.550747323323,3300.1986099729584,0.2481585689982437,2.0481189774589144,True
6.279705409322999,9970.89725610251,3285.252534369871,0.2478285615579787,1.5562903586003767,True
8.032492541747686,10073.437285603779,3319.4885560475213,0.2478538741492979,1.990884395547505,True
6.582506615411754,10024.106482934107,3316.8426994938777,0.24862119285055467,1.6365506466703377,True
6.764452172934398,9938.377515465227,3271.374161044092,0.24764842225319966,1.6752059080344317,True
7.848876037196085,9969.323689220613,3285.2814943310946,0.24785962681166557,1.945419485470446,True
7.98504098325515,9942.740477650046,3297.568845978605,0.24905527245453132,1.98871655764521,True
7.160248370258053,10093.551417400617,3316.950985174234,0.2473398002253347,1.771014401463405,True
7.756005786320673,9995.780636196663,3270.452484984916,0.246524575221216,1.9120460318859973,True
6.176924905139879,9905.259844538057,3267.6841935786115,0.24806028053587567,1.5322497248180356,True
6.627313846256614,9978.118278840491,3308.2406691696806,0.2489952802054274,1.6501698681579746,True
6.268307135014347,9962.656038222054,3312.3051652772238,0.24951524260606506,1.5640381755224335,True
6.42539971030377,10005.714017712055,3327.6548256715896,0.24957344724794414,1.6036091556464536,True
7.281640005365206,9975.226869424996,3280.4682039121376,0.24747613654078093,1.8020321362085727,True
6.868239208104455,10001.409703460746,3320.744540654195,0.24926483208383007,1.712010492919735,True
7.1618158314461775,9949.20083559544,3272.745795230591,0.2475237487043259,1.7727195021295465,True
7.592292275830039,10032.670286039973,3294.9676550068834,0.24722817873517886,1.8770285917786267,True
6.524117700495758,9962.2479564516,3312.756446225882,0.24954842542709219,1.6280832994597378,True
7.4242323967978425,9946.761317110115,3330.5836986409718,0.25084711549559474,1.8623472815056845,True
8.200656819367827,10050.698969598921,3269.808758580537,0.24547178120420104,2.0130298364945984,True
7.0193292281186555,9932.170692549473,3283.452214877988,0.24845232327510028,1.7439686545588964,True
7.277508229426069,10040.109854822287,3276.8059561911336,0.24606342810105727,1.7907286229662343,True
6.699324432194177,9943.69115564118,3311.9125493890438,0.24984999726057308,1.6738261910314054,True
6.51993170232034,9996.623820431994,3314.3520408694435,0.24899391865814663,1.6234233439442223,True
8.006550438369198,10028.937841658691,3275.0809350770946,0.24617230252291133,1.9709909566791706,True
6.031819315032428,9959.281669567705,3300.3722251110653,0.24890334629590424,1.5013400117638405,True
7.336033472337494,10033.370785937557,3300.9868769705076,0.24755499742989506,1.8160717473901324,True
7.849071955692691,9966.950802159181,3267.4257187903368,0.24688928213717704,1.9378517405840165,True
7.266507305397,10038.433299760645,3289.4945412013067,0.24681215118012564,1.7934622996111318,True
7.643594370541339,9923.194145362451,3302.230765161907,0.24968806579016606,1.9085142940650688,True
6.675555256685612,10052.161087810086,3306.178951764425,0.2474992358309314,1.6521948247768459,True
6.908257399953349,10070.551209415726,3323.588368551733,0.24813750440669088,1.7141977510234792,True
8.216297615775169,10008.84739919476,3317.07233666245,0.24891882904989407,2.0451911816441912,True
7.771296157075923,10003.940036719852,3274.7955859930817,0.24661953359411934,1.9165534336798362,True
7.844392224908852,9902.270921765481,3293.0980969406846,0.24956468381235009,1.957683265309435,True
6.5548144160573285,9931.920413563585,3296.9042448546566,0.2492212520752289,1.6335990558905678,True
7.120163778467038,9934.562564715014,3305.0161732752426,0.2496315206609767,1.7774173113739324,True
7.618730744054951,10073.417141432677,3296.4350803226243,0.24655733104953062,1.8784539182391933,True
7.979469977909789,10081.868624709052,3303.153117440893,0.2467798096314732,1.9691720821086334,True
7.771581582088378,10052.93419828437,3289.91885156465,0.24656786965077732,1.9162223145127488,True
8.057096598610217,9911.112564189147,3270.1446826166866,0.24809049860620305,1.9988891124675514,True
8.048884857073594,10097.61956532409,3326.83265955643,0.24781887587119325,1.9946655972966478,True
7.800525058206499,9959.05056041077,3330.170897204213,0.250591873107507,1.9547481855580118,True
6.443601871259851,10082.639510398823,3303.4005525766747,0.24677952083182267,1.590148982220542,True
7.8491913691836,9917.44570543856,3315.0494571337576,0.2505233832626115,1.9664059776835652,True
6.302366466449206,10007.685983337065,3277.1081650161027,0.24668113998758084,1.5546749445631918,True
7.417325189814621,9957.197534746914,3291.5377449956254,0.2484416569201456,1.842772560073078,True
7.099803561786901,9926.777463872997,3303.2192753463164,0.24967649958326713,1.7726541010357657,True
7.901926057516869,9908.002044021183,3285.8178609435613,0.24904219434639474,1.9679130049269569,True
7.548907973046701,10048.454322088308,3294.3380464833126,0.24690019566241517,1.8638268555827964,True
7.7109779192973305,9971.765530409864,3307.745473291253,0.24908639123604437,1.9206996628185942,True
7.203987207598004,9987.711572822338,3288.6995580431303,0.24770998168303524,1.7844995392389218,True
8.394597784145944,9935.289169443346,3283.1083641952314,0.24837415850448422,2.0850011606208567,True
7.876761223582077,9912.422133828592,3303.611996326085,0.24996999582411192,1.9689539701663386,True
6.178973722575261,9965.638367626174,3327.4688334353214,0.2503153538978165,1.5466919940917352,True
7.214763298238119,10071.49278115337,3267.36495905201,0.24495088130400147,1.7672626283031916,True
6.245848393416285,9924.322318037022,3295.541135356533,0.24928707826483362,1.5570092972798508,True
7.537020573033878,10007.908682656724,3292.9598956529844,0.24757480131958856,1.865976370910514,True
7.058644421529208,10071.735708537404,3328.29018111267,0.24837938437741214,1.753221755958479,True
8.293241168644142,9999.837869893092,3306.2366220883973,0.2484757337019872,2.060669184146379,True
6.459069992126062,10007.700444081293,3332.3139963597105,0.24979837999707208,1.6134652203207913,True
6.43586990623199,9927.400330636327,3332.133069705593,0.2513009296103638,1.6173400902874642,True
7.86217849056016,9958.428438270419,3300.0650636320634,0.24890196334587575,1.9569116624761376,True
6.148408719886065,10097.85583074818,3316.2361219453633,0.2472203212592012,1.520011578963107,True
7.869012656930193,9952.523569633708,3286.424027308358,0.2482390690984725,1.9533963766804487,True
6.049572408351749,9944.908900989602,3292.922647293326,0.24875091024409124,1.5048366431650368,True
8.222872121461837,9948.53881012383,3290.9137958918604,0.24856872061285587,2.0439488029948887,True
7.535627447887638,9968.853467022014,3325.871649828968,0.2501647548630732,1.885148393240257,True
7.799471347977297,9933.741862021478,3331.627610403524,0.2511522666088606,1.9588549073953634,True
6.519086566649323,9920.672873811407,3268.968427794175,0.24784361856726475,1.6157140044316143,True
7.3779086116156956,10063.049159742613,3322.671186327889,0.24822505628569244,1.831381780389001,True
7.5665771439060725,9902.81808218102,3315.510898392484,0.2508267802431888,1.8979001824676633,True
6.1811368120771855,9980.528923957969,3317.3082513215886,0.2494622401820655,1.5419602360126055,True
6.445798421649618,9921.234168985897,3292.1584941664855,0.24915315680787914,1.6059910249012472,True
7.799572979297735,9929.613430447733,3303.4110376044114,0.24963386454696565,1.947037544638184,True
8.16829029120713,10059.179958888653,3306.760223100039,0.24740199178476593,2.02085128752081,True
8.056846836817737,9948.489805999034,3281.6663904786196,0.24804441774862174,1.9984558825282803,True
8.331783200602292,9946.729290294816,3304.332637590534,0.2493636099184581,2.0776435359601524,True
8.013286509837974,10032.322101444614,3280.686530967193,0.24642713165377544,1.974691209739265,True
6.2888762768481135,10028.390658003962,3294.0014564874746,0.24725300292763666,1.5549435444910713,True
8.298249842989051,10042.599076682642,3271.940685668409,0.24574192905415584,2.0392279241894755,True
7.174614246649037,10080.121164583574,3316.9734210177958,0.24758901266418903,1.7763556575742596,True
6.812651817187475,9962.02672855583,3325.3932583571222,0.25026628658026684,1.7049770720518163,True
7.4623046616415,9943.055217581788,3317.1009087886614,0.2501554941869763,1.8667365104067064,True
8.016231234240479,10092.391266316454,3318.929425838812,0.24747222902366103,1.9837946119065848,True
6.97769798377607,9959.892998855614,3303.521371581025,0.24907020766420276,1.7379366858371947,True
8.113109598914589,10032.700385386708,3284.6836737771314,0.24664631275816545,2.001068567575162,True
7.4229184628718325,9930.266713702089,3329.880077283131,0.251119397829511,1.864038814533934,True
7.265710727280456,9915.729147703083,3302.6708166098874,0.24985405385874512,1.8153672793759932,True
6.665648938310631,10089.874632501755,3270.4835593818307,0.24479011059513725,1.6316849407974185,True
7.1476876058840935,10049.672270425066,3305.8047843837066,0.24752427568234403,1.769226197450128,True
6.56643170623865,10002.516754317374,3284.595318437619,0.24720159658866941,1.623232401672655,True
6.715299173301355,9998.125654157739,3293.2423950296916,0.2477730195147989,1.6638699531141097,True
6.884140233404097,9952.082526190436,3280.5991348853136,0.24791642532558422,1.7066914381055769,True
6.301026369106601,9935.368779276447,3270.135622437935,0.2476342836259549,1.5603501510219648,True
7.72557791848277,9981.540250278706,3281.0318265025026,0.24739031068088266,1.9112331214428193,True
7.447555381525358,9970.40912483276,3267.499483156683,0.246828980310731,1.8382725006296015,True
6.15836353241082,9962.87170388454,3274.4528919637864,0.2473651581370729,1.5233645690603854,True
7.048427615657025,10039.696929270278,3315.313389837192,0.2482449141273863,1.7497363081818764,True
7.014740737360851,10022.664025119919,3309.756119005362,0.2482487112787061,1.7414003480040718,True
6.696392536861377,9948.302742429156,3316.573446467922,0.25002671711658714,1.6742770425154647,True
7.4857140634329165,10056.925744546794,3318.975703626023,0.24813099262774574,1.8574376610870855,True
6.358167628116423,10046.394672678094,3331.5226007173324,0.24903148469475955,1.5833839243679906,True
6.7253593200224,10027.560221621092,3299.784555832229,0.24759504694548573,1.665165656566206,True
6.275477519406592,9935.455248732473,3322.554994805996,0.25060736368229186,1.5726808769859746,True
7.60420493466995,9982.759974941484,3275.271076676817,0.24704053444474552,1.8785468510882355,True
8.202342358328735,9918.871973484582,3328.4885632044434,0.2512567355577044,2.0608937648803605,True
7.914402706623797,10041.907706221298,3268.3331579158357,0.2455502639867301,1.9433836739087647,True
6.6619054573189525,9925.05477526218,3283.065755726989,0.24856418807083047,1.6559111210031199,True
6.381087485261238,10013.70285289165,3301.3828735713855,0.2479430430560473,1.5821462491025318,True
8.147882889075154,9962.877014533382,3298.98668504065,0.24875739637910868,2.0268461334882253,True
6.367193818064331,9910.305171847684,3273.88690709997,0.24831911485328478,1.5810959330010415,True
6.175588569893052,9920.573169254778,3272.570265300223,0.24805083652231252,1.5318599107796034,True
7.8100723042087195,9989.386280741452,3292.5440484877486,0.2478965004990225,1.9360895928576787,True
7.742237203557515,9946.854890732211,3310.8477928681623,0.24973012835501607,1.933469890599399,True
6.390637429597759,10048.848869323534,3283.763735343429,0.2462955935728588,1.5739858390317087,True
6.570835942587034,10014.232892626249,3324.125905885902,0.24921551115094437,1.637554238120825,True
6.614965598682601,10073.866186263103,3302.8808851471686,0.24691211305073704,1.6333151337286549,True
6.800434500585133,9945.70638094835,3309.9478252371227,0.2497008275678016,1.6980741226167373,True
7.76270564647196,10049.31309055094,3292.93273218253,0.24680498140513918,1.9158744227310809,True
7.47898794693708,10089.975251318392,3316.945748186523,0.247405481714184,1.8503426157465444,True
8.07986803440137,9906.04919991293,3309.459133011604,0.2504223863085587,2.0233798342330345,True
7.514659355207269,9937.416493452316,3267.0991022230005,0.24742286671182592,1.859298560028224,True
6.125940662770181,10075.57312708324,3272.981230526841,0.24519368486227852,1.5020419643522893,True
6.94686924697261,9941.78133024348,3293.224664044273,0.24882683585225676,1.7285674938035442,True
7.608274048763816,10087.782492650806,3275.910238511209,0.2451351063222447,1.865055067872493,True
7.758233051070798,9934.801604846101,3288.6049609575075,0.248695746031284,1.9294395565206168,True
6.64470221154286,9942.250538447954,3319.202900296938,0.2502895263802305,1.6630993694647327,True
7.249071517529814,9918.37735247498,3285.936706901194,0.24885326811565062,1.8039551379413732,True
6.935557716692823,9997.639739321556,3310.4155247399253,0.24875276357468482,1.7252391489590706,True
7.000705239436311,9993.317215056619,3318.2215773702355,0.24927407936173573,1.745094353443366,True
6.9029152485611975,10048.711577747266,3318.587771299641,0.24826164841862822,1.7137291185018877,True
6.930103037921923,10054.914686361837,3320.979611644535,0.24828094014913937,1.720612497585662,True
6.703795607786517,10004.926562165138,3322.1703054381273,0.24927936957627772,1.6711179428772425,True
6.136999703033762,9911.957862916524,3282.798007175028,0.24879566090465682,1.5268588970879675,True
7.920833113240283,10080.249154802515,3276.0995953580878,0.24528407101669117,1.9428541918593885,True
6.6776936571785095,9961.980328967968,3317.2487964971506,0.2498073318228825,1.6681368352303498,True
6.00722389291879,9906.66909584956,3288.046824051164,0.24919421107748285,1.4969654187617032,True
6.365110265213972,10077.215717311334,3305.625293873854,0.24700474967243946,1.572212467696652,True
8.298340199959505,9929.374190507511,3278.7216915123936,0.24823575788662286,2.059944768737977,True
7.227299770424573,9960.793814971987,3292.380113919198,0.2484220105752926,1.795420339999223,True
7.700195194111091,10069.86244874381,3268.453304805508,0.24504243003362508,1.886874542098223,True
7.582012351739712,10030.74618465825,3272.2158931499093,0.24597648809422532,1.8649967709679725,True
6.535449530254137,9914.929428864969,3330.016675394508,0.25141791058882446,1.6431290656552096,True
6.115489724687497,10064.564560113533,3315.001843088945,0.24776601447229857,1.5152105156321156,True
6.6558617561558115,9915.573570997303,3302.7969628775472,0.24986415340782256,1.663061262901375,True
7.564626329231384,10062.197932014136,3283.5427249505083,0.24603675504790734,1.8611761151940525,True
6.316123947866494,9951.128981283646,3323.9831514093376,0.2503920959901554,1.5815075138399064,True
6.913255315841699,9958.35878114204,3294.9144697685083,0.24861137376324266,1.7187139012474448,True
8.331163630779468,9917.60313667578,3267.2878617630818,0.24780545111445673,2.0645077618336614,True
7.128490596513192,9945.46068103709,3332.3485195929197,0.2509712610898796,1.789046274674264,True
6.2795843811614445,9956.38678295485,3292.93979609332,0.24853638986456958,1.5607052319438026,True
6.69789347633618,10074.372437194497,3323.257659707362,0.2480481723760869,1.6614002355749047,True
6.627245979311293,10037.789753135234,3305.3731096350616,0.24772036012972737,1.6417037606632812,True
6.187163000812715,10052.918737802016,3300.270249694736,0.24715221605752313,1.5291710467599773,True
6.420483862826389,9982.60003568033,3311.869599546089,0.24911633862930585,1.5994474321358525,True
6.106657428032254,10001.83130227742,3317.7001749879128,0.24908535113647093,1.5210789097315525,True
7.63770827296436,10037.81201142286,3319.024768897614,0.24848883186083073,1.8978852068427168,True
7.2575499854849905,9997.225928085156,3300.6392586342604,0.24820820577506006,1.8013834602200427,True
6.438200449000647,9999.863459993123,3332.5338524504673,0.2499575863479629,1.6092770446565725,True
7.556885532362116,9942.267450582049,3281.157365626314,0.24813219050517818,1.8751065605419013,True
7.367750879616311,10008.574414468823,3300.16076729283,0.24796952694763844,1.8269777002865037,True
7.143902068195042,10057.823713477786,3271.2728498900137,0.2454234489440503,1.7532810844949613,True
7.358559641389733,10068.383265793185,3330.3383785051997,0.24855642701722763,1.8290172924570038,True
7.372623092814432,9942.67080871908,3289.6054738784596,0.24860465452983263,1.832868416967798,True
6.3421428759003655,10024.50086225806,3267.4727772914807,0.24582299558353726,1.559044560172618,True
8.383749965084775,10088.474929419848,3311.1962591830156,0.2471102620786221,2.0717106510737375,True
7.611723163093093,10093.870119002919,3306.472254329481,0.2467453563656394,1.8781573444339974,True
8.234739464955856,10007.137816770248,3330.832807675765,0.24972560680040556,2.0564253097293483,True
7.476818109352619,9945.123608231734,3300.703328454192,0.2491881665245447,1.863134596107092,True
6.280258702758523,10058.965691314701,3288.243364526657,0.24636186867003249,1.547216269742824,True
8.117266350889016,10068.692658115615,3305.1494491540225,0.24713537236673658,2.006063642226938,True
8.39258953670445,9902.612037163557,3327.920467706666,0.25153337301288836,2.1110163544799447,True
8.3430892495865,10070.550774770925,3323.2023664975472,0.24811584411378954,2.070052631677837,True
6.166483864820208,9956.933430579631,3320.218027977362,0.25007005744726324,1.5420529743232112,True
7.31325735948109,10021.75138973418,3289.7310493284904,0.2471348374899811,1.8073606690577677,True
7.698192077917085,9949.077346657046,3308.598302636454,0.24956096303447947,1.9211682285893883,True
7.731862561770523,9943.03983640489,3299.1350627444453,0.24913846009966067,1.9263043323417257,True
7.755117462768889,10048.383149266541,3327.5257268185765,0.24877006546956099,1.9292410789371524,True
7.258416850458403,9992.754943902894,3307.4299608187466,0.24867548718398572,1.8049903464721946,True
7.369614441243412,10066.948627015852,3317.1733211877404,0.24784392536358868,1.8265141715339575,True
7.874520741918026,10069.614086145388,3288.219271288692,0.2461641183342573,1.9384244557390726,True
6.710578561370271,9972.58449522868,3297.878647955324,0.2485127016572278,1.6676640079691991,True
6.100121408063721,9919.140338420848,3294.1292308280345,0.2493046261989864,1.5207884874057607,True
8.145015218439301,9940.210515785388,3287.6019731752153,0.24853708622789408,2.024338349672758,True
7.057949593479424,9976.699017947954,3300.2751076254413,0.24857132931129453,1.754403912663291,True
7.216215796057037,9959.759098789807,3271.181065754537,0.24723723522841523,1.7841172422287594,True
8.388774389250798,9996.921970324132,3329.1453358204317,0.2498220412173203,2.095700741234214,True
8.08757586751097,10015.865493863836,3316.007682479003,0.24872781481023964,2.011605072638032,True
7.248011182063612,9934.229627338138,3311.1503202978543,0.2499853030557135,1.8118962718993723,True
7.768816982555329,9951.903230766651,3330.329220734764,0.2507356525264174,1.9479193954793232,True
8.022860316114755,10072.636442347097,3284.374749987972,0.24589144253114895,1.9727526963553668,True
6.49634826215023,10086.796620066518,3312.868814995659,0.24723518889710897,1.6061258897341175,True
6.1029283299298696,9986.037095549898,3302.906893908621,0.2485454748344683,1.516855219643148,True
7.552436171757102,10076.919235879965,3275.325636209408,0.2453014955601905,1.852623888054897,True
7.2634890327258095,10024.687107958931,3286.2359811001575,0.24688265112141464,1.7932294287906674,True
7.80789657453323,10017.452324844753,3314.9624486196867,0.2486393129035762,1.9413500395141285,True
7.380695466798124,10052.273411582377,3268.311818789495,0.24535797506385187,1.8109124942965387,True
7.956362773554736,10063.745235409986,3323.1199329251294,0.2482373499051545,1.9750664097912527,True
6.708103182872067,10068.724042133339,3329.9344393095826,0.2485274510072427,1.6671477851327665,True
6.500638074315153,9912.49304341461,3287.966531275957,0.24907970155675663,1.6191769914789074,True
7.494644254450098,10066.176194622873,3325.3248114709713,0.24831606329699502,1.8610405570764907,True
6.6346645195854,9970.958651721658,3316.588650811721,0.24960126766054008,1.656020674590924,True
6.806127020018361,9919.115938067065,3282.089898452313,0.2486204623348004,1.6921424464263422,True
6.929948737911474,10096.735095523492,3284.811270140857,0.2454732196399468,1.7011168286349154,True
7.837093528218961,10040.727132745564,3296.114619456843,0.24714356522319328,1.9368872355516489,True
6.4088185193836,9960.466785419505,3289.420399670989,0.24826025714184394,1.591054933597584,True
6.069757153479417,9961.261314883173,3273.9334955843815,0.24736572014754687,1.50144984939116,True
7.327300065714141,10096.367227810899,3283.4980008796706,0.24540590990698735,1.798162739788107,True
6.530270735915598,10068.43403516334,3298.769303189204,0.2467808126868641,1.6115455192744974,True
6.625689222157076,9902.827037483914,3290.0955120836916,0.24938337201043628,1.6523367201147363,True
7.5444475893036405,10055.38547333579,3300.3883448261768,0.24711322531818522,1.8643327770368299,True
6.409448105852862,10084.330169818904,3306.263344886657,0.24690939511050916,1.5825529548083288,True
6.451709037229305,10037.08429932435,3277.364846788653,0.2461509906134901,1.588094570664,True
6.610993029238713,10031.300432674041,3332.4284811585644,0.24936366957498032,1.6485414813055808,True
6.486919771122749,9956.993089745001,3312.9477451287953,0.24965806451994654,1.6195118347546802,True
7.516256938169511,9962.126115221783,3314.8962332385036,0.24967166178061953,1.8765963601228932,True
8.335347077577786,10052.637994296509,3271.1034152464194,0.24550937418400667,2.0464058446226114,True
7.349101314015634,10021.327790944702,3325.0731224991823,0.24913631353227386,1.8309280091490447,True
6.212645474036638,10030.367373914474,3317.6426120469155,0.24854960518730557,1.544150579740507,True
6.679915028173762,9984.118802542927,3277.174772162548,0.2471233106861773,1.6507627168646495,True
6.8354015153020615,9943.354954560606,3267.3201918177724,0.24732424010240592,1.6905604855669163,True
6.625934447326342,10050.212013788427,3275.2378098412705,0.2457881612396582,1.6285762443028524,True
6.055905515470155,9949.554110210294,3275.20704111007,0.2476571791077733,1.4997884769045442,True
6.335520833529141,10076.274963297112,3270.5204125669597,0.24504162388533104,1.5524663132073266,True
6.994022217887646,10062.394788505047,3308.379545811243,0.247433653660599,1.7305564711553463,True
6.841822107473281,9954.39320957383,3324.2333195696515,0.2503446657132601,1.712813668364991,True
6.452217154027698,9971.913691120422,3330.8993351550903,0.25039059998632984,1.615574524439085,True
6.858575376558476,9956.254455795262,3330.0249474244547,0.25063637805309713,1.7190084909847732,True
8.127221977172312,9928.33319357913,3305.2617637035205,0.2497629536322316,2.029878965843342,True
6.073656504931952,9981.772162594898,3308.4341885127396,0.24893775921221922,1.5119624405624792,True
6.048156385885086,9941.897867243737,3332.0026027689446,0.2510191040151562,1.5182027969284198,True
7.150390115939641,10018.170591866066,3317.233434598855,0.2487538756242858,1.778687253565572,True
6.336183207455101,9958.146860532235,3320.6264202242355,0.25007027004794713,1.584491045761565,True
7.879126494454631,10025.570669534245,3271.388280181582,0.24602529740467433,1.9384644390872496,True
7.793907286645823,9922.943020706463,3301.3893069990318,0.2496450652621979,1.9457104932222165,True
7.706505155216023,9961.319229618455,3331.461273886706,0.25062185244149904,1.9314185978502019,True
7.153254117869178,9922.303060949638,3308.9817760053706,0.25008771383738765,1.7889409688357818,True
7.184469754611266,10017.343481995467,3327.398973344694,0.2493415653752965,1.7913869350062455,True
6.7612528949998465,10021.84658001362,3325.9277558561685,0.24917470674630185,1.6847332073491712,True
7.011246250405197,9932.681508521773,3271.3372550638865,0.24775315103956486,1.7370583512522215,True
8.282316345511898,10011.922287862988,3276.9283949471915,0.24659231058906161,2.0423555246693317,True
7.765722332885071,9906.173130612979,3319.7954606805847,0.25100584790938874,1.9492417187946935,True
6.804239553400172,9910.386450485315,3320.158047413413,0.250946440484042,1.707499696126501,True
6.8957731813273675,9996.80661716171,3287.9730588481593,0.24749925396095945,1.7066987178625155,True
7.133641081489729,9953.13969026868,3302.4118752090135,0.2491342483107004,1.7772343085552755,True
7.325042216665188,9919.598951122174,3304.4439250217683,0.24988151928809577,1.830392677949738,True
8.00145676843068,9962.648759093525,3298.2496214071,0.24871992279625516,1.990121709701652,True
6.413610161126964,9973.349727645858,3285.4482518844366,0.24779382391651966,1.589252986935496,True
7.608735650454498,10031.857955909485,3285.3938264512485,0.24670208839956698,1.877090975047362,True
6.39742221611736,9972.434775988213,3290.5743328537405,0.2481016416297292,1.5872109540172172,True
7.247282879834508,9993.506635369728,3302.11032417602,0.24836081952595895,1.7999411153721503,True
8.255713999785923,9901.187336199493,3292.9880304550516,0.24957891940540478,2.060452178986643,True
8.35225246337616,10065.251283389183,3292.0017363654483,0.2464579903889491,2.0584793573448383,True
8.38436583617674,9989.50745873322,3269.3478515742104,0.24657843947000616,2.0674038438300935,True
6.836756038450078,10018.802687808045,3319.6121883305136,0.24887606354703026,1.7015049302808445,True
6.446610308208912,10056.391059184447,3267.1167537899337,0.24521445850832374,1.5808020559416265,True
6.170872715202119,9986.746670834991,3287.8965565678827,0.24768248006701007,1.5284170582791052,True
6.419924045358647,9930.995989600124,3317.3838615730187,0.2503992109857316,1.6075439155461313,True
6.028657765898207,9928.419006282997,3276.7551408614218,0.2481417590066399,1.495961742479021,True
6.316879621910722,10057.304487402133,3305.8261844531603,0.2473841097292952,1.562695641533511,True
7.820323027042662,9991.782860006919,3284.1959007818045,0.2473788155252134,1.934582247454365,True
7.016265317271106,10022.121107429837,3325.158442988469,0.24912630550877,1.7479362569610686,True
6.667972202125839,9912.290257129027,3283.0873938178024,0.24880586828693194,1.659030613463045,True
7.408712833109071,9985.677676202404,3301.436529515862,0.24846904138861467,1.8408357755661384,True
7.32403926849693,10009.887604310332,3307.308374271404,0.2483487049068439,1.818915667018081,True
6.99418458188492,9924.838445669528,3320.9499199610723,0.2507174226471925,1.753563931888919,True
7.9147192876396755,10026.195783634616,3316.686724606226,0.24857347897336063,1.9673893084261527,True
8.12834242125261,9945.05095939585,3302.6013923602814,0.24929710598289384,2.0263722420562638,True
7.133457493503315,10058.57454946695,3285.095447289884,0.2461912988022278,1.7561951652760655,True
6.537195443826397,10035.830852510759,3298.327098252786,0.2473592341137609,1.6170356582368648,True
7.534688592279965,9965.519201591609,3272.1365602675864,0.247183989305371,1.8624543844134316,True
6.749276544998286,9966.559459268508,3274.3244525477858,0.24728896305976572,1.6690215982162242,True
6.192357232153735,10057.767381599268,3283.89147653115,0.24613816853291404,1.524175468023865,True
7.855055158736676,9971.122478158324,3298.402569428642,0.24856975344633375,1.9525291241145277,True
8.324419767758473,9950.40703454452,3298.643824601388,0.24897208559844214,2.0725481509757264,True
8.243393442402734,9956.600841366608,3326.8492644958233,0.25045069149825566,2.064563587941951,True
6.600001869451157,9965.486399741569,3312.2447125731906,0.24945863751534836,1.6464274739520377,True
7.503719463784235,10058.636266451818,3283.414729546382,0.2460952015946578,1.846629354149739,True
8.23742469902421,9966.137538105273,3327.8287875617434,0.25032625373336587,2.062043665317429,True
7.352487174977643,9961.851343193222,3316.746642919428,0.24978138854630808,1.8365144558348376,True
7.6474038059861655,10025.347021133855,3311.4008676324465,0.24829147969586185,1.8987852068200706,True
7.496801560060956,9984.124031560274,3297.3741885389663,0.24826824006563983,1.8612177294376766,True
8.217649794308588,10052.214188058746,3309.0283218613604,0.24765872780204082,2.0351726935811674,True
7.476411946145591,9909.508104393628,3313.9556877804534,0.25061177161022824,1.8736768431114208,True
7.87089571040515,9904.501032704497,3328.740898646991,0.25154387080014884,1.9798755736595988,True
7.458388720181126,10010.58987479383,3275.2305452477767,0.24652075985515387,1.8386476545941597,True
7.529982759211828,9936.346607112417,3306.420312138256,0.24967745277852751,1.8800669147862374,True
7.547517686270797,9938.04018427964,3331.6013309000646,0.25106942995324366,1.8949509630540335,True
6.736972494463599,10000.001775778814,3280.4871024082745,0.24701553779367283,1.6641368838211075,True
8.206988544826281,10068.567149509929,3280.8963147813033,0.24576990105688096,2.0170307626369106,True
7.558629259532468,10020.321839182898,3287.049257974484,0.247009663589876,1.8670544705977086,True
6.784503118523615,9916.172746569044,3274.2274397634387,0.24822805930907996,1.6841040424875178,True
7.81554242584259,9929.685781404767,3332.52933650312,0.25127999409414087,1.9638894546082335,True
6.7819072150459725,9918.700284412424,3284.0510487812458,0.24873990018464223,1.6869309237320402,True
7.069528585380047,10096.004794860126,3308.872940597758,0.24684096385641024,1.7450492500256551,True
6.497132729258431,10005.155994911302,3299.849612402932,0.24801564988359628,1.6113905962270134,True
6.197795320342068,9975.93910788462,3279.826621903769,0.24742641721053765,1.5334982907164743,True
7.317250325733199,9976.207011233819,3330.4201094529253,0.2502828161672456,1.8313820181252005,True
6.6767313335407845,9960.72916298512,3324.883657887415,0.25026197155646546,1.6709319470847455,True
8.25267731474697,9904.801959999577,3304.2935542400096,0.250152900376709,2.0644311661570254,True
7.781141776783422,9988.74550018487,3309.016845699311,0.24884012509995654,1.9362602931552848,True
6.194842371605164,10072.638254426398,3276.484497916434,0.2454456789935051,1.5204972921563649,True
6.8060128964574504,10010.25089523782,3280.033540183048,0.24679934851064592,1.679719548800753,True
6.563489487808099,9962.053994854487,3294.8396262087513,0.2485378340046223,1.6312754608119329,True
6.539813048789982,10007.490733052862,3269.8960770363014,0.24627557544317283,1.6105962218815235,True
6.72752229561123,9958.855826661798,3290.4781773695086,0.24835045869991138,1.6707832480289297,True
6.9172942148676295,9982.30397944896,3302.8412454144564,0.2486116026216351,1.7197196005636064,True
6.949210126029012,10062.230400117525,3301.1308289193516,0.24702848125862348,1.7166528233799943,True
6.14624556763131,9933.555953155093,3318.1954305944896,0.2503967464001431,1.5389998927111808,True
8.224629123914042,10014.349347878882,3278.0981300065023,0.2466135853055103,2.02830527605656,True
6.488423247640619,9922.978613037778,3323.873309541557,0.2509179787747152,1.6280620467328577,True
6.50977060219812,9932.746653187152,3331.0910210279076,0.2511408163192134,1.6348691030868534,True
6.528617971465687,10046.538748083014,3321.084660226817,0.24844241633574915,1.6219856241639323,True
6.531082192179085,9946.359232608283,3269.258413741087,0.24737840494683003,1.6156486952779079,True
7.485022527038394,9965.90954174353,3277.6505777590646,0.24749014224146307,1.8524692898972874,True
6.174089357087827,9932.603143894525,3291.066019326792,0.2488769174958004,1.5365883275356464,True
7.885486596383961,9983.069967050436,3315.177682281103,0.24929432581651062,1.9658070647806705,True
7.722432597248691,9970.678091181324,3274.0914949235707,0.247198826196148,1.908976273418747,True
6.174539277409737,9905.028456218579,3293.490200964252,0.24953483693958983,1.5407626517655315,True
6.168681306347162,10054.356204688189,3290.6592628961657,0.2465833981900827,1.521094398870722,True
6.410182569749553,9962.445844204412,3315.6687751441987,0.24970930513829656,1.600682235301781,True
7.437852972469024,9954.994668817733,3323.6959452350497,0.2503029885881667,1.8617168276883758,True
6.003244640731618,10029.318986853246,3321.503953964624,0.24878645823469733,1.4935259720840472,True
7.24085907304587,9997.62053176541,3291.4608616060414,0.24768159394732964,1.793427516759985,True
6.552023474089008,10050.681612404444,3302.116414674541,0.247297713031978,1.6203004208740472,True
6.195876647172253,9937.656978044373,3304.5338003000256,0.24954585352327738,1.546155326243542,True
7.242909662570328,9925.619561256919,3302.555071056105,0.24966067978788348,1.808269749999538,True
8.394739653495122,10098.01426100413,3313.7187160245167,0.24707610281983614,2.0741395577727166,True
7.155309731279894,9977.641456884565,3304.8628502602187,0.2488132338479651,1.7803357534235646,True
7.673060428988752,10069.31294104254,3326.0013687468513,0.24829588106911277,1.9051892997123065,True
7.98765803699998,9968.299817564382,3277.5109810780586,0.24743755070199025,1.9764465405203424,True
6.230503790479327,10069.878406520467,3327.6492799928583,0.24837786178584648,1.547519209327867,True
7.231632930486294,9927.980152573404,3269.610137437582,0.24774296410097607,1.7915861774889021,True
8.12205688343344,10022.137417132033,3299.413311434469,0.24767486748815695,2.0116293623356505,True
6.193607703913349,10094.063072360237,3268.2955329484744,0.24458971873797924,1.5148927662735474,True
8.36812830587953,10086.830489129272,3329.339994495752,0.24815874235940466,2.0766241962892,True
7.442903810382321,9968.459421419555,3283.916905432812,0.24779834381693797,1.844339237401516,True
6.769525084508307,10067.86147324477,3288.9145363054654,0.24623565851174395,1.6668984669956721,True
6.490723212396759,10092.966282505287,3306.1138105876616,0.2467418500089361,1.6015330533227208,True
7.809062218598793,9919.551880161353,3328.720222712053,0.2512569334977721,1.9620810265384419,True
7.875190793133978,9935.896569601138,3329.85440843683,0.2510113761331379,1.9767624782955775,True
6.674794517015484,9977.49913213958,3271.8947573589444,0.24694674976432315,1.6483188113216989,True
6.302046700389181,10017.418153674453,3278.3015111009777,0.24656818839120354,1.5538842380717222,True
6.240126774259614,9929.40541472835,3319.9402903712453,0.2505739048754249,1.5636129327439205,True
6.313574910558671,9984.301764363985,3278.4229926288317,0.24719075851289699,1.5606573710689937,True
7.751446984956052,10056.658236961797,3300.0012639251713,0.24706785882398438,1.9151334093607213,True
7.360020525797962,10062.775783089934,3279.6988031036003,0.24580888514469065,1.809158440088437,True
6.4331957811916345,10055.404458890029,3289.0375572768903,0.24647246796023317,1.5856056410616624,True
7.129396869797501,9901.306709616787,3319.3431968046207,0.2510726189937441,1.78999634394586,True
6.889067758156284,10020.813693672635,3325.850838880536,0.24918966313782906,1.7166844739886438,True
7.621422140208191,9958.035037044825,3300.588095919145,0.2489389782648794,1.8972690405087576,True
6.552402368781415,10018.183939645558,3325.8456024252573,0.24923847717359973,1.6331107882237674,True
8.048602141317234,10081.398748261263,3299.469094958924,0.24658109874619963,1.9846331593770188,True
8.074026433390898,9972.667303464093,3280.4617103307296,0.24752356269347306,1.9985117880741907,True
7.290364027630098,10058.38563620451,3300.999370089156,0.24709216543531312,1.8013918343988318,True
6.1861579783001845,10038.587768746153,3282.064874502485,0.2463891944638274,1.5242024810993615,True
7.254440135087846,10017.910249964885,3320.0508378561535,0.24891741818678037,1.8057565088166248,True
7.75333365980185,10009.76353653988,3316.9518033081913,0.24889492412209097,1.9297653929496352,True
6.298035017712892,10001.817339701136,3329.9577512454025,0.24977602221228137,1.5730981344779813,True
7.721273658947884,9919.984284698272,3293.114409164789,0.2492310460599454,1.9243811109346831,True
6.988063122480931,9947.455581358516,3285.3844310454906,0.2482750813858465,1.7349619404633856,True
7.978451855159781,9968.950536894645,3325.5133945149673,0.2501427219384214,1.9957516639043156,True
6.303195966041481,10025.319572153447,3328.1189245914575,0.24923310392321313,1.5709650952527943,True
8.304870874390689,9981.805328857754,3330.6390204420804,0.2501898924833631,2.07779475115202,True
6.844036064177288,10060.165179138716,3306.264527941963,0.2473558459811086,1.69291233057979,True
8.12731991448522,10078.745334160372,3270.9456669726424,0.2450203279383044,1.9913585907066806,True
6.996028485573321,9931.093949558624,3299.137880583774,0.249363572984969,1.744554659867185,True
8.36139893694691,9902.097688013551,3278.837132717251,0.24875603872650506,2.079948477766924,True
6.15000255266122,10068.50663485952,3330.3967003896205,0.24855740929395212,1.528628701640665,True
7.422386479535928,10091.03826554091,3312.188326999582,0.2471187295186792,1.8342107168195405,True
8.21782971330813,10087.151511863343,3324.6687612378782,0.24789094198539494,2.0371255487075204,True
7.188735268272132,9923.872526810354,3295.095411538752,0.2492702476400946,1.7919378205412761,True
7.960213986910588,10087.359151949415,3272.1336666058833,0.24492948280649873,1.9496910948430677,True
7.629228923745355,9918.396653139474,3289.9627518562825,0.2490818617951848,1.900302544388167,True
6.346129347832634,9919.305915716634,3332.8268177809505,0.25149361878609333,1.5960110349710597,True
8.250477776049578,10043.44134032854,3303.1356518796365,0.2474893490524222,2.041905374165986,True
6.491182305449273,10029.746839212361,3309.1675770738875,0.24808372509186613,1.6103566865862633,True
7.184387236698213,10062.07314726213,3295.7013860435654,0.24672533421089018,1.7725703420748204,True
6.347484181514044,9987.820428164887,3283.494261359985,0.24741288547333345,1.57044937684473,True
6.957783599749643,10086.361108542578,3315.645750620128,0.2473991981546616,1.7213500835117166,True
7.415778308608588,9989.305608294988,3331.90444336342,0.2501202541242579,1.8548363550783395,True
8.293916208657086,10038.127248695922,3281.8521307777805,0.24638567653003773,2.0435021561534215,True
6.815840870800013,10030.06690031322,3323.5635567220797,0.24888838787440573,1.696383646341901,True
6.383618342884287,9998.876618644315,3298.0512197253197,0.24803106851557533,1.583335678581216,True
7.221164003445153,10090.658119595515,3323.271473727117,0.2477477946046042,1.7890274563316912,True
7.625358856445835,10050.728997390013,3277.5547639964216,0.24590973771821042,1.8751499963958285,True
6.715149665536667,10030.602418159495,3282.987581166972,0.2465892055661214,1.6558834212822926,True
8.033985209259953,9920.003299230573,3307.9870686043264,0.2500748017361736,2.0090972583570337,True
7.124349007146948,10072.639239346025,3290.8611969961253,0.24625742429330874,1.754423836266599,True
7.653231301719618,9977.36019245894,3297.284621532811,0.24838966825367745,1.900983584102796,True
7.631820975795909,10066.845541053961,3282.3084758749674,0.24588138482127472,1.8765227102367503,True
7.9196618620352615,9930.983008646577,3305.035333516982,0.2497001173675271,1.977540496461333,True
7.942423225775858,10030.703547875788,3305.9242024478226,0.24788306791929504,1.9687922359187835,True
6.090239724477416,9983.422115522553,3307.2281534526173,0.24883870138188766,1.5154873441433456,True
6.983555805201012,10040.854677160549,3281.5511372112132,0.24631820880814081,1.7201769570488068,True
7.7808559172113325,10003.063206764784,3295.362028804394,0.24780092157004566,1.928103266888711,True
7.36427896754439,9917.58434122277,3268.9955084941516,0.24790321264117077,1.8256284148400583,True
8.18496471256206,9927.478298258513,3275.659716147567,0.24809705939402138,2.0306656764304787,True
8.230462805009017,10062.48315472635,3271.658981840011,0.2453595400688062,2.019422568390429,True
6.854252320232251,9907.49931807699,3271.200715567418,0.24821877022894853,1.7013540817669666,True
6.443720019024584,10050.920869447187,3287.28070118188,0.2464560670923226,1.588093893332865,True
7.800016099987223,10072.060322647834,3283.3210689869093,0.245842553851996,1.9175758781075447,True
7.366442327422129,10003.803745148494,3276.858456275519,0.24673908624256397,1.8175892487266823,True
7.6606516348260385,10010.335127940623,3330.102119577125,0.24962466055576674,1.9122875639794295,True
8.12744622472243,9954.87420118988,3318.5882396386914,0.25001677252130267,2.031997873945548,True
7.783140557763597,10008.499204123424,3304.7860214520306,0.2482321955442958,1.9320260688835125,True
6.115873009950488,10037.906795390829,3321.822819021254,0.2486444647381014,1.5206779709653402,True
7.571294111031124,9976.1132523141,3308.0944856884985,0.24902459754712483,1.885438468910442,True
6.329514160405601,9946.990137388522,3328.2394478714205,0.2507105000705154,1.5868756603586966,True
7.666158594341729,10007.380148861881,3311.895291604856,0.24865431354791473,1.9062234028254894,True
7.187013923705589,9973.972421838662,3268.1321819329596,0.24679854749086702,1.7737445971671764,True
8.310440618640456,10069.974170055833,3270.107550227481,0.24513399683716713,2.037171524325275,True
7.644613185144596,9925.586772736082,3318.2350575664864,0.2505496600667179,1.9153552348795282,True
7.416729209692836,9997.543468071968,3304.3523937246296,0.24841213824375352,1.8424055617547015,True
8.365925459612804,10065.783485552054,3287.567502876772,0.24619793980743646,2.059673612739253,True
8.352729395434084,9998.705790793563,3301.72706135305,0.24824207588252817,2.0734988844075715,True
6.718888795170905,9926.055220279679,3327.229225024762,0.2510494088281323,1.6867730600096178,True
8.218175934406608,10028.892300277359,3292.1248269000957,0.247137646883099,2.031020662100562,True
7.125479642373733,9974.865405896331,3304.5441888178807,0.2488472221034009,1.773155815159038,True
6.6274914443901665,9978.429092485543,3300.934068916637,0.24857623282049682,1.6474368562965807,True
6.3294928868127895,10077.468001088266,3286.6819918001274,0.24593273747668984,1.5566295124931055,True
6.411436436440136,9991.489049315525,3300.6203163102246,0.24831426115450425,1.5920511016537,True
6.238929042611402,10020.80088597988,3297.7459772129887,0.2476055391843564,1.5447933895287367,True
6.307047734460381,9935.505689900561,3314.9666908241984,0.2501772461822889,1.5778798337475424,True
8.142804596627784,9914.615485204946,3267.121836462885,0.24785214245564327,2.0182115648718564,True
6.388761748539219,10094.541900997776,3323.3262445978407,0.2476791550294608,1.5823631115627343,True
7.1756923903199255,9924.489997076942,3319.9100141686854,0.2506651876528796,1.7986962795588843,True
7.677677750085939,10044.72561549298,3302.6228684108137,0.24743662551356957,1.8997386742618798,True
7.360546648321331,9918.996071680333,3280.4014777657844,0.24852660626949893,1.8292916787956355,True
6.9125072130036544,9984.312927946447,3311.0385876005807,0.24903731080210936,1.721472207226614,True
8.198824163403863,9976.174094098256,3320.937160451041,0.24974876850149386,2.0476462379704055,True
7.887587712165244,9988.363163779837,3303.146676560986,0.24851553482176006,1.9601880787422885,True
8.349287744945153,9934.81482121535,3267.0837442857605,0.24747075036792257,2.0662045032792773,True
7.890248828378617,10011.970670007702,3298.6476138307057,0.24782076560905392,1.9553675054947295,True
8.215915011311367,9908.960205358615,3303.6298821379296,0.25003650762345603,2.0542786963594213,True
7.146101210681378,9971.52831432547,3289.9829581351432,0.24808507043742853,1.772841022204883,True
6.513379235671717,9968.283954121454,3313.8335075280497,0.2494958742155639,1.6250612465014165,True
6.760467421888164,9999.30806282428,3327.8019295407503,0.24970169312380666,1.6881001615538107,True
6.337699282796969,9972.366104812148,3293.637519264201,0.24827654300399918,1.5735020685317564,True
8.298636099334662,9949.528485051831,3285.779216347965,0.24825861932930005,2.060207940337111,True
7.193127443414417,10053.108829283594,3303.1882988723974,0.24731317873342676,1.7789552130654667,True
7.3323407831698,9942.376356000272,3311.137245231055,0.2498309010618461,1.8318453047518335,True
7.152826835740886,10086.85200755196,3305.468690965003,0.24681821510823318,1.765447952575837,True
6.189701862240906,10016.214292715775,3308.876214393798,0.2483192299991024,1.5370220003556718,True
6.535272558982444,10070.033223086913,3316.472927041359,0.24774746224649363,1.619097191577049,True
7.108559600414898,9982.19084578321,3270.241210527342,0.2467653632655386,1.7541462920911142,True
7.11124093502164,9918.800117927825,3321.8010492255094,0.2508799266204074,1.7840676039582666,True
7.600282525474174,9990.077313531561,3316.3375774611786,0.24922848149775073,1.8942068727778185,True
8.087913871196106,10003.11527288399,3286.0094283167996,0.24727056914590317,1.999903066133706,True
6.7582750182073,10015.949077149373,3320.334135967341,0.2489699778347293,1.6826075814840762,True
6.152482759328296,9971.77164793284,3291.6477333184484,0.24817489658597452,1.5268917725432911,True
7.915359439893951,9988.047919811854,3300.080190482116,0.24834801132942336,1.965763775855241,True
8.356591352383148,10062.064459354888,3275.310170767891,0.24557383005276953,2.052160144590583,True
6.856339182864831,9961.211871387119,3317.5114368405407,0.24983662659684835,1.7129646522507411,True
7.461587421096832,9997.59969036218,3274.5736577557673,0.24672475048859396,1.8409582947189471,True
7.058018639698602,9962.865821915613,3320.0190532739625,0.24994713757364992,1.764131555934132,True
8.244737528499536,9980.33890163066,3280.0777025188668,0.24735857103406886,2.0394064936006058,True
7.25086059361196,10014.950299980941,3269.198031347059,0.2460976759524215,1.7844199407428987,True
7.567787257462081,9983.41762217791,3295.1973789063327,0.24815821368698987,1.878008567374954,True
7.97383689888796,10063.643876619668,3268.175635717253,0.24514100514884468,1.954714392286341,True
6.158110104132599,10077.776019563289,3331.5299038708877,0.24844909370355164,1.5299768742984283,True
6.653938511064704,9967.298246055698,3269.850337466406,0.2470207474694957,1.6436608646192663,True
8.068004025916489,10037.968501703912,3316.410754814765,0.24833881763511578,2.0035985804714547,True
8.345330693136974,9907.388095725944,3293.090073993534,0.24946748380278677,2.0818886495190476,True
6.379956239438354,9974.025851610802,3267.364821702362,0.2467539023893799,1.574279099154887,True
6.7882880136905275,9939.25502013274,3316.369154798123,0.25018581630203923,1.698333377998513,True
6.973897416206462,10098.237807652757,3279.943290630466,0.245171093628817,1.7097980563865196,True
7.795797195734394,9976.31776822765,3306.275604937525,0.24891792679712638,1.940513675693057,True
7.93500488269932,10077.31630162405,3301.652346138188,0.2467792871829789,1.9581948487459953,True
7.984113603000737,10047.837008964629,3296.2366619622826,0.2470187697737222,1.9722259199468828,True
7.022408418607927,9932.155116421201,3269.171393886428,0.24763961343838065,1.739026506190497,True
7.537831009115737,9934.766802640424,3277.7604079404314,0.2480797470233806,1.8699832098464257,True
6.029738041235974,9979.837182779882,3312.235517136299,0.24918879033494798,1.502543128532211,True
6.560548865982721,10046.111341437398,3294.1144007514,0.2469309338847004,1.6200024582733255,True
6.084383628937223,10028.877264472436,3268.4157758303327,0.24579557402578786,1.495514566667731,True
6.583165830299184,9984.27030664527,3318.1929968397803,0.2494419959024027,1.6421180240663267,True
8.09106403534261,10037.859060684868,3276.184285074561,0.2460698226672093,1.990966692365791,True
7.057692883026619,9947.134019641275,3314.7947382743964,0.2499481635577245,1.7640573750669257,True
6.159480901438707,9921.621476403718,3304.405396507657,0.24984112222511126,1.5388916207395864,True
7.854807390622512,9972.5189081237,3304.1406876922547,0.24886837414537094,1.9548131445292682,True
7.674374990613605,10067.780966180917,3323.584878038063,0.2481886401059565,1.9046926925835532,True
7.739045454697167,9982.409850630667,3287.1914205083635,0.24772345101716828,1.9171430476163125,True
6.551629701307601,10082.06856097668,3319.175493249654,0.24767666940614289,1.6226858236022292,True
6.304542200311753,9965.345828776744,3320.460253769547,0.24992538903090508,1.575665162074673,True
6.440500086878222,10057.111673042764,3267.9062488650834,0.24524591771784962,1.5795063543683399,True
7.319827005696604,9985.012224317625,3322.5364691514264,0.24967306494110583,1.8275636433509486,True
6.00277758339151,10023.45759231065,3267.99703876326,0.24587203804789393,1.475915158376682,True
7.622316229332962,10071.523823520281,3318.078916699883,0.24781010916275503,1.8888870168640406,True
7.484894647883051,10096.478906430535,3332.928234916749,0.24818133815119242,1.8576111696323139,True
6.654636707076733,9981.971896117677,3276.947074057666,0.2471503960035386,1.6446960974136988,True
7.512990426165458,9968.924043876767,3304.561752172329,0.2489596028464463,1.8704311126873057,True
8.151536811965425,9989.068555604366,3286.1916311750415,0.24754254040517418,2.017852130640216,True
7.981420349532528,9904.059033759257,3311.4864741566435,0.2505750876627163,1.999945103757101,True
7.572503561160257,9951.33291740331,3267.6900713540967,0.24719603514822702,1.8718928564646453,True
7.74051356368527,10030.607459688636,3268.7860332467685,0.24578459423605575,1.90249898542907,True
8.392844720774784,10024.782602394549,3308.5296942549076,0.24814011857251045,2.0826014841737233,True
7.6543616030322745,9918.35203918314,3328.9829715292367,0.25129454104069043,1.923499285993479,True
8.096585744854949,9929.459152718904,3275.143264768756,0.24803043372447808,2.0081996739837993,True
7.933566043414068,9935.901760389532,3272.210588759285,0.24774248600104914,1.9654813744489086,True
6.4218166331868725,10066.8466878341,3286.6485403468164,0.24612646233704769,1.580579009703495,True
8.206708612884034,10026.990307058291,3329.313399129574,0.2492690696743539,2.0456786210221103,True
6.936997968712603,9958.681219716902,3317.8628259397515,0.24990410264372764,1.7335842524124845,True
7.734213087102664,9956.351758345076,3267.787490426183,0.24710776474391818,1.9111841080070984,True
6.3790582365356245,10071.570885860947,3278.760916744845,0.24559396464624783,1.5666582030200862,True
6.062276379944764,10073.238127688075,3291.901847009866,0.24630507822902653,1.4931694580082748,True
7.894800516777304,10017.25610093232,3309.2009693512805,0.24831813526270244,1.9604221425971595,True
6.260737937166656,9987.893368060031,3327.468197414672,0.249896946549498,1.5645392936445504,True
6.374672846141078,9966.645798336214,3300.439312657598,0.24876898618240403,1.585820901179016,True
7.369971272358937,10001.47971066971,3321.6818144552776,0.24931633593056782,1.837454233538075,True
6.142795705828017,10035.897271067159,3281.102961815848,0.24638453889292453,1.5134898874938727,True
7.7139395345082695,9924.728439447514,3329.1748238253085,0.25118448186132497,1.93762190508505,True
6.506780998630266,9973.328779670112,3277.6848287876983,0.24735351767321628,1.6094751687404394,True
7.019326694283639,10005.961470667058,3277.239701949192,0.24672062549992302,1.7318126726019663,True
8.009153664679289,9942.492085488684,3320.8085264781653,0.25037572649766804,2.005297667425537,True
7.961223488799069,9918.94830170513,3328.2998226150394,0.2512446201188553,2.00021457112463,True
8.356158878878059,10014.06317975786,3278.652017885432,0.24665028695316624,2.0610489853015213,True
6.169410414528926,10011.767846533794,3285.00184795914,0.24705262431669212,1.5241690333961024,True
6.839590852660939,10072.981875210306,3301.288883840728,0.24683879542416037,1.6882763672649321,True
6.060384380703219,10012.409172626536,3326.574481679598,0.2493874022107901,1.5113835171024237,True
7.072701371914754,9971.01329568864,3276.5434945720945,0.2473319077960795,1.749304723587625,True
7.001356966327849,10062.134713079813,3331.494170771573,0.2487372316839639,1.7414981498356248,True
6.541332310034216,9967.482760479536,3279.5750268225684,0.24757007023598762,1.619438099432106,True
7.982637883217698,10031.749667603695,3301.6266376408926,0.24762119976635036,1.9766703699426857,True
6.634502969540942,10075.59065497057,3272.943485305895,0.2451912285582324,1.6267219339749845,True
6.799638212458528,10089.8372189133,3276.060013045902,0.24510588074944295,1.6666313128422154,True
7.663069274489382,9977.96062012078,3303.9720923952814,0.24875687627010976,1.9062411753634347,True
6.996116529061679,9925.361803751166,3302.2082651227824,0.24964587206332572,1.7465516119542503,True
8.28204760929944,9956.890509956489,3297.407220472257,0.2487802286878004,2.060409698244765,True
7.304924560951298,10032.196487465015,3303.4563520957736,0.24771613297370249,1.8095476639034769,True
6.92268614155188,9988.67232447026,3279.761957465019,0.2471853036895508,1.711186276246946,True
6.87171299899123,10005.541218607712,3273.675223994395,0.24652623429586237,1.694057528803235,True
7.395595053687667,9952.30043047483,3267.5401341234665,0.24716940557314165,1.8279648332796472,True
7.770790689228549,10015.513161359191,3290.1129980358787,0.24727231613318237,1.9215014119117118,True
6.430950738909223,9945.456454268915,3319.646562158843,0.2502541109592386,1.6093718597883861,True
6.703724890666982,9938.599890565329,3311.0631632555082,0.2498979143700329,1.6752468686881556,True
8.10340901152961,10093.511871545812,3273.4861556271726,0.24489314272155163,1.9844692995916284,True
7.188997817598333,9974.425892844105,3311.977344407539,0.24927569073935749,1.7920423967055579,True
7.578790676272914,9959.661000832428,3308.40301436641,0.2493508480646888,1.8897778824334073,True
8.32823925654261,10061.698029225206,3330.3285664984805,0.24867995465017323,2.0710661606328085,True
6.951632188008979,10002.574111436394,3304.408707025383,0.24832140779808695,1.7262390914208852,True
6.096311094651953,10020.659669200182,3267.1774478743823,0.2458772950848513,1.498944481948791,True
7.1827093244690925,10001.025569951878,3285.5456573252573,0.24728318549033027,1.7761632422058153,True
7.527963371133175,9988.630839896721,3311.1498756807164,0.24896274205502614,1.8741824029671135,True
6.020509557144602,10015.784051201163,3283.5978956055183,0.24689853323551955,1.4864549789894297,True
7.979373690505548,9900.53627270685,3329.79459008919,0.2516788600844927,2.008239674614628,True
6.360967183248566,9982.991202685715,3321.539797431067,0.24965478282563378,1.5880458806949043,True
8.315386479225701,9990.205422248895,3285.274732496195,0.24746937166878524,2.0578034671970964,True
6.955215266474838,10076.145875786815,3308.450744013733,0.24718344810775733,1.7192140918989647,True
7.862317635709157,9983.637153678153,3305.8797182471108,0.24875845752007272,1.955818007591875,True
7.369370105954879,9931.742283711057,3329.0659357537243,0.25104547782141806,1.8500470394923167,True
6.945294793284312,10083.768137869778,3267.8730045899692,0.24475440657236955,1.6998915056004698,True
7.8791650988085,9923.262515120134,3288.3073638518385,0.24889603536712404,1.9610929550964498,True
6.909943375651625,10008.196171399066,3270.0222023680835,0.2462696508161395,1.7017093422810219,True
6.856821881458236,10009.683002017753,3297.3605202108383,0.24779061665371438,1.6990561222912184,True
7.692560604371151,9957.795636798472,3312.3306339793394,0.2496080720251648,1.9201252213938194,True
7.964088027986274,9916.11567571926,3297.7146015950843,0.24956538205705872,1.987560671440442,True
8.168095117837815,9987.476838631319,3282.6585377547167,0.24737189521036446,2.0205571695580655,True
6.77310480220817,10018.631952602711,3322.2505413925533,0.24902779429231156,1.6866913494045637,True
6.93649805021842,10045.312592235494,3271.594857951178,0.2456722681440065,1.704105208973638,True
7.272362911789034,10013.955810152716,3308.5472931927275,0.24834276768619484,1.8060387331321235,True
8.25168858678659,10075.37610638596,3288.3096551203466,0.2460630782409014,2.030435894350022,True
7.739189238650561,10064.830257635187,3316.4729978858195,0.24784379626980446,1.9181100409575729,True
6.211012380612742,10056.759607506281,3282.8808134869655,0.24609964810749585,1.528527961260096,True
6.828247468581862,9936.601275022393,3313.0155301456475,0.2500461393610568,1.7073769181208036,True
7.257152487451245,10032.10841592527,3306.2300463543243,0.24787420529957613,1.7988609055648195,True
6.21481877059068,9992.631689002825,3307.048785703232,0.2486562584712264,1.5453535825718259,True
7.3168334040401275,9927.160714902751,3282.079338546908,0.24846844521458875,1.8180022197960173,True
6.88436386210057,10033.793340210934,3287.354734000854,0.24677713329865278,1.6989035784740205,True
6.19395328857795,9975.470057756685,3272.7463091990485,0.24703297550016406,1.5301107109864374,True
7.402507480065653,9944.473171838097,3277.075188581232,0.24785865461806605,1.834775544809243,True
6.658476839268864,10096.197845119923,3303.866444958426,0.24655601446663722,1.6416875119085428,True
6.406015721777453,9990.647643752485,3318.3926738707873,0.24933373065800327,1.5972357985645937,True
6.8484090884488005,10060.012475156493,3317.1066866204906,0.2479686879144055,1.6981910159637388,True
7.577915631470562,10028.24962835373,3271.972428653832,0.24600885719271956,1.8642343644009187,True
7.44531001760303,9992.007013152506,3292.3180206986367,0.24783479870517663,1.845206909510282,True
6.715954171246846,10029.189894571931,3273.2323903331503,0.24606288390404274,1.6525470515443843,True
6.540616430208722,9964.358450409733,3313.140957848715,0.24953049184758244,1.6320832348163612,True
7.140907956023028,10034.680299656655,3302.015532317166,0.2475887261671522,1.768008304508624,True
8.020447500456507,10093.277350413306,3309.5067273830255,0.2469268107411882,1.9804635220048599,True
7.775640168593249,9993.135903219068,3328.831437226311,0.2498753639126563,1.9429409167811063,True
8.207085869682093,10036.830995935568,3330.621567212026,0.2491590339653896,2.0448695869609894,True
6.277329916975285,9943.753637000453,3267.2433637814383,0.24731239917684236,1.5524615221917264,True
7.754424441786867,9907.099812471644,3279.905997476704,0.2487225716547668,1.928700388863809,True
6.405610896258117,10032.66385892793,3276.1934997397602,0.246166399672626,1.5768461720356035,True
6.849480796559453,9900.686796543929,3332.4536269843115,0.25182636323115565,1.7248798390192062,True
7.959837031239644,9901.174652231197,3275.601904275425,0.2485890149406799,1.978728046684209,True
7.385066404187365,10082.462737463115,3267.563371589753,0.24476082255554285,1.8075749277162045,True
6.906581441941059,9916.594945308625,3279.793773029262,0.24853722052546198,1.7165425549127682,True
6.029238555293326,9951.982590066129,3272.062726012988,0.24743281256261934,1.4918314533472115,True
8.170825514013337,9939.87500240766,3290.849813315914,0.24872785574113246,2.032311909735474,True
8.011551083035961,9909.894942391351,3299.1116874117324,0.2497622856792309,2.0009833103349792,True
7.682551899867532,9941.97228268806,3299.4944156187544,0.24917892336206687,1.914330011082193,True
8.220870482824099,9930.526559424503,3314.2691293776375,0.25023180479708707,2.057123257920175,True
6.275333207848518,10094.808080852052,3311.1413429569448,0.24699043971300907,1.549947308352153,True
6.595855296397932,9925.426573065952,3281.993123903758,0.24849616346005673,1.6390447358925815,True
7.776847464037246,9926.680286484177,3297.3321907521104,0.24934430426681103,1.9391126203094808,True
8.225680054158259,9967.959560531539,3293.7575282353796,0.2483658417826824,2.0429779508860366,True
7.576732637552451,9943.85214715022,3301.215569922882,0.2492411243520909,1.888433361498756,True
8.045002266618008,10055.519885298709,3332.827569698895,0.24893494741614408,2.0026822162033135,True
7.158866675666454,10066.736272962771,3314.7145963038215,0.24770965635100026,1.773320404091965,True
6.972412674574912,10042.518070482396,3294.3903021555634,0.24701304156174186,1.7222768617703885,True
8.160029177376604,9954.84104899929,3318.846726717918,0.2500320018668356,2.04026843051126,True
7.2757292484785925,9911.441511002415,3294.938327817833,0.24949595332191932,1.815265004961338,True
6.501608718873174,9936.21228082047,3274.3257136902926,0.24785710582346,1.6114699202564786,True
6.360753313274108,9907.926683438622,3309.7795955517217,0.25040498901179586,1.5927643635171471,True
7.516137799507044,9956.23187567543,3291.973822270747,0.2484845040397501,1.8676437734049265,True
8.312841160970306,9965.388770966501,3296.0284548418867,0.2485427008832359,2.0660959941608943,True
8.221149425407983,9905.834578862177,3287.1531834234684,0.249159117150123,2.048374332793894,True
6.517503435284631,10015.509641353841,3302.155973499359,0.24795306242082416,1.616034936117066,True
6.694808195664245,10032.928435091539,3310.879433502021,0.24812103607206604,1.6611227458119715,True
8.336914846996939,9950.616651570777,3293.7866845735184,0.2486927195568482,2.073330026013534,True
6.687265778705998,10035.722929664462,3293.626556558671,0.24709582113987463,1.6523954287699418,True
7.577153098625063,10070.472928221767,3276.9845298149603,0.24551376470893588,1.860295383019418,True
6.775215176977966,10079.781330615406,3320.4602249594627,0.24779107236153217,1.6788378341834982,True
7.225390158759222,10077.459311954362,3312.212559349193,0.24737070416548837,1.7873498514426585,True
6.494211860237774,9957.06095401146,3321.8022722786445,0.2501571268316092,1.6245733799928415,True
7.336225610652214,10009.229994332292,3271.8362862616714,0.24635343406443314,1.807304372255616,True
8.234179187910321,10003.19766952076,3310.3418990229106,0.2486447636242703,2.047385537817848,True
7.859427187985881,9950.392495627699,3284.771185892863,0.24818515773093044,1.950593176325039,True
6.1509497775894895,9979.889804884546,3267.198246768357,0.24663520269729716,1.5170407451766785,True
7.699839271358826,9947.994841631964,3286.85719084358,0.24834861642414466,1.9122444297302585,True
6.487434021403695,9952.054597634395,3303.7875731006466,0.249232567086113,1.6168798349562283,True
6.916484727222842,9974.1865031253,3315.3268562300973,0.24946939489670716,1.725451259712599,True
7.529559680339836,10016.160557174322,3284.8386201119256,0.24696179409749566,1.8595135674208918,True
7.320601338696922,10035.104457235764,3301.8179483434124,0.24756970520891516,1.8123591153731866,True
6.310638113793121,10007.385413150187,3308.76616224009,0.24847765839156236,1.5680525814718604,True
6.968484604696182,10063.315993949449,3277.3392179687194,0.24566553635542848,1.7119165079972336,True
6.536027601654547,9936.51031562624,3313.096100335385,0.25005241637548886,1.6343494952906108,True
6.297166167654161,9948.427075254327,3275.5634565338664,0.24769856335422932,1.5597990129307935,True
7.81346246870479,10085.141038224981,3306.891618003576,0.24692977555319504,1.929376533690587,True
6.316082245227311,10051.452030266384,3305.0112060126576,0.24744658429003366,1.5628929776764249,True
6.175805972968994,9913.932502765856,3329.256165316876,0.25139384847251184,1.5525596309642007,True
6.832981170726512,9966.026652934434,3330.2240385206514,0.2504633912070295,1.7114116360739406,True
7.83467927657324,9934.452663378308,3284.9933179874324,0.24849704916665877,1.946894681395623,True
7.840095829473155,9916.093741462191,3269.68275242305,0.2479704364729168,1.944111984823953,True
6.051094068855034,10017.895338710676,3325.2767468701018,0.24921186098345707,1.5080044138853224,True
6.931845937532922,9979.686095685001,3326.6296420148037,0.25000381079111994,1.7329879002001742,True
7.940482004381624,10037.469499243858,3277.063454326667,0.2461268048796158,1.9543654649425366,True
6.155745772374162,10059.13312629484,3327.041708717574,0.2485431237619487,1.529968283350284,True
8.22323093904431,10012.31454575146,3312.0460921671083,0.24857073312333364,2.0440545431607235,True
8.138261852868023,10012.879572971327,3323.5892889173465,0.2492105911494378,2.0281410472821593,True
6.394784893835224,9903.769008574087,3275.712500873245,0.24854638617802566,1.5894006757485744,True
6.2792209157555465,10036.224871814265,3282.318396039171,0.2464472525281052,1.5474967427049673,True
6.735161262803793,10096.380191773394,3290.2403885544427,0.24578573575093177,1.6554065663794049,True
8.371842519435257,9985.475552316593,3283.4350442003897,0.24745324948246117,2.0716396355896887,True
6.454525002889025,10046.673458061552,3316.1174861565014,0.24816054520342193,1.601758443746059,True
7.039761324867931,9952.702112960058,3320.450219809784,0.25016289548730525,1.7610870765685098,True
6.96246441101184,9979.453030153561,3328.2574636623676,0.2500999300525063,1.7413118621871257,True
7.526896907718639,10016.286771340448,3284.0032139479717,0.24691215135763503,1.8584823085319395,True
7.162652461720174,9955.169985063867,3296.220214168237,0.24874523839462875,1.781675694128459,True
6.539222001639903,9947.307832679673,3332.603375410664,0.25095072724434997,1.6410225169237875,True
6.359801126736718,9994.225826810762,3309.456947353047,0.24876246702004362,1.582079818043879,True
7.925162378575493,9995.26506378023,3316.856958044503,0.24916064866342408,1.9746385990088346,True
7.9218607433144195,10062.964709281128,3311.0882708666363,0.2475755312007186,1.961258881624187,True
7.615588865819989,9926.745507202817,3297.5500999036444,0.24935544378874966,1.898988541349204,True
7.318557472574222,10048.151688351945,3304.1140262915224,0.2474571804445062,1.8110295970842885,True
8.06541354767701,10014.851338162005,3316.520260410956,0.24877562191469993,2.0064782713225946,True
8.220459507990483,10082.859952327328,3278.6295136698745,0.2453790441562259,2.017128496595664,True
7.7505502966951845,10031.896060891286,3307.200375554701,0.24793286346731427,1.9216161285070794,True
7.211889811959664,9900.099129815513,3302.2387458232924,0.25012530181617637,1.8038761158814185,True
7.983075687720309,10092.189051429901,3271.350103797327,0.2447966864015749,1.9542304756469053,True
6.804162684477816,10083.599293429601,3289.963769221781,0.24600502901203114,1.6738582385975447,True
7.953436796191514,9950.106432021183,3281.2024879364258,0.24798774692556558,1.9723548714024222,True
8.381369631997885,10096.917472384148,3329.650116845399,0.2479896738103311,2.0784931211229702,True
7.3353692463319495,9929.37351776272,3290.0295836191976,0.24887883048783552,1.825618119223531,True
6.186348700820075,10071.709392598787,3274.0139154191297,0.24532307765231054,1.5176541027155537,True
7.901165553507464,9963.220044175168,3310.8789854742918,0.24942400821923993,1.970740381959621,True
6.656436054032159,9910.460367678315,3279.5357699641595,0.24863811450291526,1.6550437097837816,True
7.3335904947191635,10080.69467908728,3278.2954037354466,0.24539994291565112,1.7996626887708445,True
7.474789457102063,10001.092865934796,3278.8489176263965,0.24690235628029458,1.8455431296576033,True
7.554091188164171,9999.288104415373,3272.957750829707,0.246601651787234,1.8628513647526737,True
7.133743714641556,9951.044823621565,3314.283505823037,0.24984556910411584,1.7823342582275288,True
7.742324232053281,10040.365783338046,3318.022890288074,0.24838496403678906,1.9230769259397145,True
6.533166616766867,10042.406582916734,3289.5553660914643,0.24674203081836604,1.6120067986958106,True
8.011994884394824,9924.850992828533,3297.50083143789,0.24938837472060957,1.9980983824890632,True
7.59156560635623,10088.321598178762,3322.726921798597,0.24776041312869745,1.8808894309244302,True
6.698366158642575,9977.349387294615,3314.5095080192723,0.2493638801106909,1.670330575721256,True
6.837499173677331,9988.475277478934,3278.9831997166184,0.2471447870255346,1.689852277065753,True
6.21794413201191,10062.29576118911,3298.748419583169,0.2468930103779133,1.5351669451141017,True
6.984300258077077,10016.418890219844,3279.185933073995,0.24663683801197792,1.7225857313783717,True
7.413319907475291,10082.072681523116,3305.8235300254373,0.2469262890739918,1.830543574471222,True
7.424005890804042,10071.653722155927,3290.813855907094,0.24627291603757212,1.8283315794084247,True
6.832981763442708,10035.359842694968,3279.7799651345294,0.24631960403494751,1.6830973623492254,True
6.938769846544226,10088.851121716998,3311.0166033803325,0.2470932304189057,1.7145230565159073,True
7.339317618290906,10096.105874769057,3324.084673184789,0.24769280743868477,1.817896185558676,True
7.7436498342348665,9993.960509718945,3322.885153868814,0.24952494290405244,1.9322337827564302,True
6.211025839197324,10015.5522200247,3322.549926588139,0.24910215037091227,1.5471798925533535,True
6.6792450516439965,9916.83722869614,3303.294062413806,0.24986847631650602,1.668932783998848,True
8.079866709710693,9936.236932403663,3313.176272960089,0.2500621138163929,2.020468548784959,True
7.21004424568025,9989.401499634803,3279.50585646255,0.24715718999692504,1.7820142755158297,True
7.238285033080642,9956.0050329928,3312.675959864147,0.24966128597465648,1.8071195496100219,True
8.355263161636223,9925.282565401898,3296.5195907565576,0.24932452867032984,2.0831720496915214,True
7.814608811923419,10056.8047897413,3290.514902764332,0.2465300134087534,1.926535615187643,True
7.507493472424263,10059.073462697954,3305.3988815730104,0.24732730155186092,1.856808101952903,True
6.113640963418399,9919.708240682701,3278.611135642573,0.24841125920347415,1.5186972500407052,True
7.907647817401948,10086.087367402832,3286.161633906869,0.2457448731013771,1.9432639094178232,True
6.9463961080053584,9952.55273759437,3287.751347141605,0.24831388509663269,1.724886604998939,True
7.085723036791258,9920.731486672787,3276.9769022558517,0.24829893233622732,1.7593774648654796,True
7.592670871839187,9988.282244479027,3285.736003751938,0.24753137612944218,1.8794242694042853,True
8.150253902975985,10091.763028395793,3331.9180532663872,0.24821194968778373,2.0229904117081383,True
8.289109192969057,9987.556196838468,3279.3625442027515,0.24718343484369448,2.048930482112536,True
6.8367205978725245,9945.664888102796,3307.124052247641,0.24954174303482057,1.7060471746351704,True
7.558801237108792,10067.812839249149,3286.403903092958,0.2460948452837959,1.8601820209772533,True
7.678144848341992,10092.754819323038,3323.5226143818,0.24772315799256886,1.902054289355652,True
8.243318261663834,9941.436853163332,3275.124236583909,0.24780456991377203,2.0427319364939494,True
6.357621174889715,10041.603712662672,3281.5609093034514,0.24630491346576078,1.5659133333292996,True
6.099733235168297,9905.083994601708,3302.0759374313925,0.25002165146970196,1.5250653769814055,True
7.39169157248562,9914.711251329987,3294.4267360574813,0.24940512690556427,1.843525774682566,True
6.137012269982805,9916.051407779658,3273.482668518358,0.24818789273238268,1.5231321429598088,True
6.567702171843001,10025.49956452703,3308.5221230504512,0.24812634931686103,1.6296199632998234,True
6.489160364478694,9957.150352106804,3267.216257002151,0.24706032081352688,1.6032140414585292,True
8.292125952164785,9909.787583397096,3307.4291768871026,0.2502364330458318,2.0749920206364876,True
6.569519036138841,9974.415978995334,3289.0849933165537,0.2479801524637165,1.6291103321949976,True
6.770607968400676,9947.29673507719,3293.012473260812,0.248711145747794,1.6839256652300758,True
8.25068483262224,9961.184354127561,3296.576292397194,0.24865257265459248,2.0515540097937457,True
8.020096310568729,9909.625453490265,3322.374642422669,0.25108635265570134,2.013736730568149,True
6.902846457754105,9919.384945255135,3274.679421055141,0.24819337924534515,1.713240788761752,True
8.338500378440639,10093.130481314574,3287.065687346717,0.24566647946803552,2.0484900320143935,True
6.6481647132176995,9998.323967842585,3300.194431667421,0.24816256461990677,1.6498256052476712,True
7.241870329714532,9938.914905256237,3315.907811745551,0.25016613820811645,1.8116707337886233,True
7.030614750766292,10075.851756014192,3282.2576569202156,0.24571273938975727,1.7275116100048211,True
7.952936223119661,9998.053048357084,3288.8997938322836,0.24752852161777922,1.9685785458292944,True
6.578224550243564,10011.434344200814,3325.058418857809,0.2493203031660651,1.6400849391611776,True
6.316405169267444,10057.452411468395,3304.600574144339,0.24731233873286443,1.562124934795886,True
6.209462874124167,10021.679869369513,3275.0944879423328,0.24630744268750945,1.529436920988556,True
6.514153712086818,9920.15421215913,3271.630187837935,0.2480051286949977,1.6155435297050882,True
6.0181479433373966,10062.881077498376,3295.6904068849803,0.24670979308960989,1.4847360338834303,True
8.062375433978486,9916.860222803181,3287.8498906990944,0.24899069062766882,2.0074564274058546,True
8.117354868809592,9924.518996203258,3301.4171598355847,0.24961689825851666,2.026228944415919,True
8.156367711799746,9927.575090634575,3279.6608748891367,0.2483230316661558,2.025413957578059,True
7.897173807664085,10048.861387396308,3286.5874295087738,0.24645495435762407,1.9462976103220764,True
6.781279267817241,9935.250199243146,3321.866133711347,0.25057230021085836,1.6992007445091715,True
7.353929018606173,10027.063044442644,3287.238677584011,0.2468953119896429,1.8156505993984595,True
6.261800359686048,9918.673131151416,3304.4701435435936,0.24990050208919112,1.564827053867821,True
6.650639807657372,9972.19620199001,3268.4030072110286,0.2468470614939979,1.6416908935752297,True
8.249249935995692,9984.72192008076,3328.105314002904,0.2499923761860477,2.062249593252165,True
6.339925423185373,10042.26041184871,3299.383986740052,0.2472996497410057,1.5678613365378402,True
7.459576137383825,9918.614966846551,3303.9798674792537,0.24987378868345375,1.8639525514207802,True
6.160004612726446,9957.814713901013,3308.132169266145,0.24937022576682819,1.536121741000297,True
7.018473531894611,10021.963210538,3282.662756386241,0.24673093137282126,1.7316745113398517,True
6.345027689565438,10065.530992906368,3327.9418922405407,0.24847490421481058,1.5765801474050931,True
6.516362916878398,10010.927213450712,3331.0417894380043,0.24966643144777123,1.6269170754756193,True
8.20775602611631,9930.745690420103,3319.537070882486,0.25052575335050087,2.0562542617599022,True
8.206471535444079,10030.324225143317,3317.3033423667202,0.24853130832339773,2.0395651074226397,True
6.786431006322902,9915.631082113938,3310.348079833098,0.25029134246312934,1.6985849271059648,True
7.6735306366769915,9997.011287639725,3315.518732348846,0.2490524886982897,1.9111119021669762,True
6.352699157353256,9920.076943229487,3312.1545140211415,0.2503095962855335,1.5901415614005425,True
7.395856651811467,10024.171338349439,3300.258425746189,0.24768477782360002,1.8318411116191176,True
8.3064005351964,10048.299983717654,3268.357107490845,0.2454337515117496,2.0386710449124568,True
8.138981703976501,9907.94317698058,3299.653202034162,0.24982995447051276,2.0333614285407857,True
8.027184717955963,10078.117535131198,3300.595881843344,0.24670502902436336,1.980346838827252,True
7.84227245457431,10083.1465332279,3331.1046757210675,0.24832580095852147,1.9474385886171157,True
8.380996243436154,10023.982514622212,3316.928712379451,0.24862834748994297,2.083753246324951,True
8.288597490594416,10054.20460340061,3327.6651038188757,0.24866966848613153,2.0611227902010953,True
7.9859029848664385,9901.43865536042,3291.2512616746167,0.2494753748001607,1.9922861402672767,True
7.124300401788569,10016.135857098783,3316.2199312599964,0.24873473104847474,1.7720609443474202,True
7.131422363335528,9911.549321879946,3309.9091584216008,0.25034372443501485,1.7853068349565717,True
6.20323320340582,10003.696900295214,3283.6675481875236,0.2471270778278743,1.532986894642524,True
6.011275490288076,9927.605823543974,3299.0169435365483,0.24942247175502774,1.4993471911880683,True
6.96871495643188,9956.164264303088,3305.740008537434,0.24926586261879183,1.7370627449594689,True
8.170951032051846,10093.76885972541,3269.136391334001,0.24464263795291252,1.9989630150652367,True
7.944833306849016,9986.03204243536,3296.211729664862,0.24816678463533853,1.971643736224464,True
6.682722078966779,9983.971873463313,3291.8773871074504,0.2479598346212259,1.6570466615202173,True
8.13082362705931,10035.631605489523,3326.6981578528266,0.24896093845694106,2.0242574806205553,True
8.05963300891683,9951.10337939009,3324.2703632645957,0.25040879659632387,2.018203002770872,True
7.474521792261188,10096.379125971886,3267.834875713341,0.24452129210900597,1.8276797265406288,True
8.351345931890306,10053.53070074208,3275.7164449457364,0.24575404815758653,2.0523770703264343,True
6.287252254615942,10053.29953425937,3320.9543374471436,0.24830950341631286,1.561184485196778,True
6.357556623790896,10057.008532835383,3293.674309094673,0.2467045579684012,1.5684381966314143,True
7.169104858399251,10021.181978854196,3275.978561790939,0.24636677520567854,1.7662292450751862,True
6.827466537471468,9914.878942322091,3327.7997540053407,0.2512935509738097,1.7156983103560661,True
6.553582463718385,10014.602217103147,3302.21347406578,0.24797320550555108,1.625112851073215,True
7.978556602654561,9922.693515869381,3307.653556093703,0.2500050480990838,1.9946794272079162,True
6.498966117043692,10032.64590398284,3284.34023345616,0.2466278930953197,1.6028263207443567,True
8.227712881661148,10018.8246025528,3325.748336673277,0.2492210392808685,2.050519155272181,True
7.056404325339107,9950.157906336859,3272.2692840359014,0.24747871452969228,1.7463098716366827,True
8.379024007703434,10025.09981151666,3311.018403870175,0.24827452414526557,2.0802981983143263,True
6.846124457673947,9973.33917635435,3306.1151146592997,0.24896468199725522,1.7044431985184256,True
6.40509625690116,9923.467072508969,3330.2104210977004,0.25126689725958196,1.6093886631205168,True
7.62291167360324,10080.770084705606,3295.4065337475113,0.24636386224157134,1.8780099614352546,True
7.3010113940775225,10088.367965858271,3319.3805688264765,0.24757180970686546,1.807524603522217,True
6.9463009510754254,9961.416963707496,3286.6041967299448,0.2480826499994376,1.7232567476364054,True
7.585164183331717,10067.224204170005,3324.6693939101942,0.2482598423860539,1.8830916646262732,True
6.4073184391541265,10015.611259561696,3269.027082904608,0.2460757303760902,1.576685564667042,True
7.876508085772516,10053.15428271313,3318.07758934974,0.24815047866175682,1.9545592516676478,True
8.233499180197619,10008.754390069696,3267.7737604340455,0.24613164852966915,2.0265247263897193,True
6.568226551246599,10040.444885076618,3283.139958291316,0.2464156604163151,1.6185138833894064,True
8.095237738900039,9986.956731815248,3304.944945687153,0.24864349931816263,2.0128282392125563,True
6.057729751907984,9961.817725442319,3281.472729263654,0.24778379213887813,1.5010072496802658,True
7.546913297375417,10079.043174061655,3321.0109177755867,0.24783563521572713,1.8703940509730541,True
7.3605333154005725,9962.30167158563,3280.574285795583,0.24772370415257733,1.8233785774294806,True
7.32255856156795,9916.781970627544,3271.0241418848886,0.24803398791110373,1.816243401738294,True
8.092138906204845,9959.92628878092,3281.59784197145,0.2478262932248263,2.005444789385147,True
6.505906117485029,10067.065199918337,3308.57866219586,0.24735845962280992,1.6092909156717126,True
7.76111613093179,10052.193632612898,3277.5678291941445,0.24588345699847375,1.9083300644401278,True
8.061517712519338,10064.996589283712,3323.9443293018558,0.24826043743966295,2.0013559137376418,True
6.614570369695557,9998.244305003453,3300.7365391136177,0.24819469836094468,1.6417012976938312,True
7.397996315705152,9955.726671793718,3317.662313601673,0.24994839805057106,1.8491173278945294,True
6.276049538894298,9955.403296434055,3307.2224149520853,0.24936407668602087,1.5650212985021035,True
7.891342046485409,9998.424426773734,3292.2042851009496,0.24770869433433854,1.9547540348805676,True
7.477711893442381,10008.061546930083,3330.6577774360658,0.24969846777957727,1.867173202289684,True
6.289390482894641,10037.815414287425,3307.4888315228927,0.2478391478082083,1.5587571775136633,True
6.731109698108736,9950.03455691388,3326.9497736254475,0.25058022897360027,1.6866830093985086,True
6.518756839102116,10068.896630542466,3300.3790891561853,0.24686296837257368,1.6092396633997639,True
6.038571429865085,9970.304897947653,3275.9665110892024,0.24731235001377644,1.4934132910459843,True
7.819512624038337,9993.213259553255,3280.0087411876475,0.24711473529219657,1.9323167922032232,True
6.54833178073262,9935.180798972062,3295.316124969747,0.24906971702677072,1.6309911436244833,True
7.793137564069685,10020.692320388938,3302.2477293973834,0.24786178704229375,1.93162100329674,True
8.231861932031874,10000.217944421605,3304.920852097028,0.24839431610903448,2.0447477149110527,True
7.959191330939574,9918.333741153569,3281.189974839862,0.2485839675309005,1.978527359382508,True
8.19501381633837,9985.818496364653,3319.0079960374073,0.24945894619014997,2.044319510637489,True
7.525467555894663,9942.85998275637,3330.875103461542,0.25093728945366567,1.8884204303477088,True
8.04037966114552,9960.953314798151,3271.6311823622354,0.24724052833853452,1.9879077154640257,True
6.428104491657272,10087.007130703198,3283.3793270702013,0.24557101153656483,1.578556122279012,True
8.368094945992922,10041.43278764019,3280.5731897733554,0.2462521932008828,2.06066173336398,True
8.20261902748523,9980.172982575457,3306.345550354703,0.24884965479557672,2.041218913409329,True
7.4001387771394285,10047.973932963954,3289.76359538151,0.2466507972877768,1.8252501294216337,True
8.197514830740278,10001.294376383343,3287.7136741345503,0.24740098445545175,2.028073239213311,True
7.59351497943689,9938.976298062687,3272.2099087917095,0.24768479208127275,1.8807981788478563,True
6.915400393221187,9971.755564459634,3267.132307722163,0.2467829880625564,1.7066031726881021,True
6.595105493741663,9965.572028007564,3290.4943502501924,0.24822554869272326,1.6370736798704177,True
8.328572008300661,9919.323814347395,3267.199751488923,0.247768089532983,2.063554375034534,True
6.004811523361674,10021.666637741171,3301.1140012108535,0.2477796558144427,1.487870132489155,True
7.7159604380218205,10009.259518714965,3278.066102816902,0.24670623691985513,1.9035755638868403,True
6.766036100316739,10071.184927773029,3269.179193968703,0.24505921758467533,1.658079512893288,True
6.613587978126552,10019.690842541338,3295.2646547335535,0.24748596834649425,1.6367702250113827,True
7.340227135558887,10005.77310938793,3320.299504027025,0.24915814286383067,1.828877361294548,True
7.281012683937316,10041.98682400953,3290.7475479980735,0.24681715364457252,1.797078826299438,True
6.177372565244048,9996.865834219596,3309.2456614189605,0.24870118234795013,1.5363198607799844,True
8.168903060783423,10060.278121690408,3268.553247180981,0.24522429286745068,2.0032134765833685,True
6.983197293696444,10021.693837841694,3275.5104373615786,0.24633076017864713,1.7201762978337163,True
6.532855189482142,10045.447169025834,3307.455199917536,0.24769560268860547,1.6181595034361629,True
6.6733811199789415,9931.623176322808,3270.7499356033263,0.2477395471158705,1.6532604163951836,True
7.452478510548941,9922.091581594634,3274.7691751983484,0.24814758869928108,1.8493145722259294,True
7.826721990974753,9930.770504012668,3328.3588960700745,0.2510239394789604,1.9646945873810948,True
6.743807720107967,10082.731595296204,3331.710291593817,0.24836741771939902,1.6749421090393635,True
8.035888557866238,10059.32844729466,3283.308898636904,0.24607645501494876,1.977442969214913,True
6.2935846379736144,10074.99992626663,3330.6485155740606,0.24845113088141962,1.5636482206024744,True
6.368321397604122,9931.283573623869,3331.014000383872,0.2511641728588715,1.5994941763286918,True
7.3016994156888355,9937.422484216566,3295.764347629237,0.24905295976763098,1.8185098508108861,True
6.146977986289641,10002.670418482861,3274.3669861056806,0.24661879652263838,1.5159603132299022,True
6.343559868796804,10059.605672098505,3292.0308428415533,0.2465638454999786,1.5640925154098797,True
7.881079811947144,10067.287208778727,3275.8237000909285,0.24550674295252753,1.9348582355800614,True
7.948138530092744,9986.553010577012,3312.8541189935363,0.2490978798316186,1.9798644564541001,True
8.162850487281094,9949.970326533941,3331.5194774957395,0.2508392903697398,2.047563623623874,True
7.049806051837153,10036.77412660154,3281.094920978598,0.24636786179954026,1.7368456430925783,True
7.139141359900947,9962.669524167532,3285.4960294649554,0.24799629927360864,1.7704806372465927,True
6.015049734347881,9933.710096866236,3284.1149534485407,0.24846106987702418,1.4945056923595845,True
6.71516495899095,9920.53939431603,3329.217653096761,0.2512663168980022,1.6872947666081801,True
8.086291736700243,10011.239423253806,3319.2369748049696,0.24899612554644535,2.0134553124765975,True
6.679389422351781,10074.864169565679,3296.102344206548,0.24651189880787827,1.6465489693811945,True
7.439597040915408,10066.30817281155,3283.801175071316,0.24597560136030489,1.8299593560175123,True
6.989306708090839,10024.040568117862,3317.641465171715,0.24866740617065242,1.7380127700320902,True
7.0613684053365615,9994.412189161605,3329.8224598418683,0.24990722150715858,1.7646869582160951,True
6.513100496915237,10052.475299402313,3303.0755834874276,0.24731855783793333,1.6108106219506033,True
7.184828368937726,10005.382057505542,3279.425713931986,0.2468553380939982,1.773613236161472,True
6.723975931079222,9929.458206661599,3274.8868819108293,0.24801585083875524,1.6676526115659247,True
6.295882269024221,9939.977921965963,3270.3760175946995,0.24756157424374525,1.558618525772919,True
7.8450990941721805,9916.819147764632,3283.972507018623,0.24877087623973587,1.9516321758447714,True
6.984830819972287,9912.505575855193,3293.3565041222496,0.24938595331202149,1.7419186927619776,True
8.347154327772996,9932.6401187953,3302.9465555829715,0.24955044584286432,2.0830360840149456,True
8.03692467537035,9986.454031603891,3315.4866411340786,0.24924834072738683,2.0031901398870517,True
6.856200858053949,9922.60662111624,3282.08762375075,0.24855460966289192,1.704140328043984,True
6.151112629327436,9943.561686118417,3287.895928492863,0.2484908333048729,1.5284951030137024,True
7.663583286916811,9938.625012971397,3280.0994537924325,0.2481403907040856,1.9016445510088382,True
7.286044747412417,9906.538969729909,3308.7954559037835,0.25037546151580814,1.8242468162582135,True
6.211718687222009,9930.010201210283,3319.7098890880993,0.25054943549477954,1.5563426105358475,True
8.329082749534273,9971.87061665247,3313.315433190967,0.24939924971769692,2.0772669885704595,True
7.180872454425334,9995.107466000258,3272.635584424958,0.24666106149229908,1.7712416220493639,True
7.864560121262535,10065.343507074951,3292.2186006033016,0.24646852277863296,1.9383665153913234,True
8.346721968141813,9918.622447161739,3314.819484903962,0.2504880817795321,2.0907543749469233,True
7.735219983707356,10037.790980664371,3307.565413160759,0.24784391780583417,1.917127225852012,True
6.815110788306983,9910.397411710826,3302.567426953697,0.24994900594070588,1.7034301669131109,True
6.528204168699659,10091.12424271596,3269.263763169719,0.24469826488044388,1.5974402328660873,True
7.4726235914395005,9996.829216392278,3331.6752757661498,0.249966174204036,1.8679031304189553,True
8.159411738624037,9910.36657294973,3329.6524632502146,0.25148396344042323,2.0519612033714876,True
6.264816120098972,9944.362355183739,3323.257341318441,0.2504787910219171,1.569203567737008,True
8.282441007308304,10042.090935457923,3322.2746122747735,0.24859201885856877,2.058948731083769,True
6.323720408763963,10079.253195850564,3267.127812371564,0.24479503547507206,1.5480153617978114,True
6.2640930509234245,10066.937892161746,3330.527698025761,0.24859386095121502,1.55721507688673,True
6.596180993191556,9987.159589413342,3293.081943096167,0.24796852790928778,1.635645290704934,True
8.196136166382761,9977.929669969712,3325.2392788412803,0.2499584340871265,2.048693361713899,True
8.238753972300668,10010.173617926821,3294.9567045036006,0.24764557916045407,2.04029099903089,True
6.379739204427656,10087.38455236663,3277.9834153077404,0.24525949627693813,1.564691623656161,True
6.032974419865483,10078.253812295326,3319.163867060103,0.24774653940771912,1.4946485348569654,True
7.248492140697943,10020.810362463872,3270.7096134231247,0.2460749123769689,1.7836720683873941,True
6.8687106247933505,10001.631527855166,3289.3865653835555,0.24748943552013522,1.6999333152812617,True
6.837350899214545,9905.750115324108,3271.5917120049644,0.24827402634572818,1.6975366372865803,True
6.855066183871028,9972.57830386305,3307.359666784024,0.24904933096030646,1.7072496467817007,True
6.59000108673354,9987.578443724988,3311.970720861711,0.24902879638060535,1.6411000387761348,True
6.971608425678786,9982.91721104223,3327.0586208866616,0.24996729242028246,1.7426740819813542,True
7.006559037996108,10069.34351722889,3299.5603057622398,0.2468085902516429,1.7292789586827266,True
7.896627791226081,10084.001551407091,3274.3879357170863,0.24511846573070714,1.9356092886317997,True
6.38873741871586,10030.34111516079,3317.4160503525873,0.24853733921109986,1.5878397989660302,True
6.735610132597012,9926.12767688889,3276.224082055208,0.24815458199223403,1.6714725169172675,True
7.6802705831585225,9988.904575422717,3267.5624285206754,0.2464881802631633,1.893095919971448,True
7.101154553749068,9915.727599634,3331.2833286535088,0.25147433988598333,1.7857581538323914,True
8.108285807479081,9934.322318365232,3331.7905311067734,0.25115047406214247,2.036399824379713,True
6.083658272597281,10055.67113029697,3271.297852379931,0.2454645055925422,1.4933221700770711,True
8.356606182890907,10051.009365212109,3321.0743306422196,0.24835877535464676,2.075436477703855,True
6.910800576556685,10097.935020052391,3311.5851593817347,0.24695776694982993,1.7066758782220361,True
7.473782607169059,9927.338529605448,3286.22633611474,0.2487009652209876,1.8587369482547742,True
6.988507887455403,9959.032790844605,3318.542736989783,0.24993589605519248,1.7466789809399463,True
7.2448078054595015,9995.859477508644,3309.406198261967,0.24872905802163126,1.8019942209997033,True
6.568361629183265,10018.135649517057,3287.9737065195923,0.2471025615784467,1.6230589839447642,True
7.876984871710869,10003.116008952893,3280.4787340755925,0.2469571526033838,1.9452777550176465,True
8.082169376165485,9908.293505990421,3277.836905333045,0.24858216952853987,2.0090831980243418,True
7.387407331185212,9965.653464169722,3274.997418444211,0.24734414097002985,1.8272319203277072,True
8.261783422105747,10087.642004129832,3305.264108602146,0.24679215106719773,2.0389433023927914,True
6.517210169951975,9909.882819974424,3303.2380240353104,0.24999680719130468,1.6292817342826937,True
7.8990786619558175,10092.383112359312,3321.1095034110976,0.24759468682350694,1.955769907501197,True
6.065233479410267,10094.101963634366,3321.3966667631007,0.24757906942328062,1.5016248606673204,True
6.290915207968581,9955.248852892031,3318.6253814498637,0.25001181440034925,1.5728031253829755,True
7.4036985780562246,9983.83198420486,3292.1577386923937,0.2479783283512468,1.8359567970028856,True
6.929146284663358,10073.361740195316,3274.753230780412,0.2453345088726811,1.699958700654848,True
7.4019812001189615,10089.514039337895,3301.3858581077698,0.2465395069331759,1.8248807954059663,True
6.981857500805854,9994.699503287966,3280.9836934487253,0.24714236132534612,1.7255127491862385,True
8.244999143975953,10009.06962266387,3269.4925225498464,0.24622338524268167,2.0301116005527717,True
7.6244322804342115,10050.163708952117,3331.4399005321666,0.2489567018836958,1.898153514272487,True
7.845759947120615,9921.617320983847,3311.3335806204304,0.25023395048031094,1.963275506088187,True
7.733603397758788,10082.129212877713,3277.373588420741,0.2453215240991006,1.8972193723161688,True
6.36089091607441,10077.143900789695,3283.137973402196,0.2457386755996703,1.563116909350099,True
7.638780637738108,10084.75759074534,3315.8515694415833,0.24744036109141557,1.8901426393000311,True
6.717273886876372,9933.75056537696,3330.2842410449325,0.25107625919622495,1.6865479995134054,True
7.106622966857794,10007.260767533988,3297.8213619065928,0.247861781672839,1.7614602302424898,True
7.447512945340206,9991.838496598084,3290.285368847307,0.2477228342529821,1.8449190149554504,True
7.467123106307593,9996.550746236951,3320.5506989067053,0.24934485275079207,1.861888711414304,True
8.053008393101553,10021.409936112208,3279.022212294513,0.2465350129760492,1.9853485286895247,True
6.584122704576543,9994.745014094795,3268.0672926079997,0.24640831952031583,1.6223826111502628,True
6.930652829296207,9908.36810171424,3295.1437425659374,0.24956570505091863,1.729653259806452,True
7.519120615872431,9911.813420750606,3279.1169457960623,0.24858875414217818,1.8691688261444952,True
6.6373099772626745,10073.455034609595,3294.764539509557,0.24646247925851061,1.6358478726034074,True
7.943849417511449,9913.217388355199,3297.7203694336295,0.24962046070419025,1.982947351363921,True
7.641659685130907,9963.580266969679,3281.414228508198,0.2477474965828444,1.8932020567292291,True
7.2141921532099325,10098.597470312834,3284.5028857200723,0.24542167347937927,1.770519111042588,True
7.497745185711208,9921.976138905513,3318.9204283494696,0.25065677475022574,1.8793606261494038,True
6.186491487057765,10091.488164724451,3315.6042467960283,0.24730225950758628,1.5299333231738328,True
7.934202830254339,9942.270149785301,3320.6953665140313,0.2503735203437806,1.986514293732366,True
7.908225434969612,10099.655304307593,3279.208749279923,0.24510367518089918,1.938335118270117,True
7.589659018627019,9936.21462048566,3301.445436305781,0.2493979617350885,1.8928454895099105,True
6.940100648834863,10078.549087465592,3326.0299013068015,0.24812639800867056,1.722022175813032,True
8.28328201731271,9974.717948873556,3316.948051993031,0.2495509631205579,2.0671010052195844,True
6.187461683910159,9900.99302696213,3326.92184223066,0.25150765446630663,1.556193975220388,True
6.553222499601676,10036.443997852566,3332.5055912743524,0.2492720590393061,1.6335352658184181,True
7.680660685077362,10005.01886497022,3283.0513202860398,0.2470675782499057,1.8976422348213255,True
6.043313731234014,9909.79587511232,3305.0083623748988,0.25009892715621057,1.5114262806500227,True
6.811790049979191,9985.022302663698,3272.705975316938,0.24685269653266897,1.6815087420517671,True
8.22704767058519,10037.432926049665,3318.3561037002655,0.24845826003305754,2.0440779494426153,True
6.572864381481198,10085.490860252932,3309.097870654051,0.24704736645019656,1.6238088354792302,True
6.243760188112929,10013.886603885623,3327.784934247654,0.24942788650853467,1.5573679075871387,True
8.192034389429766,9906.53086852332,3312.4310602834616,0.25058178381352375,2.0527745903650416,True
8.370849066799924,10098.989342339317,3276.992188745809,0.244990783003867,2.0507808672825028,True
6.531201627418887,10008.728238301668,3300.7237215426167,0.24799846992206534,1.619728010352387,True
7.212790410758772,10031.208477162692,3324.025831109385,0.24889311219725452,1.7952138529602646,True
6.273928237908486,10042.290611258722,3302.909731942456,0.24749795034925423,1.5527843795206586,True
6.311576655671991,9945.97636314001,3308.063381770845,0.2495890645748999,1.5753005134819473,True
6.25110215176752,9979.890118781832,3308.7251781765026,0.24898946235081734,1.5564585638686321,True
7.345981545328294,10075.254679880858,3323.3244009734235,0.2480355850361956,1.8220648302605995,True
7.432525495780821,10082.506463628724,3302.971946978332,0.24675785546528972,1.8340340520299647,True
7.022515128485118,10001.33082441514,3282.9971928357145,0.2471331021465638,1.7354959485737023,True
7.848642596758351,10006.602074650216,3330.896486983711,0.24973921995877277,1.9601138798496274,True
6.807302314503966,9974.658906066725,3275.2999955737105,0.2471932192309069,1.6827189734002388,True
7.841661069529396,9977.609421805564,3284.976172918137,0.2476874625582066,1.9422811325532086,True
6.753432959192368,9983.142124298909,3324.308963204981,0.2498080918235807,1.6870622007943235,True
6.481326559854587,9928.13287822666,3295.2720302464472,0.2491999642342457,1.6151463469062297,True
6.791139579987771,10026.745906922873,3276.3998408422412,0.2462876001634926,1.6725734695304972,True
8.346390228741262,10020.618594769925,3301.516044973044,0.24782184944474794,2.068417862674232,True
7.608549578261149,10094.445643275309,3299.484698089262,0.24634178422590716,1.874303678480125,True
7.752623960473584,9904.839133711208,3325.149347962684,0.2513342587235554,1.9484999962681027,True
8.335028156629688,10053.876523629699,3323.902091461772,0.24846442650142816,2.0709579908102516,True
6.206175711266297,9957.62979771515,3332.4477354529954,0.2507470499804219,1.5561802512601708,True
7.865720508321182,10040.51550902659,3305.678164896673,0.2476869619654584,1.9482364163754746,True
7.625271572831274,10048.19443107443,3280.2349253291873,0.24610813754684496,1.8766413850784058,True
6.99940950813561,9943.139546389557,3283.137876180839,0.24822841463904466,1.7374523256139578,True
6.797123998663521,9973.848601512806,3311.716236428417,0.24927176802981993,1.6943311166647752,True
7.79838577943608,9938.079426293576,3269.375485141661,0.24754015872588597,1.930413653647299,True
6.111388983230833,10036.385673584582,3301.667417056322,0.24753743253376675,1.5127975381241077,True
7.318500247096787,9972.755186849256,3272.5005697891515,0.2470696398707894,1.8081792204444862,True
6.668494791883774,10061.644388809204,3297.4941808428393,0.2468343421733612,1.6460135252411165,True
6.618633789041298,10044.15861644041,3276.697643306546,0.24598250888781756,1.6280681448380607,True
7.821323143846073,10021.222093272336,3323.6914257392455,0.2490605443792656,1.9479829999724523,True
7.3528832415768655,10069.704649953608,3294.4970793863095,0.24651656313699108,1.812607505861107,True
7.969998767758416,9986.392034273818,3299.5572796543925,0.24834938036345885,1.9793442554703333,True
6.642087083398852,10012.230170133833,3307.0777760852557,0.2482920125759256,1.6491771696416608,True
6.883807065406061,9997.387087313227,3288.521762952818,0.2475195186129074,1.7038766110534391,True
7.9946866459397015,9950.362892692552,3332.1533365366654,0.2508676277168027,2.005608073206095,True
6.840641431213115,9952.397612032155,3307.002620401857,0.2494081604319138,1.706111795533197,True
8.126220807496317,9902.374913883037,3313.31172118472,0.25071052399145605,2.0373290767176746,True
7.419769966397115,10095.084898028297,3316.0818463435944,0.24726274078541421,1.8346326578886514,True
6.8347599836547674,9924.749090411127,3329.565128552028,0.25120614115126133,1.7169336811889722,True
6.800200817328417,9964.077162088037,3322.2815425392496,0.2500520734384649,1.7004043141709144,True
7.077003449951023,10026.38376596297,3305.79928453678,0.24795633783417517,1.754787858289679,True
7.472553545510364,9950.061687350752,3290.350201308235,0.2485081452886348,1.8569904221647928,True
7.792877212025027,9945.901979280397,3308.8476337150273,0.24963486526149964,1.9453738528232785,True
6.465507907585498,10081.544869630754,3327.643118635358,0.24816141898728367,1.6044896168199205,True
7.903227618745138,9973.009654766243,3309.576309423643,0.24916656427794454,1.969220072469287,True
8.044856582708835,9905.356208393547,3324.410249680705,0.2512826103329879,2.0215325618575966,True
6.851448472517729,9975.01234454449,3290.061003198326,0.24802433555771955,1.6993259550041624,True
7.424039422642867,9942.337459469252,3285.768424906472,0.2483929637112621,1.8440791548995088,True
6.566178925069299,9990.786774098657,3314.238169843176,0.2490967272746261,1.6356136809343846,True
8.011052546015447,10002.120269806775,3327.7312256796727,0.24964503369046973,1.9999194827461497,True
8.356398069829027,9903.395713567403,3277.7818648820444,0.24867139869514013,2.0779971960777535,True
6.797566416963469,10052.306667266253,3316.849140246068,0.24809712655022562,1.6864566955829494,True
6.361456983074164,10097.76071757429,3327.3273699554816,0.2478439879322768,1.576648867744731,True
6.964480568746333,9914.55937240075,3287.8121484377366,0.24903193666746068,1.7343780839177974,True
7.149321869398783,9902.438967426071,3319.0036072814605,0.25103188162165274,1.7947077211940083,True
6.751500461294324,10016.517134795713,3269.9558548235777,0.2461116548672015,1.6616229513658203,True
6.034476362467946,10070.529795507313,3318.864101764418,0.24787261673141764,1.4957814465688164,True
6.234904418301558,10083.695241146603,3306.2753887245512,0.24692178049656904,1.5395337001929459,True
7.163408519778528,10043.684501882286,3279.6347143202265,0.2461574823135557,1.7633266060121573,True
7.02113222654507,10098.676120869164,3269.0849034177695,0.24454992107342446,1.717017331847674,True
8.188107554659513,9941.584982429595,3316.452955257305,0.2501465881184467,2.048227167944955,True
7.065729360326054,9938.38413109437,3297.960655250796,0.24915947026803256,1.7604933844761241,True
6.453530486240867,10036.35961864581,3287.4184782206794,0.24673320542570581,1.592300263182723,True
8.018371438258661,10052.010593386538,3320.722004373442,0.24832037731238898,1.991125020979274,True
8.05663675904324,9958.601504604501,3307.639958604186,0.24932758594642465,2.0087417939794774,True
7.181750242104225,9993.022447887095,3277.548316199176,0.2469787000472581,1.7737393388589826,True
6.939775542922903,9950.224517515342,3296.719737616658,0.24886643093855215,1.727077170881876,True
7.558620328969276,9996.88708640896,3326.4687711796587,0.24967199005534277,1.8871757796065287,True
6.845726932552476,9966.399311353396,3309.0257774298393,0.24925949679952053,1.7063624504349555,True
7.2995198893946505,9917.56011025549,3292.2814478550213,0.24922944256160615,1.8192552730011857,True
6.0444357322052555,10006.149727565498,3306.986349723751,0.24840025149033873,1.5014393559969752,True
7.330053536122236,9913.437300381682,3325.5977582254227,0.25119638580179976,1.8412829560076078,True
7.952404739149495,9919.073532383474,3277.3701938553763,0.24835253056388906,1.9749998410360412,True
6.2999419299156045,10055.974139160977,3270.1768774965726,0.24539545390179696,1.5459771094466024,True
7.841732187983905,9980.463264132297,3319.1071859526564,0.24956499147169486,1.9570218266175183,True
8.148108894741563,9923.060203321673,3309.884827941431,0.25012458074311955,2.038042321146517,True
8.394588126777604,10026.001338698843,3311.7237598664397,0.24829749716634034,2.0843552216211565,True
6.924382499075531,10045.783896252753,3327.3222162531374,0.2488069853226981,1.7228347348162332,True
7.094981362773613,9935.013645497935,3301.591113977112,0.2494288508247375,1.7696930479395523,True
8.156355933293709,9926.553969963385,3273.9798426746197,0.24801874599496557,2.022929170464103,True
6.866612254976266,10070.68603800047,3268.619238190428,0.24503669198009373,1.682571952069356,True
6.619547996075847,9950.186962473017,3319.6083995613603,0.25016274245335723,1.6559642804999593,True
7.700931420022801,9912.341955090882,3307.313778510685,0.2501815361276159,1.9266308522747269,True
6.100340033563142,10009.297669416375,3295.846643926312,0.24771220561818075,1.5111286847348127,True
6.8519632403314255,9937.658840359529,3290.1973030298245,0.24873246785905717,1.7043057264471775,True
8.13319434721817,10089.76795452592,3297.0920176079976,0.24629315795274045,2.0031501200197406,True
6.496385401916895,9953.204198692858,3317.506464754409,0.24998709932634736,1.624012542731232,True
6.859803117486928,9917.59621822589,3316.79931602184,0.25061963029884415,1.7192013212274324,True
6.044451798198911,10002.709684776843,3315.5501716772906,0.24894770093185628,1.5047523785550434,True
7.888353758562774,9949.542043942782,3291.4021045759787,0.24857759897312018,1.9608680371541225,True
8.059844823227518,9962.41112450916,3327.47674300668,0.25037658527879325,2.017996424716665,True
7.950191741384524,10049.457791721636,3295.141624129384,0.24692697933033042,1.96311683179702,True
8.147520942395316,9908.64883480474,3329.887159986847,0.25152986412522643,2.0493448355981307,True
7.17091781459426,10031.126647823514,3323.2869824506806,0.24885308141997745,1.784504994771192,True
6.657738236126157,10024.033437201617,3319.010869834677,0.2487446487818703,1.6560767592268297,True
7.932116519116627,9951.028628147538,3269.2496171137354,0.24729053023415581,1.9615372998914569,True
6.748644267521439,10027.982300413409,3278.651293094955,0.2463922426401253,1.6628135958550332,True
6.728055341889791,9963.476510508603,3330.1675603826943,0.2505082536153247,1.6854333939240678,True
7.2676628535077565,9912.014382519985,3268.544359272512,0.2479822307463124,1.8022512467249636,True
6.720190330701764,10092.943519512517,3307.8820737597157,0.24684166290623236,1.658822956276807,True
6.132649932774538,10091.672532423856,3308.8318361510273,0.2469184550926657,1.514264447024829,True
7.57196962903401,9903.540496946533,3303.8981810649125,0.25015434571469525,1.8941611083225465,True
7.187618288857889,10099.497655081102,3332.57740473374,0.24810592480263274,1.7832906826854034,True
6.229334455772682,10018.405482011276,3293.316816936381,0.24739975361390543,1.5411358095367733,True
7.421111085550276,10063.536832463242,3294.883477544859,0.24665217900625114,1.8304332198984214,True
8.24975930520335,9904.495821358381,3329.4680934441008,0.2515850968673125,2.0755164939315973,True
7.82122345113749,10011.452573856363,3308.6486631747975,0.24839515888786465,1.9427540418427898,True
7.373103994394919,9946.967411212469,3268.039856425689,0.24729762082149556,1.823351075883329,True
6.3513382455182485,10029.992191065725,3287.88094035626,0.24687732852769745,1.568001418629338,True
7.057090208015964,9985.275994976588,3287.223139516857,0.24767175391813023,1.7478419093777764,True
7.894008350194639,9929.393013017956,3269.0580222709473,0.2476849755725438,1.9552272653874159,True
6.457114106633907,10003.115135539078,3323.3266330457027,0.24937839302911147,1.6102647395179703,True
7.112947705513999,10006.935525485302,3297.1898022451123,0.24783213635041643,1.7628170256063271,True
6.652072443401007,10030.723732913964,3326.125856538458,0.24902023746415608,1.6565006594844878,True
8.319395662900082,9969.49674164053,3287.653133658262,0.24799094560920198,2.063134797339685,True
7.3203852834359235,9992.912470915555,3283.1920327805065,0.2473008578583023,1.8103375604469953,True
7.514625838903792,9907.000598398705,3322.3609257509943,0.25113539453027645,1.8871885248005136,True
6.3969334418153645,10080.293439981502,3296.6432448757564,0.24644231504867392,1.57647508661326,True
8.060595176653063,10009.443110512388,3303.350452048993,0.2481335293396849,2.0001039297613654,True
8.100620593013781,9912.551432504932,3297.781178671023,0.2496364986208672,2.0222105614960535,True
6.067153305706247,10034.259584916887,3287.5994471499694,0.24678233264865182,1.4972662453191665,True
7.294621171678145,10068.919022876196,3329.4392233184813,0.24849605915441833,1.8126846141864046,True
7.445952764360765,10070.744209800563,3294.059085520925,0.2464726949385069,1.835224044216823,True
7.545266970960047,9917.37436504996,3327.4868477505124,0.2512285175577883,1.8955862356920363,True
6.984228756528925,10084.458801319073,3280.8336681299406,0.24547413950195385,1.714447544093739,True
6.432909188892033,9977.279075347804,3283.4173790876334,0.24760519859342653,1.5928217572490901,True
8.150171620611681,10011.66599993686,3282.8110702020444,0.24693043982720148,2.012525462944818,True
6.758206866516857,9956.694216029382,3287.1906594948446,0.24820441210341834,1.6774167621771015,True
6.087325285884949,10006.321038954933,3309.8868541290217,0.24856076750259204,1.5130702450974984,True
6.479372133070196,10076.14110701036,3286.236749698767,0.2459320328266857,1.593485160126532,True
8.333439550040978,9931.534867587568,3328.2123754810527,0.2510011928938417,2.091703267969005,True
8.387568521065994,9946.29578617312,3272.557212585728,0.24756741094654708,2.076488622897067,True
7.578075422637142,9947.836207556144,3280.372448588509,0.24798311954844612,1.8792347834789678,True
7.047660852578678,10064.854336585711,3267.0505000433895,0.24505504202724607,1.7270648264224449,True
6.134560611729498,10007.594623969102,3282.479779336745,0.24698731397020945,1.5151586478785137,True
7.362450346638205,10013.618334054348,3272.485091500704,0.24630886774569796,1.8134368087143777,True
8.35559030079419,9956.575620210759,3313.845894788835,0.2497167019934661,2.0865304531229185,True
6.489242797821318,9929.168175625155,3327.657452506841,0.2510146505544508,1.628895013258105,True
6.479034979084238,9965.212471590394,3284.2912995814318,0.24788032490147813,1.6060252956634424,True
6.205226801084851,9949.625889282306,3270.9977712995087,0.24741629860111744,1.5352742471048662,True
6.967108791656029,10075.606313192618,3279.589115123232,0.24556653870970746,1.7108887907809436,True
7.257435638211389,10071.201400254457,3332.6508420330147,0.24863380928050818,1.8044438683366135,True
7.8334704873356324,9902.838110142056,3267.8589638684243,0.248115870064071,1.9436083455865025,True
7.399082695257235,10040.858178766752,3287.334161348353,0.24664516218408378,1.8249479513851683,True
8.172525867310029,10020.962586540865,3330.5221016410733,0.24944956904973148,2.0386330556482695,True
6.121817563338611,10020.503104654868,3320.1637702651506,0.24887539741412334,1.5235697789726572,True
8.108240441942112,10033.80841726829,3305.0072017969014,0.24777366268359308,2.0090084322192325,True
6.148171195553446,9995.90148229997,3297.5748298311687,0.2480596310855064,1.5251130786195246,True
7.468447556531178,10024.819882470563,3293.16007746464,0.24727173996143048,1.8467360221141582,True
6.875371747734932,9936.20834005944,3293.9661944022614,0.24897375207123704,1.7117871009181447,True
7.938054056862181,9939.280884428463,3314.746205540751,0.25009351369512334,1.9852558309824913,True
7.238538541209978,10097.420832070226,3331.3082756864483,0.24807323529687,1.7956876747390451,True
7.407421949313357,10009.258520961102,3306.7543325610554,0.24832916346174908,1.8394788960811845,True
6.701144249858331,10050.249952438091,3287.666486163036,0.24649025965166751,1.6517667861108587,True
6.078808541059402,9916.009097105107,3281.2630999840508,0.24863191809499685,1.5113858272958485,True
7.298283102203198,9958.093690095615,3267.2027060285545,0.24704192693829133,1.8029819209094486,True
6.391140902502072,9994.514014192724,3288.8367884530007,0.24759090061808378,1.582388332027561,True
7.650570301597133,9925.898024305963,3319.836715185332,0.25063439518288516,1.9174960603449407,True
7.550100131500932,10004.314608275896,3286.487476547474,0.2472753303805705,1.866953504423282,True
7.92833426959775,9948.664261999975,3310.235123315364,0.24966138041454305,1.9793988781357021,True
8.257308061665773,10060.866610245359,3288.19870752161,0.2463242653510111,2.0339753420668027,True
7.598477918155034,9974.715260814886,3321.103339493952,0.24978554832395267,1.8979899732138015,True
7.738695075782704,10059.863482653169,3319.280591232832,0.24809364282962984,1.9199210520986496,True
8.143248074187914,9959.188794240545,3290.3864814799263,0.24833901562939006,2.022286210769753,True
8.285592446542982,9950.788584285292,3288.578033399418,0.24839390949463122,2.0580907002759976,True
7.265589282671943,10079.05923786245,3302.3125752948795,0.24678430742413546,1.7930334191524167,True
7.233052864854002,9906.722756256944,3291.3102151327826,0.249378844731452,1.8037703673188101,True
7.724660168216218,10039.829779423857,3270.4713965357064,0.24570979674319296,1.8980246798426457,True
7.895104205468901,9918.494859549744,3328.136040768585,0.25124396277159095,1.9835972670766597,True
7.380517017084817,9915.846869396275,3323.5365551181576,0.2510340888658153,1.852761364742532,True
6.808348356237001,10098.182286325691,3332.709329333962,0.24813760878303964,1.689407280878588,True
7.892552556584596,9937.49997730302,3322.9196787400874,0.2505893301216715,1.9777894581046198,True
6.385003644700172,10098.714731310753,3281.6828570927933,0.24526048911558093,1.565989116903931,True
7.323568730813364,9947.470915315154,3329.2417134829634,0.2507579855469347,1.8364433419532804,True
7.556904595415496,9920.32969950764,3299.6750302028013,0.24959711419672648,1.8861815792756886,True
6.3182871364624,10013.457555669476,3277.2455432224924,0.24658180374939778,1.557974638715516,True
6.067737189624982,10079.751181196127,3327.981606365351,0.24821359875644014,1.506094884145105,True
8.36399469243912,10020.803662913724,3274.0078441376363,0.24626207317051121,2.0597346729472097,True
7.285905636792335,9969.438611427073,3270.9219183935547,0.24704175622911587,1.7999229242327932,True
8.337349195360215,10050.198851687906,3288.7706946787366,0.24655357996334534,2.0556032915205775,True
8.085602342182156,9976.2161133701,3309.1099167552075,0.24908006843427055,2.0139623847230297,True
7.320131957348809,9986.249213460847,3299.7243300884916,0.24836150089208836,1.8180389596552908,True
7.102722060555293,10073.615967263107,3322.9057438353398,0.2480424258994373,1.761776410389585,True
7.318274027665341,10087.743271920886,3294.053238510673,0.24615926837198937,1.8014609803958321,True
6.3282958118454395,9906.904818555577,3331.174121901754,0.2516357650445219,1.592425558041771,True
6.783400024340137,10063.329867291093,3278.799208680265,0.24574782555396285,1.6670058058442874,True
6.321092126821353,10002.384519856485,3299.5457061660754,0.24805014385890972,1.5679478114034582,True
7.206585670163115,10083.498459165652,3285.331143344227,0.24574560683512903,1.7709867687235796,True
6.082112011773668,10019.813984996343,3314.6336005050653,0.248576746749455,1.5118716172524813,True
8.385743815713816,9987.279082118142,3307.01382059839,0.24875439745446262,2.0859906500853764,True
7.560815886806129,9982.680840895231,3270.9132967514083,0.24679443649631816,1.8659672962367286,True
8.141384184368913,10067.544483746986,3322.2077628039733,0.248115700845752,2.020005242759214,True
7.191001003393346,10052.889983832245,3283.837148162313,0.24622511322770108,1.7706050362810386,True
8.236489789356433,9997.803236930586,3290.156779901574,0.24760435580283638,2.039390748370239,True
6.7912469382855285,9962.798801173956,3321.490682780053,0.25003148921077456,1.6980255855776438,True
6.503665915401123,9938.961422502402,3285.291214527116,0.24842925378844477,1.6157008702524436,True
6.255778531966682,9985.477969580565,3289.9814443577643,0.2478243005965961,1.5503339393718436,True
6.690634263293449,10003.616921237395,3327.310512138293,0.2495933256532433,1.6699376565049493,True
7.610635718831771,10032.670707193314,3327.76001464849,0.24907580331285467,1.8956252053895286,True
7.206685124754361,9920.313551107673,3317.160811689369,0.25058864861804814,1.8059134864279849,True
7.598420642428604,10000.362668040641,3298.228182734835,0.24801335868924088,1.8845098242623775,True
6.286519743554613,9994.695993554624,3274.788536676049,0.24679093820226344,1.5514561055388956,True
7.249136044835023,9987.83332258085,3309.6845309892283,0.2488949116244769,1.8042730752330232,True
6.385965974918308,9944.213236234787,3329.786402242436,0.2508502706742898,1.6019212933250624,True
8.070587447384119,9906.253812740588,3321.1373138850768,0.2510802986085364,2.02636550623551,True
6.324712597437611,10029.67566026511,3303.8029678417793,0.2477825224752214,1.5671532413239009,True
8.054547396019611,9904.693908056322,3293.63752410517,0.24954953897272836,2.010008589310684,True
6.296861456815944,10020.049119623554,3328.8425557715336,0.24937220532752655,1.5702622281280936,True
6.90027506536668,10054.723230865273,3270.947730959939,0.24546214148093587,1.69375629435241,True
8.243318087306791,9950.640363620349,3306.341372706895,0.2494037812277242,2.0559147008372047,True
6.81521098889164,9935.294355373648,3289.047420984932,0.24871161654826768,1.6950221421647578,True
6.1241914246940246,9999.309121690736,3319.0937238129777,0.2492110925247694,1.5262164357788217,True
7.243813247271235,9986.168757365193,3298.353634963832,0.24828545111026526,1.7985334398572541,True
6.637757255714424,10067.229148196217,3308.808437319709,0.24736835674733829,1.6419711048337988,True
7.186624389189889,9981.578615717215,3313.3322101961794,0.24921808454240196,1.7910367645996137,True
7.656416982936033,9992.835823527446,3291.456222983506,0.24777054068515372,1.8970345755730542,True
6.174221438245056,10082.503648095728,3318.3232552550667,0.24762078334325327,1.5288655490729488,True
6.118056371296526,10074.892523129862,3316.430761382554,0.24765519365947464,1.515168435453024,True
7.698815181804711,9912.890932153605,3273.417279491903,0.24824364992477424,1.9111819808274657,True
6.417441522014072,9986.512822438228,3305.76819146523,0.2486983376297464,1.5960070383610094,True
6.356192932829914,9916.407652063866,3272.7878502534113,0.24814158298574,1.577235776115188,True
6.869444869032578,9905.61956653881,3294.7472801769045,0.2495951300775134,1.7145799856464934,True
8.187116226530835,10092.532648794091,3309.7679547087055,0.24695520960361622,2.0218510037720896,True
7.783541007682673,10014.702070073323,3318.31110936902,0.24887930917861803,1.9371623089555081,True
6.06223875178902,9902.861727096662,3300.268826136159,0.24996108406487574,1.5153237702572826,True
7.722707699373725,9933.524197321452,3270.622845777631,0.2476966391772322,1.9128887424830066,True
7.001657166656756,9994.904094246816,3309.591417311705,0.24875737786798735,1.7417138775081362,True
7.808030349385589,10094.642172918208,3286.99190176643,0.24563456775318332,1.9179221598750662,True
7.296822611498122,9983.77602719279,3321.3077727861405,0.24962697136799697,1.8214837291177945,True
7.530919365607152,9949.044905789688,3326.862266003363,0.25059396867973394,1.8872029716345604,True
7.426122268707788,10082.685593557157,3320.7873458750687,0.24775573919394492,1.8398644120283132,True
7.933740642380992,9926.14948968565,3328.183841474199,0.2511015649236701,1.9921746910003908,True
6.7151329876244485,9965.409490725038,3278.4229653351185,0.24754337358254383,1.6622866738119826,True
6.213609182378335,10060.033258044616,3298.315522825589,0.24691042111049943,1.5342048598371008,True
8.067472629829965,10098.984162574416,3291.7772676524455,0.2458245025724932,1.9831824462451546,True
7.9242088933711425,10000.825792706972,3267.8729788626674,0.2462843595383008,1.9516087121516192,True
7.346661923890181,9915.454671267406,3278.6632698060516,0.24849431272700173,1.825603705614723,True
6.795494728051394,9994.55689963816,3267.7368861421464,0.24639304021795835,1.674362605829691,True
8.39366336780882,10071.971809608935,3278.142055807664,0.24555161767568695,2.0610776181906103,True
6.699308441373456,10041.193184774957,3301.37691923391,0.24743185859237035,1.6576223389325901,True
8.340998393413383,10068.521092993931,3291.034267926527,0.24634309892928788,2.054747392397664,True
6.884293357900692,9908.643098395532,3308.506947682704,0.25031923948418794,1.7232710777357476,True
6.668606571166407,10075.800043401377,3323.4929424921415,0.2480349482611539,1.6540474858532508,True
8.393629534878713,9974.285516464957,3306.153160065918,0.24894909276668215,2.089586457727684,True
7.981406128478516,9912.40180967461,3287.2912020581293,0.24904300419230754,1.9877133599151842,True
6.827804074742767,9946.264948345657,3280.67728313013,0.24802990938625205,1.693499625965531,True
6.595973605759272,10057.144209379174,3332.7533513062936,0.24890058614725358,1.6417416966852965,True
6.234930323624972,9916.18747558634,3315.5819741252094,0.25057736886410825,1.5623324355449884,True
6.634663220935142,9973.43526398826,3315.643089119571,0.24950135750717153,1.655357480226221,True
7.354973640188025,9940.755630671594,3299.399619800795,0.24919644501019556,1.8328332842785529,True
7.833360862310555,9952.234977209258,3323.0382100094766,0.2503178776922539,1.960830266251142,True
7.535027364561794,10040.046999501137,3325.3677450976115,0.2488039322866104,1.874744438190189,True
8.281416588518864,10051.297343803573,3284.291151494702,0.24628018123479467,2.0395487783012607,True
6.023762925779386,9949.643442315473,3314.902029468785,0.24990694453270898,1.5053801873709378,True
7.604808504978226,9966.91711917179,3271.954245430064,0.24714752151596758,1.8795095736089193,True
8.137308072395271,10049.1542308771,3332.341199640633,0.24902606864408605,2.0264018386143805,True
7.343441958226749,9912.63424348059,3287.433836767543,0.24904673345485856,1.8288602320117218,True
7.20739212697533,10076.277761079122,3304.222082372385,0.2469430978686114,1.7798157393891283,True
6.476106850934708,9900.68088712288,3294.3258292530854,0.24966458146357642,1.616854506452014,True
6.979984679210195,9925.64747643587,3322.0488398912644,0.2507642657687588,1.75033073315933,True
7.952710219075277,10069.520232671006,3277.6737518831405,0.24557024912323766,1.9529490297032337,True
7.730451415578605,10059.1271455595,3315.683344488066,0.24790507102551657,1.916418107238319,True
8.369881506171353,9981.000325544357,3298.443699135219,0.24838718345475372,2.078971293167934,True
7.650316137248427,10092.536067226945,3305.8900576233755,0.24673719337018823,1.8876175320993367,True
7.8522652598873135,9970.551527650217,3290.502156272844,0.24813278301271485,1.9484044318898979,True
6.823753108016207,10055.220966655637,3311.9439186555364,0.24776711793949252,1.69070164110383,True
7.338875529944891,9955.10706475796,3278.8776286053726,0.24776193297621737,1.818293987171008,True
6.357667707944816,10099.21310770619,3267.4492493529697,0.24444765357803588,1.5541169534359598,True
6.28734097112965,9902.611843345301,3290.1333589411383,0.24938959318117687,1.567997406981369,True
8.20810905803436,10012.324175954069,3313.181668348287,0.2486345889649599,2.0408198218239373,True
7.857357524773883,9936.148836272961,3281.3247290678555,0.24825657587636307,1.95064067453674,True
7.967447563802095,9915.480137094395,3277.775100765097,0.2484432417678968,1.9794585013667243,True
7.154505152367636,10036.756432503367,3281.3680512611627,0.24638364472875418,1.762753055670989,True
6.959924205599073,10007.679059253027,3286.846348975489,0.24723307136192527,1.7207234377964666,True
7.739733514463243,9937.29970865379,3313.4768713314224,0.25005907022357476,1.9353905664049191,True
6.181521715903117,9951.60954227421,3294.8432773917266,0.2487340061710815,1.5375546606301203,True
7.836402727511981,9912.734957537308,3290.607306002402,0.24922532797541946,1.9530300399116451,True
6.915333023965528,9971.296668512558,3327.2683593803026,0.2501975478107282,1.730199364890723,True
7.762339825643879,10088.445206223047,3310.1495343582706,0.24705199302226638,1.9177015244414322,True
6.595611419026038,10021.29135579937,3324.8306845659095,0.2491233539233326,1.6431208378827975,True
8.341615924685755,9973.982466752603,3294.5429510386693,0.248297595045576,2.0712031728933513,True
6.559159498850043,9939.54987869593,3326.5282233384823,0.2507544579304372,1.6447384846134208,True
8.38760343456298,9999.648720463463,3305.5048843481236,0.24843793484298768,2.0837988755647774,True
8.377034180834897,9907.459889871207,3316.4567106043874,0.2507923190082061,2.100895828622592,True
8.278371239911529,9940.337950536394,3294.335534290623,0.24891702376091385,2.0606275306267237,True
8.158673546358887,9901.034281237395,3298.3437079885166,0.2498862984817022,2.0387407330202048,True
8.281462759209735,9948.684877600112,3286.4192560935503,0.248310797021011,2.0563766182391903,True
6.219087725884125,10033.007970259656,3320.646155995762,0.24866947463217884,1.5464972774870374,True
7.232865621805006,10084.145847616717,3308.1112511072697,0.24701670724514885,1.7866386498449087,True
6.794182531448954,10007.779398295397,3277.8867025671448,0.24672354985305067,1.676284832508672,True
7.808931945722476,10062.231839623146,3316.029979926608,0.24786702672247515,1.935576743264383,True
7.163978647284375,10085.257147865166,3324.8870286536653,0.24793820147553253,1.7762239812168064,True
7.338666324741372,9961.560402781784,3322.950431304196,0.25013720661644717,1.8356734947609956,True
6.003705907579746,9928.177205435682,3308.8175317915693,0.24996742821737092,1.5007309254911458,True
7.699384229369719,9998.860767074772,3294.928045007835,0.24785470053602057,1.9083285724821912,True
8.247536265589998,9947.401020507532,3294.7185979309984,0.2488059836994209,2.052036373656768,True
7.898169221457273,10019.583833792118,3273.711978912503,0.2462678951132467,1.9450655094165132,True
6.24190177141823,9935.881820125143,3313.801960935438,0.2501042300852694,1.5611260368084356,True
7.5758732817099705,9969.158265152519,3288.38903473504,0.2480390196128457,1.879112181506493,True
7.733835014011747,9900.644665779912,3279.1979237186697,0.2488040279275767,1.9242093028134493,True
7.697433158293513,9955.02935487449,3303.2876691857246,0.24914833935492428,1.9178026886843587,True
8.188535858683853,10085.061836365983,3298.337307180283,0.246449894515087,2.018063798605643,True
7.489756085730766,10080.63622473227,3303.6709539764615,0.24683167457721092,1.8487090368157815,True
6.002142321722079,9955.663278829476,3319.595474612623,0.25005881514376477,1.5008885972940684,True
6.555849429654539,10034.490043829073,3326.752351462417,0.24898525549051986,1.6323098451999143,True
7.787917377575591,10091.757644070203,3310.0259156488755,0.24698398544486408,1.923490872228934,True
7.331221240254431,10072.351853629198,3279.01969875056,0.24559422122936167,1.8005055711604419,True
7.162133111610085,9929.22861439212,3286.0547915748875,0.24865564291199066,1.7809048134886618,True
7.589836436489395,9980.092836828082,3322.188081870239,0.24974574677643535,1.895529368742043,True
7.330288429279795,10097.314516294964,3311.698827128821,0.24697557846439055,1.8104022251322063,True
7.035694951239412,10035.058359616414,3290.04175098102,0.2469055934795157,1.7371524374765994,True
7.158966535392366,9903.995143779239,3267.2319979525805,0.24805828362041205,1.7758409512653983,True
8.32634747588424,9933.61518533326,3308.9485517446265,0.24987220129285792,2.0805227725284263,True
6.0074697533417645,9913.40575148995,3332.0172608528064,0.25155989791702865,1.5112384778902916,True
7.276105959252412,9923.383673664548,3310.501431997376,0.2501534058642406,1.8201426871360884,True
7.652547430686257,9927.78741615429,3270.696727776868,0.24780851286477312,1.8963663984255017,True
7.973212293621498,9914.972815557483,3308.501158988802,0.2501990902963396,1.9948904626036899,True
6.22024691066426,9972.286620820176,3280.7848489512558,0.24754901959400943,1.5398160243676036,True
6.189974496500133,9933.375802829545,3326.1979841274615,0.2508525566183228,1.5527709278492736,True
8.39631995395081,10087.687826171548,3301.4034131043677,0.24657412173127502,2.0703152184202005,True
6.479192343567043,9925.059322044397,3287.9821237347433,0.24884370015997168,1.6123061968213814,True
7.542889586550428,10044.574168601177,3279.5582559645914,0.24613672031043865,1.856582104497283,True
8.303175496662991,9949.04570695202,3287.208209757108,0.24834883271674138,2.062083942438503,True
8.068094203517557,9970.651534787832,3297.1255032105564,0.24850624891929668,2.004971826443669,True
8.143051101676328,10025.954301566102,3307.108427581598,0.24803816608106521,2.019787461564194,True
6.744657368140224,10052.742106634547,3319.4683134165034,0.24823632063395473,1.674268929003822,True
7.152624118683598,9969.876637148624,3271.6153520488465,0.24707301524011496,1.7672204078823266,True
8.373112504734397,9937.34048408397,3270.4328637349845,0.24761424788342862,2.073301955303139,True
6.030146444989462,9973.746320859243,3331.1353913697476,0.25036941052305506,1.5097642107997078,True
6.037524777948348,9934.830370501482,3284.0222031431185,0.24843474006894634,1.4999308988694207,True
6.461588029466761,10044.194507031585,3268.986794439344,0.24554512707478598,1.586611453800332,True
8.087588264855416,10047.10597722561,3330.110215354828,0.2489389546684493,2.013315768441925,True
8.260492495314136,10051.020375093576,3310.75552094196,0.24777810574747533,2.046769183030172,True
7.763827610201312,10021.508834360564,3325.199028597906,0.2491400173541247,1.9342801455399872,True
8.215288747870547,9963.762829051584,3331.627438793475,0.2505851555821589,2.0586294090375,True
6.387455209664786,10057.490930976948,3283.7233718655184,0.24613376993471212,1.5721684310439108,True
7.151770985275368,10076.089661332717,3303.081803512802,0.24688238821004904,1.7656463007761183,True
6.540806791604361,10045.762313958588,3290.142605659764,0.24671311212032257,1.613702799334454,True
6.93651270964476,10085.551026742034,3322.4438607399015,0.24779572849045645,1.7188382200697334,True
6.6956341144823215,10046.695388396603,3319.5346285517007,0.24835234949140855,1.6628764636665114,True
6.2994394961884534,9930.417586638534,3274.691744413298,0.2479867195580771,1.5621773357143605,True
7.410103404311335,10097.240242991362,3321.5346886436437,0.24752890674193107,1.8342147945138463,True
7.751586101961779,9930.663501791816,3281.092631033658,0.24834644221759197,1.92507882996554,True
6.53906812183855,9988.24209835175,3318.2444380388893,0.24937044267576866,1.6306503122298865,True
6.14164966214671,9954.067525530396,3298.191353623292,0.2488776731347645,1.5285194771239856,True
8.360415274495892,10047.192213366028,3294.8757986081364,0.246953905170553,2.0646372008843015,True
7.455440742092836,9911.728442376727,3325.8192786696386,0.2512413438466342,1.8731149510123521,True
7.9597400270097385,10057.174267220507,3277.483780721111,0.24578686374541373,1.9563995374675585,True
6.469049703376832,9988.609782612884,3305.230168526179,0.24862870176520932,1.6083914294051942,True
6.59637053296515,9923.176750432289,3283.895127116409,0.24864672181415562,1.640165908893279,True
6.08601347341578,9917.010817437658,3290.6418145592606,0.24914660509675554,1.5163095954746548,True
7.366829535189477,9985.117380751217,3327.0432642852597,0.24992511381131574,1.8411557100107923,True
7.733624901595875,9974.913727111747,3285.5576444026265,0.24777080334116425,1.9161664546076422,True
6.958767735307887,9957.939326660775,3279.938128436169,0.24776918653022456,1.7241682210300082,True
7.3938858348166026,10032.831867031919,3294.859439114654,0.24721906918680686,1.827909573756877,True
8.111895330418388,10085.31931608055,3317.5622714696265,0.24752604503730619,2.007905368895056,True
7.863808744102785,10093.517866011667,3301.3394007397,0.24646320113722037,1.938139476202437,True
6.770281905851579,9941.093826791066,3294.0862087607406,0.24888865885558786,1.685046383621653,True
7.862362641109115,10069.720699893192,3302.6431029288715,0.24697526567680514,1.941809102135311,True
7.519232230880995,9996.026491819624,3329.678395645261,0.24986883799125667,1.878821820116639,True
7.029165209722371,9971.522267950815,3285.5306479168457,0.24783265698399085,1.7420566903049264,True
8.203760260075498,10092.107125438235,3321.252203389771,0.24760778578798914,2.031314913132792,True
7.263989031262014,10011.552919538264,3312.2582791017126,0.2485969089264647,1.8058052196474814,True
7.652311719249434,9908.145749001184,3278.3195627830246,0.24861245870440532,1.902460031295137,True
8.126631729047247,10075.02730398231,3325.9995903893036,0.24818990489349832,2.0169479559367223,True
6.97225151146972,9916.161897500955,3301.133693240132,0.24975863410005186,1.7413800141066993,True
6.2220421188102275,9955.048909676809,3322.8042965992718,0.25025162162725767,1.5570761300653577,True
7.9602216279318885,10062.777183682021,3295.562707145769,0.24670451074602423,1.963822582148857,True
8.288170811608513,9946.319142633209,3297.0408060435407,0.24895803019935092,2.063406679213811,True
7.18373760115041,10026.62560276075,3301.1227201174815,0.24768795449497039,1.7793252720575505,True
7.582124822213059,10094.809147734797,3332.2615324203052,0.24817487088567353,1.881692848791786,True
7.7366430514874125,9914.218118370001,3308.795130098032,0.25023003969850643,1.9359404979068693,True
6.317818787477273,9923.758214380468,3290.982020356996,0.24903872205569522,1.5733815170128018,True
6.5935529129247525,9904.98603920337,3317.6880628130793,0.25090900957069906,1.6543818309339473,True
6.612154827817751,10047.677965687142,3283.7402457951885,0.24631589780649954,1.6286788528495095,True
6.315081225612179,10004.144768618678,3318.2700734059576,0.2490742191076879,1.572923924870974,True
7.8287925842147095,9980.71038415771,3295.320278143643,0.24821577789067947,1.9432298412356368,True
6.7253837956199245,9938.061358238212,3298.212177969599,0.24917981401240638,1.6758298833546246,True
6.300569874006269,10005.66175131699,3284.3050710412117,0.2471266568939739,1.5570387694900556,True
6.206667786834069,10012.588816640158,3310.046147288368,0.24845281404545178,1.5420640774841807,True
7.505180726327376,10096.212527216632,3324.453472165426,0.2477115124032218,1.859119668578065,True
6.742787736596605,9945.350149821845,3311.3987262207775,0.24978965485309015,1.6842786214721148,True
7.689080953574848,9906.285567220113,3280.2707938285494,0.24875871334520921,1.9127258848184336,True
8.175212105393616,10077.745131813112,3305.014004307578,0.2469605834410627,2.0189551513024457,True
7.367693325560929,9960.699534585576,3312.8934818949538,0.24958528393794027,1.838867830627792,True
7.754078007112268,10058.524940754627,3316.831335978891,0.24798078401459342,1.9228623435140162,True
6.154344412750098,10014.68404826026,3332.98505599614,0.24970540024349974,1.5367730348221096,True
6.997057944278738,10022.751647202838,3316.1275784637864,0.24860616265892158,1.7395117254292594,True
6.646824196063708,10084.540680064047,3306.6791142806837,0.24692889557955977,1.6412929578455067,True
6.071122456984644,9988.451524756767,3310.229753962618,0.24891413551354627,1.5111881979772097,True
7.3192989225532985,10007.294950731673,3317.659663208451,0.2489809353449974,1.822365891806952,True
7.148425974937787,9985.949479180501,3304.3192673840094,0.24862697138747963,1.7772915003363734,True
6.069848780223153,10097.357332054442,3298.161913650307,0.2462138162137953,1.4944806320193929,True
7.436449960492586,9941.538082841267,3311.4450846132763,0.2498641281568378,1.8581020859604311,True
6.148253481968247,10033.350242416464,3296.028054161262,0.24727545282494584,1.5203121638362482,True
6.244996610361981,10054.188542837728,3329.691150551576,0.2487837029942976,1.5536533819126903,True
8.169312467244755,9901.135645444681,3332.678068837195,0.2518305109010703,2.0572821323367294,True
6.423035411322466,9950.964364646037,3284.210238073201,0.24814256983043065,1.593828513077414,True
8.257022659808026,9993.52048753529,3274.5524680191706,0.24679940176605172,2.037828252809354,True
6.703286024747148,10074.327714707104,3315.7714462762306,0.2476285953085301,1.659925302259437,True
8.196673886289013,10030.986201067131,3308.7676768056294,0.2480381352682997,2.033087706157494,True
6.643563953690152,10072.76337588825,3310.877607471234,0.247382428413001,1.643500984180948,True
6.928565588349709,9954.30313083948,3290.4818758459623,0.24843603532900363,1.721305365286567,True
8.139972123305688,10049.902131889952,3313.4118422505326,0.24794836435500633,2.018292773868993,True
6.237332048591204,10042.641351115688,3281.664326037767,0.24629158213209404,1.536202378530743,True
6.345408130655581,9921.900658459006,3308.968032302443,0.2500945410041711,1.586951933920443,True
7.015323422733829,10011.410125835138,3313.2781063082416,0.24865708289636093,1.7444098578715082,True
6.520334576944498,10079.59019809185,3300.898447158858,0.2466949103783653,1.6085333540962792,True
7.994668439493881,10098.75345602486,3318.687782000458,0.24734133156441374,1.9774119372404102,True
6.136606570627428,10061.356946491322,3317.040189865197,0.2479400301887407,1.5215104183777892,True
6.7544845040034955,9912.005443851778,3297.82596502979,0.24964936061277151,1.6862527376933458,True
7.553073753232224,9955.189244810932,3299.950237809364,0.24895628160957117,1.8803851563275422,True
8.206051535859665,9908.585123475776,3267.657352647825,0.24799614598540368,2.0350691546507993,True
8.317916583780457,10091.573673950403,3283.3273929146644,0.2454842377151311,2.041917411947393,True
6.8712115341622475,10007.72410277113,3332.3117462062687,0.24979781043554783,1.7164135962732108,True
7.0062398590389945,10086.096939845396,3281.6532646959436,0.2454903191997924,1.7199640593857912,True
6.281878169041635,9946.53510596009,3300.311928640672,0.24913943069020555,1.5650635507002637,True
7.679357644334211,9943.39619776537,3271.8235446726812,0.24757995768816995,1.9012550406565885,True
6.178147606494198,10071.437670395253,3316.173474448386,0.2477046456287043,1.530355863508473,True
7.08920045233372,9964.166543484953,3315.9947099627752,0.2496953648888784,1.7701404937158698,True
6.935117297896251,10060.751200535582,3309.965659355688,0.24755334317823585,1.7168114724274304,True
6.386683516842446,10016.582070911041,3283.2182690187865,0.24686222237198707,1.5766308865542642,True
6.663286654954706,10094.73074668976,3323.91820787105,0.2477088579578123,1.6505551275443615,True
7.344431417950931,10046.32097101694,3320.2797063231023,0.24840120435047208,1.8243656094884566,True
7.273364841094905,10001.87967967953,3330.8496750189847,0.24982504230052327,1.8170686790936732,True
7.530941006662832,9954.969893314963,3327.8753912045836,0.25053934755101354,1.8867970462544792,True
7.6542217554413465,10003.2317728838,3304.386810663438,0.24830789896163605,1.9006037222800864,True
7.886748186971852,9906.84102453619,3289.199439219404,0.249256543904481,1.9658235957295354,True
8.09447902485025,9977.503128313498,3302.70128801831,0.24869355805673404,2.0130447893056114,True
7.405109919928965,10076.545219528274,3284.0191427838386,0.2457994328478743,1.8201718184947075,True
8.142685200068186,10039.983174905552,3324.3361363086233,0.24874713473204202,2.025469612541966,True
7.05426402526826,10031.938180678237,3287.2478712742595,0.2468054623197018,1.7410308940815735,True
6.039951098363267,10043.35414258293,3299.570169200757,0.24728988129586935,1.493618790147108,True
6.7140746737226245,10056.978487953666,3298.2109226428215,0.2469609992970899,1.658114590777822,True
6.681688058267067,9917.907256862492,3320.7821313287254,0.25083919064456867,1.6760292246751907,True
6.418178830798754,9925.17197053446,3294.254974640056,0.24919801654810436,1.599397434486081,True
6.7174740674327476,10037.375155960866,3321.324174714978,0.2486263140220662,1.6701408169246206,True
7.048621927085684,9905.856154822848,3274.485790353726,0.24843708941497106,1.7511391159517116,True
6.056829762721443,9966.072667282617,3332.0391251066094,0.25056483034031957,1.5176285218964964,True
6.174841054693123,10066.126010468854,3285.033140159754,0.24604853429562226,1.5193105910156772,True
8.259666569251255,9963.88328141665,3316.68989127894,0.2497399658998109,2.0627688473486168,True
6.970522374299593,10000.09366442337,3303.461217037112,0.24831417214963628,1.7308794928247204,True
6.075093254596251,10060.177440233581,3291.572856109282,0.24652744269871993,1.4976772042118571,True
6.811616277073754,10016.292202132716,3279.223771376575,0.24664133215365833,1.6800261126970133,True
6.312948101355182,9917.341917590535,3298.9486559693805,0.2496122976116423,1.5757894802823218,True
6.858923119986997,10058.344900186741,3271.5353542893395,0.24542871292416757,1.6833766733842244,True
6.700607234584549,9943.8308479143,3311.3679165159956,0.24981654182371796,1.6739225274628982,True
8.306864560250556,9956.686154515706,3301.1343032318337,0.24899524878561263,2.0683698078079757,True
8.183091947718086,10012.34014580144,3313.8806470827026,0.24867370116306564,2.0349197615967363,True
6.082028686694047,10018.577195480198,3269.1606337333333,0.2460283816366376,1.4963516748549406,True
7.959448762548737,9987.53022151423,3288.9172289330377,0.24772569930386296,1.9717600107756525,True
7.134094037992973,10052.411234896748,3300.6175650853697,0.24718119121332158,1.7634138625389586,True
6.896071728440566,10048.527274890208,3271.827390783149,0.24562614681834788,1.6938555268398003,True
7.583257288970113,10010.778169951309,3275.386853883369,0.246526130603338,1.869471076819361,True
6.199172664335536,10051.87939317162,3328.5242009586136,0.2487611212578657,1.5421131428512187,True
8.119463164269945,9983.29312203298,3296.856829459013,0.2482544882024182,2.015693172324222,True
8.180414870032365,10050.089342984038,3279.1742515668607,0.24601315956474978,2.012489708727124,True
8.092038680446917,9965.406348802173,3289.0447065270373,0.24814642966331021,2.0080105072503067,True
6.957250432783433,10005.93882658645,3292.7287702784747,0.24759839632766775,1.7226040500071504,True
6.67181431443916,10076.602290063664,3279.672995965075,0.24555296485957878,1.6382837859031139,True
8.264517455383752,9938.985697734934,3300.86891906374,0.24931307892728755,2.060452292650035,True
6.405170142760629,9963.342134680535,3273.9474243932373,0.2473276277430256,1.584175536699443,True
6.58736910840903,10088.598357268025,3304.0821393697593,0.2467080537163001,1.6251570118464709,True
8.228703591445818,9955.180899250921,3286.4045938873364,0.24818814903927777,2.042266713353795,True
6.6842190256093215,9945.906245087263,3308.1966279336607,0.2495979290056351,1.668367225812151,True
6.950421705400342,9940.823163407858,3307.2893131563296,0.24964230330976583,1.7351192835103322,True
6.27285967092877,9934.2708519163,3323.4693653689787,0.25068143672297033,1.5724894746700029,True
7.32888307754843,10091.14844249475,3268.273893699552,0.24464185736870603,1.7929515685295263,True
6.13346905190888,9912.421405719242,3267.545681770711,0.24791759039157021,1.5205948680905181,True
8.126373132450427,9986.89181007254,3312.4329233083586,0.24906775266523518,2.0240174934185755,True
6.81607896265571,9902.739330902052,3270.322757993513,0.24825835754241848,1.6921485681483381,True
6.0650819107386305,10053.159670060057,3324.883701517794,0.24853288400765935,1.507372299018557,True
7.284790416655457,10042.442182531217,3314.596272393132,0.2481535322054222,1.8077464732692607,True
6.173109175424458,10000.486644293847,3294.3261453082478,0.24779033728739286,1.5296368046903261,True
8.248293278913671,10060.126896469006,3277.895334086094,0.2457557258059597,2.0270653014198485,True
7.485475242377506,10053.20975074709,3269.755725856181,0.24542251735158102,1.8371041775572234,True
8.184559483353429,10005.977460833978,3303.101148440402,0.24818405882272337,2.0312771922546657,True
6.3548242560577695,9987.237502229953,3288.486560670835,0.24770675746873652,1.5741329107517459,True
6.931747958812791,10098.670738005714,3293.969979015506,0.24595373299524664,1.704889286652187,True
8.244852542993478,10082.339769090027,3317.603554834935,0.24758340200674664,2.0412886416383014,True
6.551035938013399,10096.146512136496,3291.023197277312,0.2458341284015453,1.6104682099487238,True
7.9670759317834,10052.850461437247,3306.8587329242882,0.24752475408072117,1.9720485107571186,True
8.374177108597024,9951.161948881347,3301.9078286436793,0.24914286909159405,2.086366511117012,True
7.446448387816675,9971.947940366983,3310.522537695981,0.24923996956466551,1.8559525695442807,True
8.335647241265223,10017.89003941288,3285.7234727690934,0.24697977506339855,2.0587362806555234,True
8.1721124242647,9909.63269121065,3313.566460683254,0.25058735201826443,2.0478280127920505,True
7.341739243713782,10042.309880859399,3309.0586732059865,0.24784415618565217,1.8196071677933305,True
6.479877501907963,10042.41708508526,3325.2301711751165,0.24875208833909307,1.6118830607811114,True
7.383131044551251,10044.931986137875,3298.5810006008564,0.24720484057527475,1.8251457328146539,True
6.358951434599355,9970.61427944986,3312.6674761393224,0.2493862237579548,1.5858348853349624,True
6.460832870031636,9987.632375367368,3294.069466090126,0.24801561617713927,1.6023874452784113,True
7.618818842408461,9910.10708508539,3287.283245651541,0.2490858543446583,1.8977400004584921,True
7.688911244700199,10022.62798815842,3272.2119606794727,0.24612646510013067,1.8924445451267058,True
8.05368133639025,9950.595596032303,3331.4328932367425,0.25082259806386564,2.020045276771868,True
6.180093516471428,9927.958813119718,3331.682189150583,0.25126488632536403,1.5528404948963126,True
6.075648262398196,10087.027999414857,3272.8655785842284,0.2449769198741182,1.4883935975608484,True
7.1730649436518,9984.064353489255,3313.9150867551916,0.2492044074550227,1.7875593989191427,True
6.11281753639181,10075.52286654198,3332.514077397749,0.2485460094815748,1.5193164053591754,True
6.985266337610806,10002.265485842594,3270.0540545863823,0.24638150435011982,1.7210404285468024,True
6.866916512242646,9909.255542390632,3332.7589514799465,0.2516806602970117,1.7282700820056818,True
6.077957735360647,10092.125731801425,3319.7976653050728,0.24752584450499393,1.5044516213108046,True
6.031354331267238,10081.380747940482,3303.821586836421,0.2468264210136415,1.4886976034518173,True
6.846888006830206,9980.745319828513,3301.6148281505675,0.24857139780635373,1.7019405224813435,True
7.9258851857442405,9900.813675241914,3318.3841223927834,0.25102764730447863,1.9896163109827973,True
7.429520390494858,9930.672775733066,3297.765450035286,0.24929363495166043,1.8521321440939427,True
7.12685660540517,9947.39464265784,3281.751809561765,0.24806980718027716,1.7679579439043451,True
7.121059133676146,9941.191462889998,3328.4355571373403,0.2508311312830316,1.7861833184333527,True
8.127642706160822,10001.979039700756,3320.5566015400223,0.2492435892804837,2.025762840472867,True
7.797261875973665,9923.799278120046,3291.8639944809593,0.24908806516777116,1.9422048742927058,True
8.175570254850998,9917.88932628122,3324.3810588278225,0.2510431340056381,2.052420779061068,True
6.89208710451477,9919.344134475827,3312.9671824720303,0.2503695010733918,1.7255684097117205,True
7.077971062409149,10046.456286743283,3313.2798065070665,0.24800488448128946,1.7553713956946906,True
6.459520376479934,10011.486169153488,3329.5311080437723,0.24957100638304958,1.6121090011099124,True
7.963991103831354,10059.135767613945,3296.1872945972577,0.24680700565932379,1.9655687974341094,True
7.379960157775903,10030.774459205142,3306.3726822130157,0.24790704092520377,1.829544084860124,True
7.390833323710714,10068.44493940713,3316.405945804324,0.2477730961850705,1.8312496560035991,True
8.228426443715096,10010.581507269068,3271.6724522895893,0.24631907071277687,2.0268183550443415,True
6.033040997110652,9919.717877123834,3326.4957167851985,0.25112804449377224,1.5150657879551557,True
8.236155534622823,9929.021907792941,3299.695479735374,0.249434271144551,2.0543794528118036,True
6.710901748627116,9965.806704478155,3330.8561973856276,0.25050316925149274,1.681102156566477,True
8.13492144663006,10073.144131156903,3269.1334382137798,0.24502064368070073,1.9932236891452344,True
6.93904499769325,10035.636332244267,3292.5929080783635,0.24703903637229616,1.7142149895741425,True
6.432392308921413,10043.630248471347,3291.704416314458,0.2468407804572582,1.5877767377414267,True
6.104331949627154,9983.387259207546,3315.10715613431,0.24928439660882398,1.5217147067627712,True
7.851592656834228,9936.713049840118,3327.8675146247256,0.25088373495502136,1.9698368910919906,True
6.547627091206572,10035.523771389599,3321.980627461683,0.2486977004287842,1.6283798008482837,True
7.015640411501472,10045.065836111453,3275.0831810438403,0.24587436498088672,1.7249661311121713,True
7.968664742031647,10013.58202336599,3287.4771989429078,0.24715905282408349,1.9695276299132114,True
6.37089604880605,10082.625206810875,3289.518465648899,0.24599784045274173,1.5672266697551933,True
7.322070232505722,9960.575275386283,3316.768311220353,0.24980661904133475,1.8291016091654544,True
7.835388872776205,10063.371859035835,3279.213019611834,0.24577044474040455,1.925707007976225,True
8.179647173868494,10087.783046703704,3274.6447108349353,0.24506360447767356,2.0045338197838287,True
7.865562563975787,9982.589353477697,3281.4267742542042,0.24739315322404665,1.945886324582987,True
7.365868112460335,9927.667103357931,3284.4637174532945,0.24859455011448547,1.8311146696197114,True
7.393126461494684,10009.53805599422,3285.4132392115666,0.24711735803020957,1.8269698787477981,True
7.311216186532705,10033.360702295533,3330.277172372188,0.24920438608151024,1.8219871412740831,True
7.922592727627421,10014.000383409262,3314.0859743185197,0.248654299302088,1.9699867433440146,True
6.9453250318154485,10017.994051102878,3309.7133159888967,0.24833328229888244,1.7247553617833205,True
7.819719745144071,9967.493133672626,3286.168630667551,0.24794420508822682,1.9388541962224584,True
6.9809447726119975,10009.148930731011,3330.0783873238324,0.24964552353167574,1.7427616125044372,True
7.279377075122687,10060.047755117615,3283.2752538990444,0.24606128860707288,1.7911729033614736,True
7.537822741735964,9990.56034144129,3289.425496250575,0.24769796718565593,1.8671033701338058,True
8.318242072184352,10087.607627710147,3302.3020125343546,0.24662616113621913,2.0514961096646154,True
7.339069961356872,9983.03716166525,3321.5211488415835,0.24965286868775813,1.8322198693528973,True
7.944153139243809,10030.951540219483,3295.992405643166,0.24731794618723574,1.9647316385946603,True
7.268926880873326,9910.191362183266,3314.917686293708,0.2506533348150698,1.8219807632178027,True
7.6658691862141755,9985.08280456067,3273.814062149159,0.2469145129538631,1.8928143564821,True
6.655465166769616,9957.083050520163,3327.10987153293,0.25045630480189685,1.6669032124068583,True
6.871398644114154,9911.413468836829,3308.0265877492225,0.2502395391627146,1.7194956301064277,True
6.967693693228933,9912.297846481946,3329.7624236404304,0.25145350162415914,1.7520509774069848,True
8.15303988130317,10049.493049012122,3293.328033383036,0.24682396721397493,2.0123656483570036,True
6.536177273784086,10010.111757551485,3303.7542777413128,0.24814387263501234,1.6219123409457405,True
6.44129519211787,10065.628211634803,3320.0815749438884,0.24803179120712746,1.5976459841948536,True
7.038621909257088,10097.808343944467,3309.840562854015,0.24686211474225933,1.7375690893904039,True
8.096940838709997,10055.565255471187,3278.012299786304,0.24584641940255328,1.9906039133111595,True
7.595459081231669,10044.370364357643,3270.497543241442,0.24562748695200334,1.8656535263697072,True
7.135065655822781,10070.71517821506,3311.883546075022,0.24747686262637383,1.7657636631362124,True
8.052375859547872,10033.082924116852,3284.608633480168,0.2466349831932004,1.9859975847849223,True
8.137338039306623,10010.917274384401,3322.570146176032,0.24918988118986637,2.0277422992165977,True
7.872660695615053,9934.212243372958,3323.695898788862,0.2506953482517419,1.9736394147550163,True
6.145022428876748,9905.093489292785,3326.279524461447,0.25139337550258195,1.5448179309344006,True
7.835864129342651,9970.473986482964,3282.110380887886,0.2476581389641073,1.9406155274486059,True
7.612893591870424,10002.435595893077,3287.737061808648,0.24738106467739432,1.8832857220326182,True
7.036846231937828,9992.145134047774,3272.7644750254017,0.24672346600740017,1.7361550921048146,True
7.745947261648815,10003.942721852984,3277.751959526854,0.2467871787567946,1.9116004715012296,True
6.917630705706003,10009.882724117317,3301.7234773590426,0.24803343994602667,1.71580374021252,True
6.454971773995702,10040.635327568243,3276.9085711556245,0.24605952839919898,1.5883073105395231,True
7.497288909444096,10098.20684129974,3324.1027829662653,0.24765505162812415,1.8567414719393402,True
7.565193707117003,9987.85784187728,3285.0694933428963,0.24750150515974345,1.8723968293364777,True
6.59175006258496,10043.714259246575,3326.4997907586753,0.2487992920919145,1.640022749217971,True
7.853413434442946,10021.654276787393,3327.910450400919,0.24928980969867506,1.9577759405573003,True
6.973371039978391,9949.066705516767,3267.603413393444,0.24723348498486064,1.7240508243063595,True
6.112476043695893,10067.480927245511,3268.7784842072533,0.24510459667574613,1.4981959753802423,True
8.287811815797284,10031.062590552545,3324.0643684975335,0.2488979984009053,2.0628197720753163,True
8.173107755222011,10029.630287209564,3327.1583212815444,0.2490986732519238,2.0359102981708124,True
8.354871989140216,10079.666984953683,3280.859303027909,0.24556362768278017,2.051652674478517,True
6.799541293983389,9970.663188654122,3269.2962118247297,0.24692645293961313,1.6789866133397455,True
7.365568113868833,10020.179763047285,3309.3212612686525,0.24827045327741254,1.8286529342758717,True
7.7857972564471805,9968.05944709466,3308.879626216253,0.2492200655546962,1.94037690264734,True
8.394036241550873,9928.862043722234,3292.4096909069963,0.2490236761629744,2.0903137627162356,True
6.207300362359542,10000.574624687097,3318.2289770368343,0.24913866712527663,1.546478538724503,True
7.285397087147828,10072.066754732215,3272.400062560145,0.24522523884728176,1.786563240793117,True
7.8542959096892035,9954.676815035964,3268.1146456866595,0.2471576940008746,1.9412496650392852,True
7.902216329024042,9904.984558296017,3323.092276292486,0.2512150721413511,1.9851558451723372,True
7.55933167521927,9957.323257050924,3278.560553874347,0.2477024277871139,1.872464808399844,True
8.172347184853741,9928.020999637449,3320.512199291788,0.25063243979040306,2.0482553137541255,True
7.171863456854848,10094.601575593773,3301.142711440231,0.2464321982195099,1.7673780770029135,True
7.342271103197406,9947.797029139774,3322.886353101135,0.25039300971854145,1.8384533596990742,True
6.469527696931021,9904.44326402584,3287.240794448577,0.24919038235583227,1.6121440804598879,True
7.108840681998249,10059.275244128223,3303.609944918131,0.24722280392157542,1.7574675260353716,True
6.240897133482637,10055.718058656379,3326.9671755017343,0.24860236322453033,1.5515017760249807,True
7.726704285464441,9927.82535977484,3271.7191844448093,0.24786606639981087,1.9151877974726323,True
6.530627232985543,9930.377779604203,3300.047726804154,0.24942869185920935,1.6289258077437119,True
6.200795897098589,9952.737695755657,3290.1166949851363,0.24844467800578832,1.540554740034272,True
6.883671314378704,10060.867252739963,3294.8918262277984,0.2467019513264875,1.6982151455473933,True
7.597688275352666,9986.942793251175,3327.3109297167025,0.24990592780854803,1.898707337652135,True
6.899130353390424,9984.968264921235,3284.9120498058323,0.2475464715503273,1.707855375747562,True
6.212071940439112,10083.79942521983,3320.4631343368037,0.24771695716818554,1.5388355587954428,True
7.650669326248758,9992.317468229945,3307.6648240696954,0.24869693443011207,1.9026980077765572,True
6.558094243735085,10099.588967610065,3288.603215544561,0.2456345987983626,1.610894848441719,True
6.633639796489133,10072.505164727334,3310.693253021085,0.24737683397344967,1.6410088105757608,True
6.935488373861207,10023.366276906103,3290.632139290394,0.24715581573806827,1.7141462865835553,True
6.198524718660744,9953.700818806887,3283.5756347364586,0.2480552284497702,1.5375764651389385,True
7.344512839816755,10094.22476315806,3306.9102340158797,0.24676344464205816,1.812357287571007,True
6.976356919073697,9998.319012247297,3321.0944550957183,0.2493423950865771,1.7395015431806495,True
6.0320781888136406,9967.207595990374,3318.538047792695,0.24978184414854965,1.5067036140501144,True
6.580467452815779,10074.022957354668,3309.6230462129565,0.2472885972425394,1.6272745656070005,True
6.43135263332951,9977.550859310904,3279.3360077138896,0.24736848406475553,1.5909139513925945,True
6.607232602782075,10009.339594964582,3332.405559198882,0.2497728386124181,1.6503072425693943,True
7.394657946472296,9997.530121498441,3311.9333534656944,0.24884048554591484,1.8400902738461236,True
6.415151182458659,9997.55172154053,3284.2174076177416,0.24727258663213023,1.5862910265227212,True
6.887637089905546,10048.61879099269,3327.685403725063,0.24877465070203414,1.7134695112036271,True
6.591419792338565,10065.897832552748,3299.865365191114,0.24688940813706253,1.6273517313133878,True
7.770187599962211,10086.923748937419,3295.775614667657,0.24627136313251455,1.9135746920380554,True
7.726707839750816,9910.288937721813,3330.0046457360154,0.2515053480306857,1.9433083443679566,True
6.208069937814731,9994.591809716205,3332.309448179906,0.2500438311723464,1.5522895914370656,True
6.4994583589342465,10062.971367274517,3280.895475031504,0.24587291778344184,1.5980407907231438,True
7.2935393468561545,10042.247655986954,3289.8392121398097,0.24676100933642142,1.7997611308651285,True
6.629079624008545,9970.278903164435,3282.4652930110847,0.24768193246786877,1.6419032517578094,True
6.16948579419289,10023.02374271341,3323.139215885055,0.24899585193091564,1.5361763713007404,True
8.151985584416352,9982.16322891492,3325.7222302340606,0.24990613576010864,2.0372312161736015,True
6.261638793423662,10098.644827425042,3332.5760565657424,0.2481216030433968,1.5536478551030002,True
8.14058698751221,9910.92322404177,3325.807343212949,0.2512559522394749,2.0453709353356584,True
6.123618517860848,10017.201564391642,3324.0245691701775,0.24915435327253047,1.5257262115053112,True
8.039089722686196,9985.57646367655,3287.234493537761,0.2476667907148196,1.9910155518861792,True
7.848205219749221,9978.085216012134,3283.706213831363,0.247606534245586,1.9432668945102223,True
7.9250783571218495,9977.970262518182,3300.6790222456234,0.2485703893115763,1.9699398125545255,True
8.355457104545618,10068.670316719477,3309.7845950226533,0.24739662516018124,2.0671118893352456,True
6.117838680281233,9940.333199260154,3282.0202340917886,0.24821755450986896,1.5185549561052918,True
6.33088814072496,9911.363425216416,3324.9779921757736,0.2512006820711684,1.5903234190663813,True
6.29174116937481,9937.071933765399,3321.2992146912684,0.25050582590440473,1.576117818010982,True
8.025258304798864,9907.308944724351,3307.9988530728656,0.2503156872081524,2.0088480475886596,True
7.701714228463709,10055.141135604692,3319.362300683473,0.24818583482338977,1.911456375362445,True
7.544755906065177,10072.210394894024,3319.7185662051506,0.24788949940283111,1.8702657646710503,True
7.087403217915098,9969.399688943171,3290.713877646298,0.2481663419488101,1.758854930506215,True
6.185798733763775,9927.337536431129,3304.226424529261,0.24972304364611403,1.5447364871777682,True
8.16881231638028,10075.704535533452,3272.3934563800003,0.24515803362864752,2.0026499645652667,True
6.151330101485926,10080.69402511631,3293.002898902026,0.24622981346227427,1.5146408634337523,True
6.602369985761999,10066.406978743562,3311.2663058503263,0.2475218399647774,1.634230767004031,True
6.49665694587159,9953.610250974552,3308.409019647042,0.24946495342348993,1.6206882224102483,True
6.396123288174724,10084.504367081236,3305.9705635029745,0.2468897168054919,1.5791370672704694,True
6.62129509512651,10007.263888404372,3329.176273742766,0.24963005369243724,1.652874250109902,True
6.438740227509576,10085.736246346112,3269.5363082249733,0.2448123986137531,1.5762834391474816,True
7.408895002720417,10079.459601099456,3302.94819768243,0.24681269972830122,1.8286093776249457,True
6.390749559782285,10042.43803691236,3312.4362418909245,0.24803200484997368,1.5851104258068869,True
6.678083116484,9993.38034819825,3320.8751327771115,0.2494225184068523,1.6656643090437202,True
7.613941078593198,10037.39400959534,3316.090830735231,0.248331493268325,1.89078135770409,True
6.0120587199666,9913.368180767704,3331.260153203886,0.2515178281491996,1.5121399519514562,True
6.856283729786012,10067.003279515236,3268.7071715756715,0.24510933883603325,1.6805391718801015,True
7.666707612817086,9943.694991773573,3324.3770960531865,0.25055464532056987,1.9209292067058978,True
7.918697032767171,9915.838218427469,3321.4389030115703,0.2509155676458704,1.9869243609924445,True
6.844876152012953,10069.968750404481,3331.394998665112,0.24858626786370144,1.7015422166181537,True
7.800285139866505,9994.603337229119,3326.5801799644087,0.24972106837735722,1.9478955387754868,True
7.84337058122105,10065.075349587127,3275.1077329093105,0.24550695538853262,1.9256020313795654,True
6.633453349030886,9950.43079609691,3327.7389808520757,0.25061729415668854,1.6624581292487444,True
6.479949397476426,9901.27139620324,3329.80488001322,0.25166545868976026,1.6307794374023405,True
7.260218377143995,9977.061910458824,3302.918647960794,0.24871411772261337,1.8057188081448725,True
6.836371916673675,9980.032639554449,3302.5723785313057,0.2486389058497549,1.6997880333437345,True
7.673873098313617,10007.35619041553,3310.490467963689,0.24857550570165335,1.9075368861036208,True
7.909444596869361,9989.175570429848,3304.706534875666,0.24858852430749148,1.9661971604276163,True
6.3616832776601155,9965.726664331363,3308.7516241044477,0.24925662253611117,1.585691687434018,True
6.499725886061312,9980.775354795567,3326.297212238097,0.2499646105844883,1.624701450015234,True
8.307880337592024,9958.425050743785,3317.3484270209874,0.24987986067833437,2.0759719812897686,True
8.056533507251938,10011.000931465373,3270.5436785725906,0.24624723814884977,1.983899125214456,True
6.648202496746768,10010.427700368029,3284.3167513644084,0.24703872746771222,1.6423634847439887,True
7.508880021480902,10006.74043697397,3296.854486672133,0.24781681234237155,1.8608267111847154,True
7.342709960445703,9917.73608424828,3314.6134241417108,0.25049318883544264,1.8392988326858108,True
7.107093787144849,9980.548834494652,3282.188915987694,0.24747446400109405,1.758824225579177,True
6.4040176737111,10055.6055664256,3312.398193698737,0.247785552213813,1.586823055667523,True
7.447001943500851,9933.317894081107,3277.804912676764,0.24810948778706926,1.8476718377513055,True
8.227749538878856,10025.261211400635,3323.4495714099376,0.2489715767675195,2.0484757759429,True
6.798124505190186,10001.261019610716,3318.445442170582,0.24913803105889112,1.6936713541162816,True
7.848242842762474,10084.18196722269,3308.6944743342133,0.2470488314271032,1.9388992230605957,True
6.4626762628323995,10074.483041167761,3293.9327016754496,0.24639663854251825,1.5923817071504274,True
8.261221493296343,10073.116190710209,3273.9103398341144,0.24529136376119848,2.0264062864239847,True
6.145875134974618,10089.45721188643,3267.0591238627635,0.2446041349208972,1.5033064707223187,True
8.338516870344671,10085.922158184101,3271.2387426679497,0.2449052434832374,2.0421465044208444,True
6.446735661201584,9924.283812207545,3321.1329523314316,0.25073827508567853,1.6164433796230164,True
6.319241040430872,10085.442316290491,3289.173181103304,0.24592656003787466,1.5540692111233243,True
7.469891714600514,10037.481198433043,3311.033221631398,0.24804507209090718,1.8528698288593548,True
7.87952242153561,10079.602920399744,3285.6957667433094,0.2458378105611686,1.9370845403779517,True
7.485471996724185,10066.174982340954,3313.0273830730007,0.24762517918387844,1.8535913444647307,True
8.350445318911142,10089.16862013953,3287.193872902726,0.245746470657667,2.0520924655422497,True
6.164243860848413,10064.28292654283,3279.9528172712926,0.2457954790548236,1.515143272787991,True
7.512337978767517,9944.801668801905,3307.4584735176213,0.24957693540557987,1.874906290471745,True
8.122148691340154,9971.791020590095,3315.638656399013,0.24953198150436623,2.026735857023204,True
6.824628574748581,9999.613967165384,3315.110895667315,0.24898080357043348,1.6992015066106438,True
7.1867289921367075,10082.941094896012,3308.1702339400495,0.2470422471073274,1.7754256795688304,True
7.56644567823738,10038.097898411743,3297.380592555088,0.24726376296048644,1.8709078306370845,True
6.377702878513464,9953.930373056546,3293.496552001816,0.24861405695108646,1.5855865866558543,True
8.050680568727241,10090.477600853406,3313.25829241636,0.24718916567730947,1.990041012918214,True
8.046367859362915,9928.800410962138,3305.41224002258,0.24976266644594336,2.009682291759419,True
8.073052064382114,10087.287941969917,3306.5793074035964,0.24687263550101698,1.9930156396709384,True
6.089626606953436,9988.47405364912,3298.6472604121027,0.2482589857083097,1.5118045247845955,True
6.6755681818673684,9952.58908028932,3294.787395876447,0.2487124452003246,1.6602968856137184,True
7.924158930861052,10014.192945133369,3297.332676516363,0.24770509183061737,1.9628545156493435,True
6.0928592901046414,9962.133670576217,3324.4206280334024,0.2502093886284188,1.5244905979760641,True
6.143539904486305,10062.578185403576,3280.1242818895294,0.24583657545614018,1.5103068112970557,True
7.6644531795763395,9909.86212961954,3297.5339848988,0.24967328580945328,1.9136092092775363,True
6.313632872865208,10092.061933156107,3321.694581247448,0.24763343345919886,1.5634665859084769,True
8.200024866273303,9971.374430558162,3268.0361643374276,0.24684151465152143,2.0241065581710416,True
7.547821338308212,10055.244730650526,3327.8027164979926,0.24865806757690578,1.8768266683994548,True
6.901019351267143,10018.029498978536,3276.327469524858,0.2464449749083042,1.7007215408647527,True
6.86401629122811,9992.172099024905,3296.8442837921866,0.24808790875260403,1.702879447334587,True
7.682922184974712,10005.409246745463,3326.4574456676837,0.24951175423623856,1.9169793920335552,True
6.428902889523242,10045.900487382381,3298.438103744626,0.2471788377685382,1.5890887443591517,True
8.130648313263825,10005.045515602756,3330.3454611934444,0.24973736930460458,2.0305267204954283,True
7.050539213246911,9953.72651142574,3277.135527904139,0.24768873850869055,1.746339163535183,True
8.2061488624043,9924.315703492517,3288.1787779477627,0.24886888562691167,2.042255122675107,True
7.268742899812244,9902.277224419084,3295.8065263643653,0.2497185643460342,1.815140041541543,True
7.721260124417934,9943.558209333729,3322.222985835454,0.2504355331177377,1.933677895599335,True
7.845598169987564,9924.471912933122,3301.6919541930033,0.2496333772485172,1.9585231677087818,True
6.9135854735066715,10015.101583571164,3304.8335951221216,0.24811183769186576,1.7153423968715282,True
7.663699527920412,9984.07247932294,3297.2195873370047,0.2482604531839204,1.9025935178669182,True
6.881278075641632,9968.037692800437,3314.775477961378,0.24955372294612074,1.7172485624038867,True
6.187287809911214,9932.449601253596,3273.696033912486,0.24789186219445442,1.5337782971319383,True
7.323408479715033,9913.353404287533,3291.3233341257514,0.24925436641330814,1.8253915405972188,True
7.160810217741138,10018.17041479595,3277.6803889166467,0.24651904096287097,1.7652760673946726,True
6.039204131772694,10065.014779613257,3330.946316748479,0.24865303002806902,1.501666406323314,True
7.416455191378202,10049.68988947537,3312.2501769628816,0.24788692064877615,1.8384422395203723,True
7.9772689013862035,10052.771142708816,3272.419988300689,0.24558146717200394,1.9590694008280238,True
7.184864319008465,9998.880637100163,3267.328790182359,0.24628955302506828,1.7695570216743564,True
7.88574174131805,10016.572588940362,3288.0076900405984,0.2471335150072421,1.9488310749712596,True
7.170291533919322,9971.183750718232,3274.2764829279486,0.24719990284751422,1.77249537057321,True
6.528148946486544,10011.271603727106,3296.1508915271806,0.24769266119736252,1.6169745852480106,True
7.173107306476368,9999.019139030945,3323.1278104511503,0.24944386389465087,1.7892876026584168,True
7.994337423639843,9914.218600950073,3296.3364378740034,0.24952293285077773,1.994770520145344,True
7.821643953994425,10004.31847490357,3313.867743101507,0.24882275175139346,1.9462029718525422,True
7.5010775073131635,9924.65104922576,3299.5647385449997,0.24950929351866058,1.871588549478423,True
7.625936073881887,9920.066254545782,3303.2237425338044,0.24980347124379287,1.9049853027389565,True
6.895726435218096,9944.322647908248,3273.243848632784,0.2476434561149645,1.707681526840733,True
7.893046374189968,9951.007099777682,3325.6504091279585,0.2504885289763028,1.9771175754125856,True
7.660973788390093,10076.51631702704,3295.765505627053,0.24646246237823594,1.888142464101745,True
7.983195750049473,9932.510882336257,3278.2498013340796,0.24814996500438352,1.9810297459979198,True
7.528437428623837,10063.216077888203,3313.2096923333606,0.24769020882313628,1.8647202388077533,True
6.9988666635328665,9927.570350073504,3271.479088176911,0.24785717361556894,1.7347193097354834,True
7.00262822161971,9940.292859454345,3281.823898782982,0.24820714858219795,1.7381023834694558,True
8.147777974709491,10075.119955280034,3310.8872710657893,0.24733942056668165,2.0152666831706165,True
6.797891942973651,10085.26835071596,3294.0604473101,0.24620520932231624,1.6736764087703149,True
8.396607420981024,9966.155674610427,3324.6623752063924,0.2501473094240587,2.100388754648488,True
7.132798984973889,9938.263841505179,3294.615307225468,0.2489719183705763,1.7758666466406487,True
7.166037956255338,9979.72243791113,3296.514074429161,0.24830184904924252,1.7793404748952553,True
6.733238888764246,9965.898522992518,3283.075699221769,0.24779848191697001,1.6684863750200865,True
7.745597080703488,9915.956593910094,3276.1454872216627,0.24834142936988254,1.9235526503450937,True
6.1776701870155115,9901.484747090215,3269.983571035099,0.24826264559549985,1.5336847442449173,True
7.786399389989766,10033.067568886176,3328.783017283038,0.2491258973310662,1.9397937350092669,True
6.154225427781848,10082.709099997628,3315.9643611719284,0.24748452679154112,1.5230755677630603,True
6.938327679391931,9928.278666521199,3295.1353568865593,0.24918945675100188,1.7289581051881149,True
7.125230895885224,9990.167540133938,3331.47597423731,0.25007995227040486,1.7818774023585908,True
8.060665041207681,9997.903390415599,3276.0687949172516,0.2468039520632085,1.989403988427801,True
6.30778236693051,10064.058192148728,3322.0179932164037,0.24816966131182894,1.5654002136298715,True
8.046320677281148,10081.688615068131,3304.303114954788,0.24684783776936714,1.986216861185801,True
7.410196963403673,10025.906103229334,3269.6006780623097,0.24591771730454276,1.8222987220172857,True
6.6310892831772845,10028.629382615854,3301.273662614226,0.24765924038701398,1.6422505348101553,True
6.340341788281507,9913.675933875145,3331.7253480204627,0.25153827182075716,1.5948386161772594,True
7.289939721075631,10035.31765695248,3280.101938429707,0.24633860877859626,1.795793608969599,True
7.080217537838628,9926.461044800315,3309.3600719208694,0.25003058312264903,1.7702709196209985,True
8.071048970493356,10097.388508970233,3322.1988632110506,0.24756341391673095,1.9980964370244518,True
8.135317303115727,10054.745311124943,3275.0047147990517,0.2456913826913295,1.9987773568352007,True
7.407858752318914,9914.613231955593,3269.6772451813868,0.2479979677974609,1.8371339163057248,True
8.264122608154086,10057.14957191018,3326.458246955905,0.24854719982655143,2.054024533279995,True
7.664731384475206,10095.107812033513,3302.3454929617405,0.2464905394915956,1.889283774017458,True
6.304012625968149,10061.914977876559,3274.1943894101514,0.24551346267763105,1.5477199685649459,True
6.611770524523707,9967.090826911992,3310.304308166785,0.24931880647439544,1.6484387358568382,True
7.632650538112399,9974.378489058401,3328.7081177662812,0.25022073569442177,1.9098474329449087,True
7.405544230109167,10089.87590877259,3296.323028965553,0.24624787397060233,1.8235995222596435,True
6.635622407408196,9919.821877494152,3284.1677949096443,0.24872541378713142,1.6504479290177647,True
8.29244652000596,10044.846082385737,3324.3697536831155,0.24865854470793172,2.061987683733035,True
7.272289366159198,9910.443275324415,3321.424076297813,0.2510170324440719,1.8254684957678626,True
7.192224662565534,10091.119308927771,3312.3569318706755,0.24712670596515027,1.777390789421135,True
6.3454023004058975,9918.43214883444,3329.8222249447354,0.2513404506736442,1.5948562738895968,True
6.850095721296546,10001.272512604179,3296.4855914384084,0.2478978460614545,1.6981239746241994,True
6.300702025005134,9916.585075655898,3268.4952736800174,0.2478934664849911,1.5619028662675258,True
7.705754908413406,9945.78206377247,3330.595817557047,0.2508663015867334,1.9331142348074886,True
6.596234208441383,10037.045636010549,3328.1814643813814,0.2490179507899109,1.6425807255163833,True
6.709017384966661,10014.687557256897,3301.854869622575,0.24795136483459648,1.663510017301519,True
7.100902740462906,9918.58364120244,3328.9112593111718,0.2512860947908052,1.7843581191402502,True
7.238473720573965,9947.56671376276,3303.3159725022015,0.24929025867282129,1.8044809861983029,True
6.330685477799386,10014.414342408416,3280.4354257549558,0.24674482848316792,1.5620639024004914,True
7.767841774252004,10093.30022660464,3306.821125009936,0.24677546107532067,1.9169127354011752,True
6.7089376562968255,10069.658826409604,3319.3646014793608,0.24791685662191135,1.663258735021482,True
8.303195959323135,9916.225706460831,3294.1081610680385,0.24935843363996946,2.0704719386225405,True
8.074556188317299,10002.254513630573,3332.650176548833,0.2499193098097798,2.017987509604546,True
6.840975837843147,10043.596836464092,3313.0134041384695,0.2480429798024119,1.6968560315749157,True
6.244702789028128,9913.117014200288,3283.453971223338,0.2488111475966069,1.5537516673378204,True
7.685173742418457,9990.810282127424,3285.1723807978847,0.24745229518656287,1.901713881468954,True
6.711851969269629,10014.590499625738,3319.9003444101927,0.24897091184363238,1.6710559049485392,True
8.303673825667293,9975.40511427498,3277.7924930235135,0.24732087984702228,2.0536719165267243,True
6.960296273286085,9903.081760383655,3331.1733784762014,0.2517084145291146,1.7519651396017453,True
7.651040960374906,10041.985652459602,3272.9196300376607,0.24580870540175648,1.8806924734455672,True
7.385118722998764,10097.877297286017,3271.0335664465747,0.2446746485026159,1.8069513276998102,True
7.370796880874867,9964.105595691484,3322.4151325705247,0.25005907871000066,1.8431346773901156,True
7.484847051689756,9905.168382042213,3329.3931539983905,0.25156807385962315,1.882948555927471,True
8.348183172501233,9973.076503039236,3273.1753029589145,0.24710199918415862,2.0628527514806065,True
7.70567106789989,10082.531720950527,3269.8084332684125,0.24488654389434883,1.8870151562046802,True
6.0922324003466946,9964.43611085164,3310.444744342102,0.24937660687530044,1.5192602442942256,True
7.263804891102408,10051.864864909696,3296.923601892513,0.24698298351882664,1.7940362037031183,True
6.306610294897183,9930.371471777436,3268.8049638934,0.24765219101545147,1.5618458574118899,True
7.530046660534287,10026.391413783584,3319.7048695429658,0.24873976622589752,1.8730220460113989,True
7.698310013767755,10095.560432174501,3284.746169225573,0.2454910987526898,1.8898665838186808,True
6.0423255379277885,10011.847036557596,3323.505233096605,0.24922515475346996,1.5058995172608967,True
8.315538455369209,10038.788505965555,3303.9450218173174,0.24762130000855423,2.0591044425896485,True
7.9651722683382875,10079.951438190408,3293.9454939006673,0.24629661127391703,1.961794937904699,True
7.83778599976545,10086.24534527085,3328.936320191328,0.24814694300873932,1.9449226357984921,True
7.122852504479033,10024.538352519001,3274.9673163777993,0.2462472965470347,1.7539831729312372,True
6.281555582513753,9933.925487589266,3319.8856315966545,0.25048535864456845,1.5734377029317483,True
6.813978746241945,10009.759152100958,3318.1804674532646,0.24896424820119697,1.6964370958170607,True
6.893114493419996,10038.475100356347,3289.274701602349,0.24679895334761948,1.7012134422813614,True
7.172793144610216,10039.251669892135,3275.7379062807586,0.24601881117073307,1.7646420422105893,True
6.032067404428006,9915.09120740255,3276.9127295001235,0.2484014365955006,1.4983742089008092,True
6.013547321964791,10088.240982328376,3289.462341836287,0.24589141066496847,1.4786796340984658,True
7.597851784706068,10096.891938653911,3309.402929457313,0.24685440399563324,1.8755631739607745,True
8.052766575518902,10091.994737819332,3277.7432480309076,0.24516136752267564,1.9742272659951077,True
8.03790174239108,9962.097087070037,3315.9326166223623,0.24973077260854876,2.007311412278925,True
8.08851862350178,10089.118522070541,3285.025962619048,0.24562512887307816,1.9867434292899175,True
7.818419853007008,9992.821579667552,3312.8946033601587,0.2489828099284101,1.946652144201752,True
8.108036164359177,9967.440868910366,3319.7103240625347,0.24984364788580196,2.0257413324935025,True
6.676989575855181,9919.611650990351,3278.67686416191,0.24841682013526478,1.6586765185102543,True
7.472254008877489,9961.12128645215,3328.084439950421,0.2504351658382629,1.871315171898859,True
6.666989687927041,9918.0101281975,3270.4400395318867,0.24797758629245728,1.6532640106488505,True
8.191589596604382,10050.281272915447,3281.381275960336,0.24613443851660083,2.016232305918648,True
6.084995149802942,10024.662447675699,3269.734076514579,0.2459482888572657,1.4965941447987947,True
8.273915157146575,9993.282030132752,3267.683584816484,0.24641369864746407,2.0388060361678018,True
6.252887537965608,9958.751081074082,3329.9276796675103,0.2505838044264439,1.5668723479141222,True
6.6127540152910695,9970.420679119734,3328.8869204871694,0.2503052805986353,1.6552072493271837,True
6.193085711076048,10055.469582211132,3302.3011492744995,0.2472194811287364,1.531051436078012,True
7.686994455182168,10060.469293499968,3330.214549679828,0.24869637642710743,1.911727666619072,True
6.737369273955553,10013.267496793498,3270.3863079716953,0.246196291776177,1.658715331574611,True
8.041936192845423,10057.168819849348,3314.698758637896,0.2478859994074879,1.993483390334736,True
6.022506192815813,10079.817769770381,3278.7684109211186,0.24544277115644547,1.4781806092715672,True
6.8306729440568,10068.299864843742,3299.711508089009,0.24683637797991334,1.6860585686763716,True
7.702856891009315,10008.033996407994,3280.6748085408144,0.24687686792557814,1.901657183331336,True
8.296927055978458,10012.170620310808,3331.4674359477103,0.2496671014233007,2.071469728786701,True
6.681658539736762,10057.36676232051,3320.177079657188,0.24819033440493982,1.6583230673568887,True
7.65099394315362,10024.316588200292,3325.181917387239,0.24908665415374664,1.905760482250716,True
6.603991647038469,9920.286674716532,3300.349564678025,0.24963621303214723,1.648595465662616,True
6.180987227380807,10084.881757186176,3292.0097332145215,0.24609676587246587,1.5211209665574363,True
7.073733662063162,9988.643478989938,3332.548078445137,0.2501689180038187,1.7696282964855314,True
8.060077673068646,10034.686026204517,3312.212843029679,0.24816347793453564,2.000216907771214,True
7.414931060486174,9942.749345732023,3305.5143911801733,0.24950547911953005,1.8500659268848878,True
8.116780818954618,9986.011398631153,3279.0505911739187,0.24719451697203143,2.0064237139093364,True
7.556771769542279,10009.423712540789,3269.8817930047744,0.2462389160065066,1.8607712890406616,True
7.1479302897566885,10059.90410598353,3315.9545001785805,0.2479059175050607,1.7720142167443462,True
6.111644077723959,10004.755006055906,3309.1885029780287,0.24855058914232578,1.5190527361464963,True
8.341461457891308,9943.707151123166,3283.894132073296,0.24826074371057397,2.0708574251691845,True
8.066139932381354,9967.694846453043,3308.1347960046855,0.24918478807718844,2.0099593696513947,True
7.046250676506999,9974.532114001278,3290.7921647723347,0.24807476211026863,1.7479969603437933,True
7.539154648462246,9937.389372426805,3284.9573409322074,0.24843981270081936,1.873026168786472,True
7.854189992719486,10099.88973325221,3332.935006020384,0.24811869958193672,1.94877140726302,True
6.451564824274881,10060.56441677953,3298.202150521552,0.24689421241888643,1.5928540161587381,True
6.780145787988671,10035.978964313654,3308.3332578881814,0.24792085218029322,1.680939521664777,True
6.90320284660821,10090.21629458503,3302.0464566486808,0.24656374490147248,1.7020795456742253,True
8.015751888140922,10082.436095016474,3301.1539529443316,0.2466568343108591,1.9771399853501315,True
6.52051278515465,9979.029932285452,3287.378497427931,0.24779717244834998,1.6157646310746376,True
7.339080134927396,10009.148991849299,3273.87802933066,0.24647077989907115,1.8088688045973358,True
7.944401851156302,9975.177028558921,3274.463122836748,0.24713600410437017,1.9633477284941299,True
7.960092934942693,10058.183097868165,3320.7627372650845,0.2482081008613345,1.975759550061852,True
6.737769347740404,9903.509462140762,3311.799741299844,0.25060327309160624,1.688507051880042,True
7.949479096256931,10052.623567241137,3320.937326130717,0.2483210980686995,1.974023378256694,True
6.769804465926406,10088.913395982157,3278.23357951669,0.24524557001770755,1.6602645551545436,True
6.4801674754947225,10047.990923983129,3270.930022129347,0.24558521184736556,1.5914333022757796,True
6.096923807537144,9924.415564578283,3325.594131824197,0.2509880526900393,1.5302550338532879,True
7.799834323270691,9953.86422302814,3293.4424375008957,0.24861222902870211,1.9391341971629048,True
7.053823586242574,10084.410027645394,3328.1243316949904,0.24813538161617535,1.7503032074254796,True
8.093595140205203,10039.307382978935,3291.2987892633428,0.24689790897256167,1.9982917161871516,True
7.032472059468856,9900.154230621432,3290.2713528284557,0.24944391157149476,1.754207338531157,True
7.888044430538177,9906.637624491237,3293.762365725498,0.24951989092501875,1.9682239859195876,True
7.260661834338854,10090.480278030607,3267.5437168466287,0.24461280486542938,1.7760508564770006,True
6.519341447797483,10085.789725853394,3319.0734672789968,0.24760218880707652,1.614203212055352,True
8.060498654050162,9988.307745425764,3327.7830669337577,0.2499069069013128,2.014374286715871,True
6.436251484769868,10049.549277134613,3272.769294260063,0.24566063907879107,1.5811336530203837,True
8.02711162345977,10049.265789730473,3318.67673275847,0.24825635861131562,1.9927815018066888,True
8.222883771702726,9917.335361494685,3283.106939201101,0.24871188892118037,2.0451289552395053,True
6.7771265273374635,9947.372893852931,3302.604213934901,0.2492535788604311,1.689223041328828,True
7.494511818825547,10098.515744244667,3322.977641826739,0.24758628166335556,1.855538314105089,True
7.816238597051351,9950.431610060064,3286.8594705685146,0.24830302896175616,1.940795718735638,True
8.25770257396708,9981.438062142064,3299.8130251360913,0.24845648978784207,2.051679795239889,True
7.3914934244492265,9923.33243468578,3269.8056288309645,0.24784138641533854,1.8319179779953547,True
7.489994726741613,9911.530997754138,3302.886126002115,0.2499456536803536,1.872091628037834,True
7.366406423041158,10029.474763779883,3327.898154507933,0.24914316421844065,1.8352898051555193,True
6.345512116345608,10036.206542582251,3313.548989895902,0.24821046211928635,1.5750224947816742,True
6.5457450725099715,9982.288992085643,3295.1617855722116,0.2481772925204155,1.6245052896243757,True
7.269709284083753,9903.94254860284,3312.1440598162253,0.25061458493365846,1.821895174819013,True
8.132816136117679,9937.643332639376,3308.4371096037517,0.24976725183193071,2.0313111359724942,True
6.4141790252269075,10040.653881084225,3279.128373467813,0.24618483326536142,1.5790735938596647,True
6.685202594012217,9911.567233648537,3300.8048939618616,0.24982681853654753,1.670142895334347,True
6.518309490098111,9921.733692040054,3302.351869092775,0.2497225122921756,1.6277686217652303,True
6.690591048172454,10090.55099000823,3280.1318713141013,0.24532268885103922,1.6413537859403593,True
6.896105978992123,10038.819149641891,3315.596335818975,0.24827715892385632,1.7121456001019832,True
6.73099446094247,10078.547458297824,3287.154187810042,0.24593951554853624,1.655417516884072,True
8.267840573654638,10095.57488684044,3278.3600239935354,0.24513055027191713,2.0267003093804443,True
6.273779293482167,10067.07567953175,3318.4180673501305,0.2479115175055196,1.5553421451418705,True
6.138239750826836,10021.446308477734,3332.8252874835844,0.24956997942826906,1.5319203683396367,True
7.774456009004342,9943.396454115113,3327.8253842428894,0.2507550114658191,1.9494838056783899,True
6.43624084650669,9904.922980692063,3293.8065188103997,0.249554816540074,1.6061949036577077,True
7.6677710140770605,9925.302643590641,3295.5654860544996,0.24926997635388676,1.911345099366007,True
7.313280765509965,10027.900770955725,3303.244576583625,0.24778400433488146,1.8121139929033265,True
7.854528370719083,10013.447562072686,3306.872038886821,0.2482577098712118,1.94994722543318,True
6.436168389520478,10099.12632884134,3290.223505558318,0.24573437442833404,1.581587812914233,True
8.19462713034838,10039.339656785396,3296.75646050498,0.24720551138130323,2.0257569903368724,True
7.461724402132615,9901.284693660084,3326.445360269805,0.2514751470363984,1.8764382411713811,True
6.268376106048368,10022.903496823958,3302.3910217384464,0.2478287453337822,1.5534837856422266,True
8.055570249670323,10017.30852122672,3313.401977319281,0.24855404201304035,2.0022445462755556,True
6.3357453048760854,10068.083913220209,3288.231634225769,0.24619301801794818,1.5598162580004886,True
8.280893105603369,10068.316856051168,3332.2726960972795,0.24866612645135702,2.059177612128138,True
6.521910649741609,9959.819575388534,3285.9023793319475,0.24807272797696958,1.6179081665034512,True
7.802910952784877,10057.376518673638,3323.2450648979143,0.24836253264782,1.937950726259066,True
7.811853439594857,9918.484916235899,3299.531434522174,0.2496237973206124,1.9500245197037553,True
7.552471761133848,9916.659955428717,3297.92897943914,0.24956727717328112,1.8848498133542697,True
6.508048013149973,9964.560741054405,3272.8171175083667,0.24724059043092902,1.609053633324034,True
7.214734604408296,9927.79078960723,3282.8153207139253,0.248498463529931,1.792850463971686,True
6.145772833526916,10092.71099445283,3274.860196652813,0.24498543152190588,1.5056248096571978,True
7.556295708881459,10018.99052961231,3267.5116441256077,0.24592715233842108,1.858298285912248,True
6.9902554862326856,9927.49918961931,3284.2045804522613,0.2485829714023682,1.7376584796294272,True
7.894011768587165,9993.242773272872,3275.797163321333,0.24687522073749513,1.9488358978743408,True
6.417132615887699,9939.334840563492,3312.8202636282444,0.2499835111785237,1.6041773430178314,True
7.5798322084132455,9980.387597802019,3273.1396349423762,0.24696366314136364,1.8719431281866272,True
7.939082930398595,9947.326177163077,3280.064899790424,0.2479751963715191,1.9686956486753668,True
7.395580831018584,10094.475428608675,3321.6133666479964,0.24758433082392614,1.8310299311019917,True
6.074669668820344,10031.00323214436,3313.8423788213377,0.24832377049744916,1.5084848766879586,True
8.305981073465105,9928.954776770988,3296.938530372761,0.2492790811031247,2.0705073296533265,True
7.341885744872343,9962.819668767257,3328.2535394686706,0.2504127008649903,1.8385014388156544,True
8.284949578763461,9938.806236409224,3304.058555589628,0.2494972656963086,2.067072266333267,True
6.309580045351486,10002.56607191649,3301.2688240122134,0.24814415165528564,1.565685387654863,True
6.167454271071175,10084.167864264678,3325.859315868009,0.248012869115982,1.5296080289099794,True
7.555914868157618,9963.190831872742,3319.537492182497,0.2499138287855184,1.8883276146786958,True
6.777087063092155,10078.827186163093,3274.741799927326,0.24523345057328275,1.661968445317644,True
7.24872391448697,9980.08638932893,3316.7149182981348,0.24943705193185536,1.808100323497568,True
6.054823836865317,9946.727153354637,3322.1830731142595,0.2503734682360839,1.5159672435944822,True
6.107279128355537,9915.911542758771,3287.6794599419204,0.24899888668692108,1.5207057036467986,True
6.006765877455966,9960.872670729934,3315.968538147752,0.24975583318195432,1.5002248164529477,True
7.596026374747543,9916.120665966397,3292.749265104844,0.24928319245231617,1.8935617046490614,True
6.153690565140481,9977.245564940138,3269.4394628563764,0.2468118971649032,1.5188040429480876,True
8.347709848553047,10027.897245051778,3305.6070333895163,0.24791734898486464,2.069542095748117,True
8.315835335985152,10081.59606939844,3332.2811372890415,0.2484204295256061,2.0658233860296447,True
6.654591147787517,10084.804943335981,3315.793988352857,0.24743625305521905,1.6465870992229727,True
8.163263695004527,9958.899190940578,3317.2511795445084,0.24986544193708934,2.039717490801303,True
6.660016868988228,10023.615125345861,3316.4455887700296,0.24860798311515228,1.6557333613120546,True
8.2199854146487,9988.176423337534,3285.4432866494003,0.24751675567271725,2.034584121510902,True
8.326768752096795,10032.049044148376,3300.4269910009216,0.2475479410050905,2.0612744598070885,True
6.666123890969971,9972.190659393002,3309.2761122656966,0.2491649581450865,1.660964480283494,True
6.6319331909476205,10022.644436974471,3321.5176597046034,0.24891166906097614,1.6507655596596575,True
6.078512401330513,10077.298446956469,3309.9087540960386,0.24724415663304383,1.5028766722504607,True
7.147975791405651,10090.220456961439,3321.0588293453316,0.2476317701277171,1.7700658980558508,True
7.4485209686767995,9939.022635355159,3271.6285214282975,0.24765081467981756,1.8446322860525133,True
7.734180206193702,9982.285101823294,3298.6339031106813,0.24837391914559606,1.9209686491906242,True
6.899045351904131,9943.127869519032,3305.2096994218314,0.24948109015356754,1.7211813554119455,True
7.726100943708012,9949.202647458456,3297.3489536963916,0.24892130819985825,1.9231911541919577,True
7.99391866553997,9964.432967406703,3280.6623185091876,0.2476888423745554,1.980004460303946,True
6.42632045645255,9906.86766431275,3283.0181491256494,0.24890421308884836,1.5995382362700907,True
6.1240114896625775,10019.78647080071,3289.883666662557,0.24717995507660168,1.5137328849033884,True
6.863613858937836,9960.621643485303,3326.2016574850604,0.25033836773024154,1.7182258901771623,True
7.712021504734466,9957.245461493216,3283.786305596276,0.24800078750344126,1.9125874064176216,True
7.04747905846762,9961.41134922803,3321.7080186748367,0.25006987641030787,1.7623622171552307,True
6.561208410629338,10040.328485044663,3288.644379383941,0.2467290175194547,1.6188405048949595,True
6.060699836297047,9921.793700271817,3329.409479586983,0.25125337181815516,1.522771269447374,True
6.893054305798785,10036.555634626973,3324.5754020148547,0.2488243991393748,1.715160095875463,True
6.085199369082787,9941.181475253774,3292.8201199400305,0.24881515211059707,1.5140898066416428,True
8.277987547413929,10007.800885202822,3294.1745767064385,0.24764551597162687,2.0500064973860246,True
7.425359948256863,10064.052279923539,3320.2995777702226,0.24807324352143406,1.8420331266782277,True
8.299289774251557,10036.241822146423,3318.3978977054758,0.24848277207902666,2.062230529393146,True
7.995108566428223,10018.610604579786,3328.227814947925,0.24936450943156746,1.9936963255194964,True
7.776967865725597,9940.811752406167,3328.4978779248304,0.25084182754440726,1.9507888321927371,True
6.243706262908525,9998.839536448311,3328.1409683895813,0.24972955930875837,1.5592380134894805,True
6.350320469106977,9925.277114033992,3278.065005070024,0.2482753969032558,1.5766283349304044,True
7.425817260975068,9966.190676635353,3330.166535753546,0.2504570599720846,1.8598483590737735,True
6.361802858496143,10015.270270500405,3331.5928012276136,0.24961616698419253,1.5880088446468865,True
7.783163114546531,10003.771275633979,3293.936655148104,0.2477070990199118,1.927944756303103,True
7.622035399411561,10023.060746873585,3319.802242576863,0.24880733956435505,1.8964183497929268,True
7.12195107464977,9979.866628298863,3315.177340167922,0.2493543720525383,1.7758896380081937,True
6.278703123865642,9951.73563040802,3308.1757292167445,0.24948701688080974,1.5664549122534603,True
8.32244572495701,9931.885609768795,3295.7092134169116,0.24915407959428104,2.073571304575023,True
6.720489035041311,10049.320995529857,3290.20663397452,0.24665091038885356,1.6576147387512472,True
8.196392086791258,10061.61840045502,3332.036555826457,0.2487772431574974,2.0390758271898566,True
6.995698212104562,10043.361022136889,3303.2259312824426,0.2474959285704254,1.7314068250032835,True
7.417008386970608,9969.298636376563,3315.994409407454,0.24959889089234344,1.8512770671270729,True
6.716202171452002,10090.124363401848,3286.5409966703915,0.24569209950338794,1.6501178121932554,True
7.247180179496258,9935.22597472671,3303.8606384657123,0.2495535179272486,1.8085593088459202,True
6.520795885019285,9911.221404456248,3299.0264278164695,0.24973236457812148,1.6284537752971504,True
8.336101693194353,10082.08894091413,3296.220479470131,0.24638542702919897,2.053893975436519,True
6.401249956064794,9943.123186390414,3332.588428376155,0.251028986248038,1.606899287191243,True
7.1625215416784,10067.836564805148,3291.5910188178586,0.24638712985374756,1.7647531251697801,True
7.3370136558880095,9914.292459286518,3279.4704645193706,0.24856217922501297,1.8237041033112031,True
8.066219233776764,10088.641036436446,3318.819827513097,0.24753529853194337,1.9966739860570346,True
6.1975516571892655,10074.11400302805,3313.0272331274355,0.24747832077693607,1.5337596770495168,True
6.514322121785984,10071.134013801611,3291.1502481617063,0.2463014693924898,1.6044871106918899,True
7.602527162088441,10081.48698547653,3310.7300987736053,0.24721299527523166,1.87944351140119,True
6.957195337878227,9973.396039950852,3270.077855838293,0.24691994574611098,1.7178702953739882,True
7.029227668422846,9948.243842123376,3322.1472251632604,0.25034282775228955,1.7597167314276083,True
7.893055620683704,9901.698375134358,3320.0298835940607,0.2511040779712228,1.9819784540073593,True
6.425284142338089,10018.093392041203,3304.986712432099,0.24806476329166785,1.5938865898508052,True
6.079173346657894,9938.882910558927,3314.560800974498,0.2500905329299507,1.5203437020392248,True
7.402408543512909,9916.233514192118,3325.037912670544,0.25111167994978306,1.8588312450361533,True
6.864113105651507,10044.687816762176,3281.37158681461,0.24623720241963443,1.6902000082275757,True
7.3444154929892305,9981.761948058283,3319.22078550746,0.24954703362866779,1.8327771000118922,True
7.06645472785376,10084.24366598065,3324.1232862983716,0.2479141045385374,1.7518737961179789,True
7.115342456926937,10065.317236326575,3284.8024333144767,0.24605041112734805,1.7507329368387476,True
6.244977002728655,9923.983251674952,3311.728162489678,0.25021157222765705,1.5625655143782982,True
6.747369068698389,9969.197527589691,3293.1539074535476,0.24830844843637725,1.6754287444761007,True
8.105213740135522,9927.763007038648,3294.004275734019,0.24913494582724577,2.019291986066911,True
7.8200431961930565,10042.241408785007,3289.609022117716,0.24674811941278063,1.929580952387347,True
7.077713475511375,9996.519873720617,3274.734263404799,0.24675394123031347,1.7464536949813316,True
6.843401865364183,9930.366330667746,3281.5693581113096,0.24837915014212172,1.6997583394001663,True
7.941850912029865,10015.571521566144,3307.6772286866303,0.24826356474233624,1.9716722180727084,True
7.848278628111935,10016.383710080423,3280.2671120416007,0.24669874812265694,1.936160512473018,True
8.214692224919363,10056.837157893673,3328.567820617697,0.24867143175431042,2.0427592769916996,True
7.321127359356106,10079.243560121125,3280.380580202804,0.2455443765293883,1.797661652945342,True
7.6242981365403395,9959.131320466402,3326.4810465351497,0.25038221458254906,1.9089886520645722,True
7.770256835404982,9923.917356424898,3295.357046404151,0.24928426069277398,1.9370027306069046,True
8.289385782390188,10003.695100331588,3316.0119176841035,0.24895531960267603,2.063686686764828,True
6.994408150174855,10052.235801119814,3319.7082629640063,0.24825920951019595,1.7364262383540814,True
7.3164036374397305,9908.096150919964,3283.8460246402824,0.24892817001002515,1.8212589685225637,True
8.145414267125188,9901.86561293192,3326.32944321996,0.2514575442152271,2.048225868226974,True
7.3293068838509505,9935.887124197932,3290.8751582653294,0.24880428694394432,1.8235629730298784,True
7.763522781104465,9953.532292419783,3307.4571284731787,0.24941254558745157,1.936319979561436,True
6.539797833353583,10085.539223221598,3274.6898267153897,0.24510731174409275,1.602952266283139,True
7.153034160396483,10058.398077043483,3327.82126802806,0.2486005332979455,1.7782481069729874,True
7.938111526201707,10057.698057007927,3284.5064069933233,0.2461741922674987,1.9541581930920267,True
7.161032875787487,10021.972084508428,3298.900067993269,0.24764895498030334,1.7734223082683676,True
6.115799848679857,9924.43325379511,3329.164138975047,0.2511894725873526,1.536224538439704,True
6.508779058781342,9975.036682355238,3306.9031544515365,0.24897742310859447,1.6205390376385616,True
7.034590979756917,10072.406372177013,3308.388107148001,0.2472490039556224,1.7392956129801036,True
7.119965211736941,10064.517586870792,3322.7555897989273,0.24820256865972995,1.767193654321027,True
6.796623563058203,10086.195492142731,3268.94954210461,0.24477080059571504,1.6636149908774578,True
7.1499715476802095,9979.94379919504,3298.8093766653933,0.24842764474772594,1.7762505916034472,True
7.505987035735853,10028.341004132513,3332.3795069204393,0.24941615268156045,1.8721144085309067,True
7.351696852348067,9933.679921358671,3329.0794194445975,0.25100956248241546,1.8453462104112393,True
7.842819777411325,9901.118467401302,3277.695578547214,0.24870944890180435,1.9505833846761425,True
8.078700837032187,10058.553957100183,3329.813159770518,0.2487094304110182,2.009249083639291,True
6.078442774760142,10088.955244734421,3287.955105073715,0.24579331243861358,1.494040584076853,True
6.762538832937599,10066.489929536994,3297.2863639795723,0.24673313078274517,1.6685423782905855,True
6.370180008425805,9935.631672853424,3268.7335703388985,0.2475494664178678,1.5769346620715767,True
6.29202964004664,9934.908869171846,3294.783336374198,0.2490445949296527,1.5669959729907839,True
7.0007585438898605,10026.57126933445,3286.973153669997,0.24688941195782865,1.7284131601597124,True
6.157884970159802,9949.603549066109,3304.296588755766,0.2493074909570572,1.5352068515127133,True
7.128886077285806,10060.418660986537,3321.9627200207524,0.24823404934008156,1.7696322582487851,True
7.7987363197626935,9935.613213989083,3319.807892512601,0.2504490702965491,1.9531862607724975,True
7.71746849936598,9974.150854885294,3284.0204713017292,0.24769784538952666,1.9116003191544968,True
7.969745565380079,10061.574525185995,3283.6833645217303,0.24605619401736764,1.9610052611042161,True
7.645428792644469,10056.185394736585,3320.149069775833,0.24821067973324307,1.8976770774743916,True
7.707113668759241,9929.234077318344,3270.8322168008826,0.24778907498806077,1.9097385668096918,True
6.875279713009388,10051.093166045304,3283.998055110172,0.24626738585036959,1.6931571619129013,True
7.054553959173143,9945.474805211456,3313.9921652874104,0.2499340412899514,1.7631731805141704,True
6.847125872221464,10009.735629834164,3303.0243316677715,0.24810965879498414,1.6988380638831757,True
7.225898765145983,9998.718582811995,3318.6706740132367,0.2491982933000476,1.8006816398333005,True
6.182219022816541,10013.272499491952,3272.6959453503914,0.24632724057242983,1.5228489525047821,True
7.514993702022884,9912.65568489043,3311.592626431607,0.250418212700707,1.8818912913176402,True
6.145217064972363,10024.975403083195,3282.967441694163,0.2466923310376666,1.5159779224904801,True
7.292220295773715,10000.217236841747,3329.6425055394425,0.24978826258412298,1.8215110380619957,True
7.412228806477853,10004.97723493445,3280.647540813577,0.24693212371932768,1.8303174006771539,True
6.792484657801992,9918.597805713132,3295.2097388663274,0.2493762473646804,1.6938843342448262,True
7.990402978397651,10073.122623372014,3274.6609420477216,0.24533368600097963,1.9603150153235018,True
7.846148330441483,10013.244491379755,3332.0297660450465,0.24967862793761858,1.9590155497396664,True
6.101555911194589,10025.698382600985,3267.552358616639,0.24580536561197375,1.4997951815530857,True
7.277923259435507,9970.197748076074,3294.3045314722144,0.24835492972484144,1.8075081196398943,True
7.250720425259455,10051.343175722763,3310.7834726648175,0.2477736934984322,1.796537780291058,True
8.213876839894569,10069.212721428627,3316.2140569616017,0.24774810036803468,2.0349723837408753,True
7.989573434103644,9992.12222530162,3297.816078933333,0.2481438215467453,1.9825632844668315,True
6.61539221787545,9923.22368435156,3278.233269045453,0.24832359644985205,1.642757987469195,True
6.17440669000325,9914.879588888387,3319.9974591134524,0.2508521573016574,1.548863238245101,True
8.223708939387896,9982.482807694552,3269.1664060922526,0.24669883373392226,2.028779404314225,True
7.306992602949035,9949.90967589731,3286.9716402001886,0.2483191895210899,1.8144664810009032,True
7.526478289252602,10036.212932787746,3330.482413198731,0.24916273820804566,1.8753179396135855,True
7.41988743556386,9958.690031627693,3309.4630256021874,0.24942906607478765,1.8507355934327447,True
6.827305668676353,10081.342964917323,3306.587427970606,0.24698271733823507,1.6862265061484218,True
6.961188934558032,9986.37238988886,3329.9027739305534,0.2500626288481907,1.7407332048845172,True
8.24805954436773,9987.661266821586,3292.1072414643236,0.24790396304048626,2.0447266484426674,True
7.121122236886592,9908.987254766773,3293.895393059509,0.24948304706789276,1.7765992742013954,True
6.106328786406509,10038.567214020075,3299.9841795688053,0.2474019915802048,1.5107179030005053,True
8.112877673943926,10052.657168484213,3282.0572739792237,0.24612880074340016,1.9968128524657243,True
6.293080441819838,9943.002791776798,3323.4538947565184,0.25051556517952017,1.5765146036026814,True
7.137507389276179,10068.95705900254,3280.300802100845,0.24572907619522988,1.7538930971034623,True
6.502065806485229,10080.215024482173,3298.6491062336377,0.24655673859938884,1.603128139405603,True
8.251641059844307,9982.420298065614,3287.7317566311467,0.24775388730135206,2.0443761491918755,True
7.8115235444668505,10074.583078791302,3283.3963979908417,0.24580037749704584,1.9200754360570134,True
7.587507234057346,9929.217631191465,3309.3150484592848,0.2499759700367782,1.8966944809945572,True
6.95308332656151,10078.859672849601,3274.713194155937,0.24523123712060685,1.7051132259753434,True
6.454016830427342,10022.77592358636,3278.617475556232,0.2464867685040856,1.5908297524030166,True
7.267662452794003,9975.660190564979,3274.4489788050823,0.2471261886939424,1.796029722673051,True
6.4745160910816395,10080.921512570123,3283.1205549894253,0.2456682295964193,1.5905829055895553,True
6.863599719589251,10073.413231797938,3283.0858830123475,0.2458043724475611,1.6871028218048922,True
6.718481114490341,9983.613309787974,3290.163949686678,0.24786945609910707,1.6653062596608437,True
7.952465255365771,10021.253859343848,3285.768899073734,0.24691991279531444,1.9636220273626843,True
7.943029889762048,10091.655137871716,3279.130394942778,0.24524590472976757,1.9479955516102794,True
6.067704174719621,10013.646161017545,3321.396996307173,0.24907283441994596,1.511300277219155,True
7.504165326087454,10029.134322952072,3273.049625801416,0.24605355319177682,1.8464265422223467,True
8.146483023135644,10064.474521254057,3298.382498118214,0.24683213277942848,2.0108137792519774,True
6.482309894048713,10038.881386650784,3293.257794135936,0.24701645771009742,1.6012372278070302,True
7.644077903454072,10006.879406994653,3323.5112757289808,0.24931836994367287,1.9058090426116177,True
7.98691050486103,10068.34283752011,3324.5240886302145,0.2482309506218489,1.9825983871532848,True
6.47188588530586,10016.82684248359,3319.8120484033384,0.2489241911372289,1.6110089591322099,True
8.061481960506445,9905.131221616643,3272.7973526485043,0.24835446134075048,2.002105009909755,True
6.8216877702046625,10032.413130343273,3331.656831313717,0.24929956524267025,1.700643795333263,True
7.4669274242977535,10060.915857912936,3315.2918858375415,0.24784991003047818,1.8506772903163085,True
7.541310956498845,9927.932345929516,3332.748083549877,0.25132557120831833,1.8953242838016215,True
6.055904491329324,9963.90022307892,3294.6682130119675,0.24849351035844988,1.5048529654459264,True
6.8564721263859285,10075.727660713552,3280.10007755976,0.24559317040007156,1.6839027272788403,True
7.985740580191912,9901.484264854662,3311.145693580086,0.250604588488176,2.001263231872322,True
6.817215964901598,10039.66751740482,3276.3225536073946,0.24604423224523664,1.6773366681341837,True
8.14406079037103,9921.464437735814,3278.4119846469243,0.24836686948733805,2.0227148834190287,True
6.906991146746153,10002.64040559138,3316.124258798259,0.24898136894516762,1.7197121110090101,True
8.16483850304133,10040.314240414666,3306.970909893818,0.24776356185193113,2.0229494694593098,True
6.3607510596174475,10065.005375609484,3275.1883132700664,0.2455128006125038,1.5616458066456307,True
6.174435002408788,9967.765905795046,3269.803703877782,0.24700936805563636,1.5251432880455962,True
8.342755864199049,10048.335795380692,3328.8421531056288,0.24884487340487985,2.0760520268744314,True
7.398324829370693,9997.61183403554,3305.4875911449844,0.24847499710392706,1.8382987405517945,True
7.359358693619955,10054.278835366313,3297.462805737918,0.2469687396875969,1.8175315414722797,True
8.195458752355147,9941.116858601295,3325.212185266169,0.2506505133613652,2.0541959435097112,True
7.386603345781594,9913.790287776319,3314.731155321951,0.25057457627294766,1.8508950034655602,True
6.4061442046243435,10080.990053598849,3315.042028300869,0.2474644736615737,1.5852931037975038,True
6.365934429175732,10027.985637610682,3303.9475620042112,0.24782209095524488,1.577619181122313,True
6.888151046637768,9962.975844318607,3282.210726290614,0.2478040387572771,1.7069116489270044,True
8.131625822811468,9978.08595711127,3314.204169213074,0.24933281907905025,2.027481190097585,True
7.173829010443693,10087.065562245694,3301.228371155776,0.24657573157396734,1.7688921364367036,True
6.354406798524315,9974.656421425743,3283.377154678079,0.2476518961753131,1.5736808927238475,True
6.614600719756825,10008.690728452177,3325.096236033624,0.24937373342546515,1.6495076766045285,True
6.062113785707363,9953.217828101995,3277.397659318815,0.24771316666521268,1.5016654025424114,True
7.108453806157191,10002.088773988438,3267.153985988037,0.24622007789642922,1.7502440498751923,True
7.897695932732622,9955.338745231196,3331.177352023981,0.2507186479616097,1.9800996462666272,True
6.401760680630077,10065.056302402489,3308.866721512204,0.24741182640242704,1.5838713021859319,True
7.628855022132438,10015.591132014502,3313.683639924211,0.24860194546370232,1.89654820016266,True
7.7751917729062585,10045.71292134327,3320.9997349840437,0.24845299067695628,1.931769649065426,True
7.086925874538906,10075.747493632321,3290.9874011919756,0.24620727702666348,1.7448527220600298,True
7.259252398053082,9970.203035396069,3297.059631979263,0.24851091853987703,1.8040034813529764,True
7.388006443523531,9906.03918254769,3316.9122240903994,0.25084507399953593,1.8532450230347084,True
6.131517110874811,9957.1350728463,3285.6116549204444,0.24810650860152253,1.521269302809644,True
7.514019648056753,9975.056953898296,3291.9120340235995,0.2481284185574354,1.8644418122818194,True
6.152644365352922,9943.350342349795,3313.542921319659,0.24994867616536,1.5378453140362245,True
6.102725215973335,9985.37654636745,3301.9640750091144,0.24850451035303042,1.5165547416145453,True
6.788128191542896,9904.772469118667,3306.888044147538,0.2503007128306845,1.699073325129252,True
6.182580018744976,10019.179229329331,3283.869307634996,0.2468508852320819,1.5261753506453788,True
7.439367466002112,10003.906450822675,3304.9912668673674,0.2483294512418116,1.847414040418491,True
7.086817256068817,10091.225855582297,3309.20719570286,0.24694778019770738,1.750073790053002,True
8.288410824643368,10021.730095793615,3321.2089883170484,0.24891135059381966,2.0630795326384153,True
6.233743844724533,10049.004144643128,3303.763321266466,0.24742161725658515,1.542362983625027,True
7.5088420784911065,9952.289401776821,3278.7442778979826,0.2478071144913425,1.8607444886420557,True
8.37204738215395,10056.358588842062,3307.2500953224767,0.24748181224742574,2.071929458356776,True
6.022495810480222,9929.901537578387,3268.474554706915,0.2476421744503401,1.4914239581253854,True
6.251627497465622,10060.441659238983,3302.167437244401,0.24711996088499116,1.5449019426412396,True
6.40604305067527,10076.58131292654,3290.769198797753,0.24617961471957145,1.577037210092226,True
7.359572024397121,9987.029174448213,3278.4293585612513,0.2471402967642078,1.818846814167066,True
6.950503005827608,9916.50315682027,3305.0179707057946,0.24997259686141807,1.7374352858598192,True
6.948542198847289,10051.032485626733,3309.582110407201,0.24771181644515383,1.7212360097222652,True
6.565118592224113,10009.714686298612,3309.40311140834,0.24847014356897526,1.6312359591572743,True
6.297367181229695,10061.218362762505,3299.013904054015,0.24692788554641684,1.5549955625704477,True
7.9303961688474285,9906.618607522618,3294.692829505352,0.2495731462151681,1.9792139225919683,True
6.500969120765943,9984.067804552153,3298.9572163460416,0.248358879935541,1.6145734093289683,True
7.827118413698594,9995.030149680848,3290.3011391103555,0.2476642145827687,1.9384971343749886,True
7.035670619476478,9935.701443374366,3303.9874278250927,0.24955174248938117,1.755763862671699,True
7.92470859586029,10080.488243620852,3315.167049421048,0.2474807672262994,1.9612129633483542,True
8.13964767215197,9998.859110991945,3330.8620055679417,0.24988234760815198,2.0339542690205636,True
6.63894557339672,10067.190197692316,3312.8548996738,0.24759669160800815,1.6437809597386586,True
6.944971665655105,9930.918962087932,3302.758297336336,0.24957222641834492,1.7332720410098659,True
7.9039383343965515,10050.309213188842,3271.4425924009383,0.2455715014168217,1.9409820038837342,True
7.946452480972331,9947.088900525076,3302.1945510917762,0.24923570871968923,1.9805397159024718,True
8.355344290858495,10096.240707565796,3324.8148214938074,0.24773124694215265,2.069879859805371,True
6.346580897840944,9914.000177179718,3313.60452963965,0.25050676997713367,1.5898614811167118,True
7.724088643229164,9957.860243528532,3291.2940570032424,0.2484154069268513,1.9187826234468435,True
6.455817396192828,10038.648861726051,3279.839252348128,0.24626213007482364,1.5898233433605473,True
7.795589545570708,9912.900035025921,3303.9965929373498,0.24998278233840562,1.9487631645699528,True
8.276299668815442,9909.478588839349,3319.9788123139756,0.25095351318222203,2.076966478038096,True
7.465336712892221,9906.570658795219,3316.1687999598144,0.2507928716514273,1.8722532320710668,True
7.468989423713224,9999.698907645141,3325.4621769929163,0.24956262486212516,1.8639806056493238,True
8.083396038470482,10033.296590649026,3281.6431856175836,0.24646323909530493,1.992259970531591,True
7.344983155623508,10075.881284632203,3289.342023685193,0.246112013829068,1.8076885959710842,True
7.001385017414405,9941.77515342057,3328.882054712875,0.2508453049840394,1.7562645600040003,True
6.498772047501449,10060.294844780828,3294.0609301280897,0.2466656561836699,1.6030238714850369,True
6.232613681911326,9944.361092762561,3319.863439963068,0.25028703576091216,1.5599424034884906,True
6.332870321971165,9915.422904420562,3307.5763714233212,0.2501381345052092,1.5840923684012709,True
7.193519431865935,10087.597369545021,3288.60605028416,0.24585496699377773,1.7685624824904982,True
8.171020483730823,10059.648039352716,3328.2969434019046,0.24860402008591873,2.031348540459871,True
7.028190447985355,10085.748555208093,3313.3259456916276,0.24728020920169858,1.7379324042871982,True
7.111443691499456,10028.78362458749,3294.330111848394,0.24726427898300543,1.7584059969068555,True
7.0621682421303955,10033.602218741675,3317.5120410448762,0.24848203501914412,1.7548219364521325,True
6.92145501530838,9937.5538953318,3321.0716091478394,0.250483853550714,1.7337127244123594,True
6.820495036285097,10027.077139623021,3303.1425757999546,0.24779355826957905,1.6900747342010858,True
7.202694553975137,9917.863637582093,3297.0821360343493,0.24949645594588465,1.797046764477521,True
6.806851208416684,9912.187583102746,3274.5891335526894,0.2483236960717436,1.6903024506844453,True
6.434592248463905,10081.296721386867,3297.9739662893044,0.24649878481994636,1.586119170058199,True
6.18612428341611,9993.736254589188,3306.9547018235667,0.24863029391936678,1.5380578988074796,True
6.518252546701397,10043.369989407616,3305.2097075291713,0.24760759440853816,1.6139688328360606,True
7.997355895472491,10056.883550170487,3306.1094892983274,0.2474078583692615,1.9786086947156363,True
7.580690982674296,10023.119446281496,3328.157205759909,0.24927632708824402,1.88968680495202,True
6.62807595669216,9986.648213624034,3280.7773091701956,0.24728062754402683,1.6389947819803132,True
7.2278191939964955,10067.041432521568,3323.1359718907497,0.24817714295523174,1.7937795173630362,True
6.468563399345942,9984.038976429303,3321.7290401513173,0.24964579541835055,1.6148496550437472,True
8.188832288991444,10079.102474506792,3288.2245938178553,0.24598968642053096,2.014368286919324,True
7.308715116988401,10000.739970062206,3317.818842256477,0.24911245195596837,1.8206919434406328,True
7.032091024978365,9923.10939669082,3289.473815726938,0.24896522979967672,1.7507461580059829,True
8.353429122991724,10016.894916960253,3278.287036327631,0.2465770718930939,2.059764093413795,True
6.033490864078263,9978.073764248753,3290.5540116427464,0.24799505022075724,1.4962758698435688,True
8.243314931726736,9933.148547782686,3295.709135127142,0.24913028880678198,2.05365942966634,True
7.8392445781376505,9983.399020005698,3294.6693324383145,0.2481286618645765,1.9451412672024317,True
7.442402586555351,9970.411532909788,3326.465843091241,0.2501689493726579,1.8618580358869037,True
6.488015692660502,9981.433673129648,3330.7156659746197,0.2502011944976222,1.6233092762229753,True
6.480601667795204,10008.081024875322,3314.5119389749575,0.2487888016971323,1.612301123207206,True
8.064212094905782,10043.76991884992,3267.9559992167474,0.24549453762276457,1.9797200195308007,True
7.35440639370626,9916.29553501305,3287.134521301872,0.24896064941319584,1.83095779182567,True
6.038351372388656,10065.513615979926,3309.6749804161614,0.2474488457910751,1.4941830775785272,True
7.283780611556235,9979.622978375613,3292.5528749023983,0.24807935875029802,1.8069556233927244,True
6.9659219072488385,10098.992747839908,3295.0216996968397,0.24600702893095783,1.713665752167358,True
7.0547367012210325,9939.721418302848,3271.8187431637507,0.2476485484036518,1.7470953034273558,True
6.920012107238611,9973.72538862363,3288.3318206317726,0.24795035707860558,1.7158194729780873,True
6.15894408809589,9928.641267588368,3331.358735876411,0.2512336904227709,1.5473342523598377,True
7.0871120175761035,9958.79022682315,3301.6616401302476,0.24898560571366168,1.7645888784567572,True
8.076804226123663,9977.908687900299,3323.471159619957,0.2498591272272811,2.018063254724874,True
6.216435624847805,10078.782937788044,3295.894624216239,0.24642796874441644,1.5319036038616718,True
6.430131972476521,9991.550503989496,3284.2864685472096,0.24738827957448611,1.5907392861078633,True
7.005966965499697,9936.232013522385,3312.6015814963635,0.25002967678164695,1.751699655926785,True
7.094192837964896,9942.208526039953,3315.424914793522,0.2500766769265186,1.7740921703941692,True
7.399589218479163,10046.325383314404,3329.2528804362796,0.24890534186913832,1.8417972841167463,True
6.92082972706353,10089.324486552829,3281.136913132529,0.24540192107429762,1.698384910449497,True
7.4242602502970545,10006.884673378001,3285.235041329841,0.24715659442148274,1.834954879562205,True
8.101830035433562,9905.982253094608,3278.7011978137753,0.24867500308381565,2.0147226090459913,True
6.371880954608861,9956.714257402054,3325.33876181723,0.2503633103260035,1.5952852087990899,True
6.985643031913248,10078.56693059203,3296.212763453682,0.2464498734824855,1.7216108414088265,True
6.125570703705909,9956.48090419484,3291.6287872688395,0.24846026066569907,1.52196089376894,True
7.797992919744775,9939.754073596563,3315.5791642456024,0.25013170961104747,1.9505253005506042,True
6.6336202710011385,10060.504516065279,3288.2870516223625,0.2463359349757215,1.6340990517309646,True
8.04097815346067,9985.462246555586,3295.2127799447026,0.2481208804047556,1.9951345787520676,True
6.154307266264731,9913.574388799347,3282.0826250165087,0.24872445696187523,1.5307267327782181,True
6.0551608895771025,9933.024553177796,3292.928521546052,0.24897476219231232,1.5075822425186494,True
6.3684704204481655,9904.788147991767,3276.5586904655756,0.2485754096771072,1.583045143779442,True
7.2840227352121625,10074.7139266921,3273.8410469016812,0.245258086240647,1.786465476171498,True
6.485523085818635,9974.027667412645,3291.2760344061644,0.24811162325329172,1.609133660469159,True
7.510280248324504,9914.187733907645,3286.048168734143,0.24893859420167633,1.8695986070785187,True
8.122684804926168,10057.766706706652,3276.8045651015254,0.2457375267871802,1.9960484748343656,True
6.447272299443636,10000.000242993601,3299.929397935518,0.24811630489986472,1.599673379621209,True
8.38669018314877,10091.160858460482,3269.4964111309055,0.2447107462723574,2.0523132134733895,True
7.162838908061927,10021.539122951288,3297.856998950084,0.2475980869378414,1.77350521068007,True
6.293221778241532,9952.19992046552,3288.9741249481094,0.24838991721336956,1.5631728365027884,True
6.075438506575954,9973.326478693201,3309.2918394154885,0.24914454064405417,1.5136623359320645,True
7.616671458661752,10063.452483865354,3312.6456065937914,0.24765410541932428,1.886299956367776,True
6.542194161846965,10096.107699953609,3310.8347559097238,0.24694927772005004,1.615590122972436,True
7.750532384187677,10087.12443379595,3270.460621185186,0.24483921365453767,1.8976342543485398,True
6.552387090302334,9919.4848862831,3320.5014064615193,0.25079341723194387,1.6432955494033958,True
6.5133415991763925,10070.262776556625,3298.3114519637124,0.24672125804763373,1.606979833442786,True
7.817950734979992,10049.803308996263,3299.2414658281004,0.24715187651855855,1.932221194679949,True
6.871083480553197,9962.681187910379,3294.4563577369595,0.24850435068606608,1.7074941388446272,True
8.092344601141981,9959.90352456453,3323.047543883854,0.2501738903320396,2.0244933307751665,True
7.531767229283636,10086.249809639492,3316.2070318110273,0.24743277080026183,1.8636060345642609,True
6.891220984432305,9923.99070763038,3267.093365323629,0.24767436453704567,1.7067787782036254,True
6.782422765868138,9948.509675349267,3296.8602360608716,0.24890661854757357,1.6881899162123195,True
7.272978419342673,9954.942811904943,3311.692468762983,0.24962565101859432,1.8155219727726017,True
6.253589632072454,9929.642625741417,3272.247139880437,0.24786202566252855,1.550027393867665,True
6.153705544663042,10069.099860775921,3315.135352730313,0.24768956162582678,1.5242086287320085,True
7.761591951795457,9975.873464214852,3324.8026591031903,0.2499724546539647,1.9401841922127672,True
6.802869058130495,9948.363354868461,3293.7917826789853,0.24873532657381495,1.6921138568129896,True
7.566251815505558,10039.051948093747,3324.6593774037765,0.2487826395247281,1.8823520979702386,True
6.862013087143216,9976.962207238372,3274.041916762128,0.2470787787947416,1.6954578136448808,True
6.656671571434947,9975.53469023911,3271.3481366405026,0.24695229658123952,1.6438803321529087,True
7.385667577176099,10089.176610429107,3272.0735527117326,0.2448927692214217,1.808696585523523,True
7.670474890248943,10082.393653717594,3276.417338978223,0.24526264656110985,1.8812809719629944,True
6.68321831260541,9995.513895840482,3296.9025192692534,0.24802883210321364,1.65763083276633,True
8.26029009714027,10098.29586858384,3321.5582039182163,0.24751075428787656,2.0445106325798656,True
7.940175845381298,9923.637883957437,3279.618912874502,0.2483946925626283,1.972297538006695,True
6.956922629495667,9978.436807811986,3318.3765530050678,0.24956179070570653,1.736182069217991,True
7.6782272428568294,9972.845660868847,3327.670757970851,0.2501910943290387,1.9210240763973876,True
7.30458580732472,9942.177552509189,3318.579770063158,0.25025567464493903,1.8280140492138945,True
7.849122390177951,9951.171598838717,3309.6320667337422,0.2495800518731885,1.9589843732996182,True
6.020645302247648,10095.44982581527,3293.1642419183045,0.24596752324460505,1.4808832133281207,True
7.954056774258219,9949.093414029092,3321.125322631202,0.2502690715606868,1.9906544040345957,True
8.051328585459618,9914.35631085713,3331.3562029701866,0.25150449245312806,2.024945309459383,True
6.187758412921127,9933.975566952244,3324.034906467287,0.25071898329930536,1.5513884981893082,True
7.364035337502611,10068.436915392882,3292.288829941108,0.24641541879496215,1.8146118517116063,True
7.90840729669565,9964.761887444065,3288.5540461095175,0.24813066123202004,1.9623183318212236,True
6.723372500833752,10009.501653603047,3305.9510478255515,0.24827928287191167,1.6692741029877352,True
6.636905469148361,10005.578895080871,3326.2620583651387,0.24949758026518967,1.6558918550013195,True
8.11223239967756,9964.876640329685,3271.7992813230344,0.24717680637409764,2.0051556971167814,True
7.136753090247771,9909.74876288148,3284.1580933623763,0.2489147550566638,1.7764431473589122,True
6.434478807519021,9972.390017635918,3309.085261970274,0.2491504288722654,1.603153154462867,True
7.789077923294347,10080.30379536286,3310.6559656560025,0.24723067089584838,1.9256989606361028,True
6.236628497435099,10089.918144963009,3325.1036974402414,0.24786420301829057,1.5458369520379098,True
6.972959551598255,10041.868414385659,3280.2476651994034,0.24622572312112534,1.7169220078866383,True
7.069225140357447,10032.650351505403,3321.8884220398286,0.248746023982524,1.758441646301215,True
7.02233053269993,9994.689146717928,3290.3500759607214,0.24767334298447718,1.7392440785757561,True
7.274529172513631,10062.151383551256,3301.6165152665485,0.24705730750970453,1.7972255907620167,True
7.021897778262733,9912.64531574587,3309.044111439628,0.25027392525465064,1.7573979197027247,True
7.190497818080203,10016.84630653036,3306.670218404764,0.2481829937476559,1.7845592750271324,True
6.389019996093192,9904.438448311255,3306.6668635653873,0.2502944897875221,1.599136500164422,True
6.189003273567389,10094.290376329227,3270.640930454723,0.24471812502280257,1.5145612768673986,True
8.059094521933757,9921.62878696203,3329.754164737621,0.2512759745057809,2.025056829633105,True
7.120259217064649,10063.09819767889,3276.760935434498,0.24563684689148102,1.7489980231297657,True
6.848233176137413,9917.935343005116,3276.5207595857655,0.24832556447267148,1.700591369104799,True
8.19134341039235,9957.292676925235,3269.1518229239355,0.24716784793987648,2.0246367224831654,True
6.501683611036161,9954.374466363794,3285.079303367868,0.2481280089423546,1.6132498091795409,True
6.902898769858331,10037.251414439288,3330.6229367157625,0.24915127485679728,1.7198660287176208,True
6.109427808199028,9920.10194851726,3293.8385194395337,0.24926996813909844,1.5228968750978937,True
6.929931198791366,10055.281165768665,3302.830459680908,0.24725279682409823,1.7134448706997412,True
7.916649094505578,9952.333759113522,3314.5381155751747,0.2498356920065567,1.9778615048988815,True
8.308882787527574,10062.50975138036,3297.0047492236313,0.24679076092732052,2.050555505589846,True
6.954767124347314,9981.64346209596,3295.9677346808494,0.24823499391825526,1.7264165748152371,True
7.420213172673059,9966.591092559118,3293.4228587470975,0.248372503290064,1.8429769206427156,True
6.521977882177485,10066.566217231015,3295.953949174337,0.24665661178650108,1.6086889665643986,True
6.365651478107877,9904.817488887651,3296.4692211464417,0.24970817569175638,1.5895552176878502,True
7.296768596674135,9926.787371554161,3268.4688249545734,0.2477002929143097,1.8074117187241199,True
7.349236836612898,9942.146024512387,3313.831914981674,0.24998773610724281,1.8372190789008132,True
7.608955242774759,9992.340948506275,3290.7070957041815,0.2477373479905817,1.8850223928240515,True
7.297778789795737,10034.011607125341,3289.3567146975383,0.2468862704418198,1.8017213879220868,True
6.284496722595181,9945.260969211726,3284.6332461504553,0.2482735834982287,1.5602745218015792,True
6.181732160522696,9958.490212540777,3282.7534685670503,0.24791881696511447,1.532567724031988,True
7.009550666253813,9958.853223785809,3294.3668654808894,0.24857105241532035,1.7423713860692203,True
7.0237983366034245,9927.882663907032,3282.3177650966177,0.24846843034191415,1.7451921477340004,True
8.063913333712083,9965.525876608925,3331.1820409219517,0.25052682675912563,2.0202266187554905,True
6.180853973189665,10014.083963726313,3286.2323511295635,0.24707926287880722,1.5271608436572492,True
7.42301933985778,10092.696252255302,3268.377104639258,0.2446193518541469,1.8158141797168077,True
6.341062412086051,9969.431724005788,3329.2881781941674,0.2503465147531543,1.5874628746979724,True
8.047688593577256,9914.310539684462,3298.0268331834823,0.2496172130720875,2.008841598400782,True
8.240335611490096,9926.82537999661,3311.2939480818236,0.2501332603233507,2.0611820126606295,True
8.392303570650565,9993.980524051247,3277.734639373899,0.24697144257637804,2.0726593193824585,True
7.917976510734579,10091.668867014385,3298.204867450439,0.2463208341510372,1.9503625789124606,True
7.418180632296841,9941.576508656502,3304.5103613586057,0.2494706847226676,1.8506186017355242,True
7.345563278322573,10045.945361754035,3326.035445070979,0.24873169451255733,1.8270744013663895,True
6.679770993873628,9985.78418121807,3278.308930663081,0.2471566584319719,1.6509498779366178,True
7.48470217167375,9985.16061462678,3271.768629778298,0.24679686897771647,1.8472010611997964,True
6.884867484054292,9957.90745659088,3280.022792493605,0.2477745939717764,1.7058952454110379,True
8.084850117579222,9987.445864274607,3282.138810358104,0.24734299458765466,1.9997310388743967,True
6.760222015104886,9973.315090352926,3321.102319845411,0.24981179824380614,1.6887832181207183,True
6.32285209752382,10024.050950852068,3280.1597981797795,0.24655049894023046,1.5589023393697805,True
6.279822092027059,9929.39328550267,3290.1915019955213,0.24888765834060592,1.5629702152802198,True
6.383697158412952,10039.282061966964,3317.122852327217,0.24835446915638157,1.5854197190327501,True
7.073334198526912,9997.71787694035,3283.554576570436,0.24723192661426485,1.7487540414883755,True
6.164790178404237,9962.064765210529,3331.8962988672192,0.2506323196530563,1.545095662587833,True
7.5105296025221815,9986.658534631422,3317.834608976408,0.24937700167634483,1.8729533532784115,True
7.050127885121965,9992.593509895705,3300.8900462216416,0.24830888249022207,1.7506093765677877,True
8.30676487778391,9984.529390192423,3323.3071533262123,0.24972557653969493,2.0744116482842756,True
8.279730955243744,9992.288362263464,3325.040875116553,0.2496777556406426,2.067264642213612,True
8.130558525728308,10006.277771678991,3281.1783697009473,0.24693803951552973,2.007744182509624,True
6.502969168776463,9939.716162931278,3306.0165328710787,0.24959106519783333,1.6230830017835862,True
8.24940056069102,9916.102160875023,3328.446119608335,0.2513068810744569,2.0731311256411367,True
6.831133133054263,9966.686857357998,3272.834347308111,0.24720186604290795,1.68866885767855,True
8.20880886401009,9910.430866545246,3310.4402137236307,0.25039501509580603,2.0554448194223927,True
8.345897931454138,10091.34076922602,3302.052944328534,0.24654340900818497,2.0576261272550624,True
8.160049421826269,9929.635345302748,3298.4391837962435,0.2493514212170765,2.0347199205339637,True
6.0095752310464245,10025.061075801164,3292.4997158820534,0.24722993702707263,1.485746905931063,True
8.05055893084716,10001.492839092181,3326.700273204991,0.2495987449443265,2.00940940523979,True
8.275823314369767,10008.920066520019,3290.7278378967644,0.24742969599999118,2.047684446824151,True
7.65049641980651,9981.048117577036,3300.945924844658,0.24852788777812154,1.901361715668593,True
7.6272548079005045,10014.003468338977,3332.941201219381,0.24971566779782464,1.9046450278190432,True
7.265783209004522,10088.593802047048,3275.636754568584,0.24510477731522382,1.7808781754637457,True
6.614450440655856,9954.40539625077,3303.406999664857,0.2491668233804958,1.6481016047059405,True
8.356455468396858,9911.957955281854,3291.4302067425847,0.24928678656963144,2.083153930828877,True
7.052433737574603,10074.351066289562,3275.3744696376566,0.24535144642658469,1.7303248183415736,True
7.789288747923376,9929.332703124008,3293.7367492080302,0.24909017993754412,1.9402353358057214,True
8.3266783573483,9900.830224050784,3320.375675256653,0.2511401532163252,2.091163278447511,True
6.580286252607281,10029.313695003028,3311.575965252167,0.24822752077156604,1.6334081424519242,True
6.217760707401971,9923.378954573245,3290.096870842041,0.24899556440053022,1.5481948366469938,True
7.584119707559143,10093.375680108571,3303.5564958949803,0.24659052180709531,1.8701720361344842,True
6.562689806869784,9942.528807876195,3306.0006486175835,0.2495371776523578,1.6376350922141831,True
7.462693250983058,9933.574428074184,3316.716705048579,0.2503127419410076,1.8680072099182214,True
7.912071082796235,10036.254880653652,3307.4173433466362,0.24786410276159407,1.9611183999232429,True
8.198835280844797,10047.503694703775,3315.2047966878217,0.24809377521207718,2.034079997166757,True
7.2586988755955115,9997.577396814695,3275.686587173082,0.24678832509657847,1.7913621378886337,True
7.569712918045827,9976.489182104364,3272.012889366312,0.2469722895248863,1.869509330415886,True
8.338095399813849,10050.093009380429,3322.699623115916,0.24846714627441704,2.071742769355591,True
7.539685437512044,9924.479848612786,3330.72661444023,0.25127685666188243,1.8945484569573963,True
8.200588109715522,10061.790994259285,3296.9026762387616,0.24679828414059624,2.023891074421566,True
6.174055488012617,10093.239441601469,3312.3496904927947,0.24708721547811074,1.5255301787403857,True
7.636398317547664,10056.172935825063,3290.1029118922,0.2465184257715561,1.8825128918064098,True
6.7208811961800965,10091.270753603998,3271.480431635339,0.24482087455531293,1.6454120122311688,True
7.398013759310352,9947.744928579092,3287.684543623813,0.24840029184762155,1.8376687769054114,True
8.272405116154083,9971.35606360527,3297.0690041604385,0.24848985371823315,2.0556087372110916,True
7.99400686806856,10066.55084470223,3304.8383024586965,0.24715743937198886,1.9757782678339177,True
7.110022053298756,10098.551160275396,3293.9700985313566,0.24595593577014363,1.7487521274654536,True
6.2321998235628895,10065.597272409386,3304.5190908114873,0.24715709280599152,1.540332390177817,True
7.934123901806533,9928.414458268939,3297.09600696442,0.249298204075501,1.9779628396328752,True
6.475274776109174,10000.573144176295,3278.0012933359894,0.24686394678600126,1.5985118877541513,True
8.291703553433104,10082.14312290743,3283.9518389026375,0.2456926909681268,2.0372109587529583,True
6.475316048361091,9929.783073961995,3324.703794836181,0.25083610008794266,1.6242430244077641,True
6.25125032488271,10023.048469160043,3311.4259040722627,0.24833569073555958,1.552408567390639,True
7.223241267859118,10005.827160092209,3323.0266887303314,0.24931076043150438,1.8008317732701804,True
6.857308966373679,9905.960700554517,3294.7427834040486,0.24958842439024595,1.7115049404743126,True
6.507621782666482,9950.105870203572,3273.1981374365328,0.24753254826065846,1.6108482029800033,True
6.690238004271631,9910.745169057245,3287.603433900084,0.24909202907123068,1.6664849594534814,True
7.951406124881323,10058.775649205583,3269.6932973345583,0.24531649587429308,1.9506110878292777,True
6.085517232811296,9948.106985327362,3283.3298961801156,0.24814613300003446,1.5100975686271936,True
7.126534624783063,9918.654455516693,3302.465033038968,0.24978709525298642,1.780116383144393,True
7.299671162587389,10051.56106465652,3322.868298681257,0.24844935125157283,1.813598564694651,True
8.06244995648964,9913.966530045602,3288.9669635260957,0.24910880336763358,2.0084272608725637,True
7.966277885926534,10054.953840601516,3300.691961114429,0.24713832712532352,1.9687725901433424,True
6.603139470648096,10069.351112935998,3332.7837889597054,0.24867558887862637,1.6420395963111165,True
7.27515265275626,10024.32538301014,3300.962644151525,0.24772167306425139,1.8022129869386074,True
6.370565773490604,10082.135348568601,3291.1091971214555,0.24609653894216102,1.5677741879594285,True
6.025273035469778,9958.975647571508,3303.1060147014305,0.24906391762749286,1.5006781069893986,True
8.277963334962665,9919.428565222965,3297.455906287469,0.24948813870585598,2.0652536647151556,True
6.050596789369451,9953.970619758897,3284.3657809513847,0.2480950537542744,1.5011231357040542,True
7.2695395864266175,10046.736507017295,3271.5438749267987,0.24564311465931504,1.7857123461490232,True
6.614594621293403,9977.929545354431,3312.8383602789486,0.24925861197792643,1.6487446741002514,True
7.383731336022003,10026.43958182568,3301.109026762987,0.24769063866971416,1.8288811303848718,True
6.911675115225092,9910.936896203406,3270.913536856618,0.24813766120826108,1.715046898123293,True
7.683573812415286,9931.995746853925,3280.6163862115586,0.24829430798180982,1.9077876425808098,True
8.32534704660439,9963.747338126233,3318.204789871897,0.2498280943866058,2.0799055877603316,True
7.975760857267687,9947.318808503425,3291.083363277372,0.24860125267176889,1.9827841401272084,True
7.919526142142968,10035.372046722461,3304.545359252384,0.24771857716092782,1.9618137477204278,True
6.751952762525817,9939.561616993291,3321.8323064801757,0.25048892489350855,1.691289388416847,True
7.851796599691557,10088.975166731929,3294.09196024409,0.24613879083100804,1.9326317208991004,True
8.161267558708989,10008.689445120828,3318.676538120054,0.24901218607587416,2.032255075944238,True
6.9594261331995115,9946.860852063146,3317.1785860737946,0.2500881124143976,1.7404697451392959,True
6.920107207524741,9954.337065350439,3324.3105017051867,0.2503500815815621,1.7324494039569747,True
6.467204337656379,10097.992617559035,3277.8141566003655,0.24505543567904592,1.5848235765897996,True
6.059082115092998,10075.22186168482,3328.4844128015698,0.2483256753497541,1.5046256582300854,True
7.373314118310136,9903.030465181539,3289.89869199449,0.2493683285038346,1.8386710172167235,True
8.016528923261344,9968.332941102743,3308.9436920412995,0.24921855463801887,1.9978677514690657,True
8.355364591547701,10073.709671014516,3320.686284696362,0.24791609085444002,2.071429327200111,True
7.860809880106785,9955.344654815908,3317.1779560934297,0.24992822037966453,1.964638224077973,True
8.3289087204116,9939.459091444336,3313.2354538801005,0.2500046645268085,2.0822660305209117,True
7.662724812869984,10091.596398889274,3327.010943306922,0.24794010723041227,1.8998968117801245,True
7.289108165162317,10059.572840957091,3314.4194599042407,0.2478257341071432,1.8064285820177228,True
6.731655181769102,10030.979569152902,3276.8850356340745,0.24623672790113485,1.6575807453175428,True
6.96442396456937,10011.895417839136,3271.8209274011483,0.24630313101901496,1.7153594282172973,True
6.4043736941155105,10074.199307633584,3289.8548078775007,0.24617191605495725,1.57657694341238,True
7.451317353250779,9956.306086853287,3332.1935272454402,0.25075769454890723,1.8684751608534307,True
7.247002050104689,9934.030809348247,3298.7449771889505,0.2492859419975239,1.8065757327183343,True
6.504726377993503,9948.038267244854,3312.8263348445066,0.24981978432405855,1.6250093408373514,True
7.600039546413655,9976.31648595411,3282.2744227653166,0.24755831485883995,1.8814529829707067,True
6.183458323574509,10082.413803664398,3290.3697307684342,0.24604972646840842,1.5214382291443114,True
7.370211096768658,10094.762379740221,3307.456514636993,0.2467842482429986,1.8188520049082595,True
6.223189403520202,9960.89606114705,3320.9395515618708,0.2500361884003579,1.556022558149688,True
8.102288087753672,10052.479977059305,3303.633367159172,0.2473499050222744,2.0041001889689762,True
6.705712531562851,10012.173552965804,3323.9777450497877,0.2492456534700827,1.6713697019119054,True
6.0947645327483375,10052.295818009452,3314.963105623752,0.24799123923326755,1.5114482093112271,True
8.243388417757124,10099.377369596323,3275.6526339614556,0.2449080587550179,2.018872254956496,True
6.353873751695332,10075.676385138126,3292.468435307088,0.24629209808316807,1.5649088972606138,True
7.213425055819744,9921.768379228204,3267.6422750159704,0.2477474059058497,1.7871073452756008,True
8.213001734597519,10001.008961702322,3316.120012122766,0.24901163145904973,2.0451329611081337,True
6.737249914400536,9909.916403609275,3332.310702711299,0.25164276944931513,1.6953802269319123,True
7.715663813161864,9983.81662412048,3313.0015295098406,0.2491574669392105,1.9224152514419401,True
7.943482831780038,9900.376410016968,3323.4013263484894,0.2513201138589254,1.9963570097193781,True
6.49785996279858,9913.884687235126,3316.6724066130014,0.2506827477548296,1.628901390000443,True
6.015213401334293,10010.42347706304,3277.218414020619,0.24663656959476873,1.4835715986855709,True
7.5024257215870165,9918.09357939343,3325.331037573171,0.2510929864253523,1.8838064798676628,True
7.093501263691014,10076.09063535119,3289.5211386108995,0.24611826186806537,1.7458402015785577,True
8.236494303027886,9953.379592736756,3270.2235024417823,0.24730200074094325,2.036901520230177,True
7.575888184308626,10016.201095418064,3272.006489783548,0.24623384823002104,1.8654401013826598,True
8.294496552015481,9958.14931810451,3280.929649322239,0.24782159373734336,2.0555553547693757,True
6.012731733087657,10094.462436472635,3324.6767958147175,0.24775633803808528,1.4896923957951878,True
7.839126296186376,10089.796159249216,3294.2538890262163,0.24613281309798218,1.9294662075107187,True
6.796944770131679,9907.935367891923,3312.9753412485184,0.2505860159057009,1.7032193102783875,True
7.505753550074868,9943.936319272856,3325.871194650164,0.2506344716123859,1.881200575075804,True
8.099193118052513,9902.824708298358,3302.896706154734,0.2501110391848685,2.0256976073150494,True
7.829427581278988,10057.270443327254,3320.7683615564583,0.24822534976832308,1.9434623998487328,True
7.721683329410567,9973.701585604258,3327.218975405147,0.25014952612818586,1.931575425763966,True
6.215219300214035,10076.644186583115,3268.9441456628533,0.2449456752509249,1.5223910883235077,True
7.394440500781091,9901.28845653731,3267.526960725473,0.24812611136170423,1.8347537671543048,True
6.728690305661036,10027.62616010157,3270.4706406697446,0.24593524093463143,1.6548220714972657,True
7.792317746463463,10039.61682221781,3323.527541304172,0.24870849636082398,1.9380156298886924,True
6.085259287213234,9968.14470977453,3320.3061525219778,0.24986405013866025,1.5204875316469955,True
7.9927770389880415,9983.86543101206,3319.8760720629152,0.24954454138300655,1.994553880570896,True
8.39795269490065,10075.223196815385,3288.677611667693,0.2460866523029055,2.066624064886265,True
8.080650810917348,10071.405234621685,3332.8476129166615,0.24864105823911922,2.009181568887286,True
6.6120410110192855,10086.554677027361,3309.2824137789707,0.24703812022692911,1.6334261822255682,True
6.377534680074656,9912.33399681769,3322.8017053264957,0.25105913381667694,1.601138332665361,True
7.722424347419423,10089.230315389983,3277.1390591132977,0.24517795126659683,1.8933681803115803,True
7.786035818927554,9922.892038355572,3324.623028242114,0.25096201148129477,1.9539992105834691,True
6.746064157380721,10010.34890064402,3283.624879076014,0.24700100462701274,1.6662846241513203,True
6.418327352481015,10027.138693584675,3270.5602653326696,0.24594933871167649,1.5785833679777708,True
8.281689169415287,9948.146550701222,3269.7693750566027,0.2473740484825437,2.0486749781122944,True
7.364173542700239,10034.319125628448,3281.7713043305976,0.24645156336180654,1.8149120824661271,True
8.094215019503212,9946.982116361196,3279.9674590082154,0.24797610668419065,2.0071719272011066,True
6.189523222620831,10053.176203292718,3315.806671076645,0.24802235908564266,1.535140151289788,True
6.155920701331119,9930.165268440764,3272.480714178016,0.24786552017574517,1.5258404867960758,True
7.405725898504457,9932.883182412568,3311.9117988509447,0.25005383650981955,1.85183017306117,True
7.302087208143124,9995.144993808293,3326.0618073264222,0.24968171855444093,1.823197683163575,True
6.249411226924418,10012.788620486253,3301.33119915186,0.24795714954303244,1.5495861941504039,True
7.152854459990273,9971.731594108709,3321.8174699951605,0.24988191294715675,1.7873689554949714,True
7.826716439264547,10072.821795222906,3326.4668228201635,0.24825697226499369,1.9430369259884688,True
6.0773844762018605,9920.32979222171,3329.030257061955,0.2512597019538269,1.5270018121492939,True
7.725107818115901,9993.401835504259,3309.570671417414,0.24878429762185936,1.9218855225830989,True
7.897937877945393,9967.688792985933,3276.0157916765947,0.24736400383549279,1.9536655355325678,True
7.20395117156702,10033.194896785933,3280.9979837253727,0.24642860541159387,1.7752596406624785,True
6.720832483601782,9989.540228232145,3267.707405044975,0.24648460188996374,1.6565817190897216,True
8.170325185402884,10093.165981162758,3287.3574070004242,0.24568227352814317,2.0073040670140285,True
6.989952163786398,10082.354721931235,3305.841389951468,0.24692209184308006,1.7259736101652012,True
7.77736528935096,10026.012305173606,3330.4408687463815,0.2493506940337612,1.9392914326537458,True
6.323303546131742,9972.480488523624,3303.9185667634983,0.24885652751208645,1.5735953628952075,True
6.235249810555297,10052.215087982016,3306.4861852461436,0.2475155419391397,1.5433212359855124,True
6.574863398664462,9949.498579764326,3307.962874116121,0.24951706521069184,1.6405406193959515,True
8.162036581987099,10074.9980252017,3304.171177865568,0.24696385311489027,2.015728003552223,True
7.802089299023232,9905.993608562232,3291.3182364006875,0.24939307906533256,1.9457870734260858,True
7.531941587867205,9900.212844337311,3278.3544705508857,0.24876410251721645,1.8736766893178836,True
6.687267547288782,10056.555753657067,3323.7881565547264,0.24840827551659808,1.6611725993401167,True
7.942483187223399,10034.52327026883,3267.4937914394463,0.24563897161471743,1.950983402176739,True
7.659617844460862,10053.285819095976,3290.6101998351614,0.2466004077944504,1.8888648839936977,True
6.739074376772344,10094.521112631113,3267.820284365351,0.24455446746031195,1.6480707453869943,True
7.559081855087057,9924.037261977626,3316.9470920337,0.2505060804659012,1.8935959674387723,True
6.193499603581941,10062.82666220833,3272.039287857252,0.24537474168168597,1.5197283653345433,True
6.378117897550571,10042.179444637826,3319.353425738722,0.2484260943666097,1.5844909186982605,True
8.162625018943544,10037.822146242834,3324.15813164352,0.24877735653785496,2.0306762746225333,True
6.6212307789012055,10009.863770946176,3309.1883369297216,0.24845524367105026,1.645079506574157,True
7.287655706187431,10029.090471647987,3298.340045953868,0.2474850678529272,1.8035859669345686,True
7.1135523066287645,9980.8589808599,3322.2147538076956,0.24973286776198628,1.7764878175092937,True
6.147752901694386,10024.378702185639,3283.7457214236624,0.2467474466648454,1.5169423312194843,True
6.212456660385903,10068.88411989626,3278.6720610866,0.24563837878861597,1.5260177823517325,True
7.504487745380242,9964.813747339911,3288.23663782237,0.24811168314154916,1.8619510856214212,True
6.232760833786584,10029.256278674035,3297.6863574007893,0.24744507779858313,1.5422659894162831,True
7.433235838202646,9984.348766217,3269.558137423187,0.24668636660826423,1.8336779410685462,True
6.133455372432069,9951.739174910968,3281.7956800400807,0.24799085928369818,1.5210408681876437,True
7.310502942587111,10099.530920351606,3292.480416787801,0.24585406432989843,1.7973168607307233,True
8.341674804104482,9976.22454307003,3271.085151633779,0.24692448708597325,2.0597637724414857,True
6.1583799707366165,9950.600642435951,3283.345273301561,0.248100248724538,1.5278956024799677,True
8.154255340466372,10076.272488032015,3284.3338730880555,0.24582221677046082,2.0044971239058125,True
6.225411731398121,9926.455359120342,3296.7784648625443,0.24931711174033697,1.55210167226659,True
8.151996916106626,10004.546376357555,3332.455918930679,0.24986543791088545,2.0369022792911697,True
7.754757350062693,10024.145009328398,3328.0771598463234,0.24925268001678452,1.9328940523829843,True
7.340638679278286,10027.20573589592,3315.931328615756,0.248512123692039,1.8242377074433713,True
7.33953539144687,10017.809237080015,3311.0424728165412,0.24841168203245304,1.8232263319260356,True
6.230266111592188,10015.558960908993,3289.2127009723617,0.24722052993935054,1.5402496897709976,True
8.018903551099422,9986.91881308384,3297.300731641155,0.2482118517041879,1.9903868990556757,True
6.051415572458682,9952.54668616062,3327.953515825058,0.25058947066824094,1.5164210250959713,True
6.356348160243599,10030.370839685405,3323.17369972122,0.24886079421942658,1.581845851493413,True
7.2240626231275,10098.67327167085,3273.4080903156973,0.24479420979453284,1.7684087013347165,True
8.276566020723964,9936.568572053664,3329.1619352961993,0.2509595633238351,2.0770833943817775,True
7.198424956152656,9999.791197803315,3323.8643653943536,0.24947090155763738,1.7957975636063994,True
7.795037660064121,9942.66953267008,3308.0761861078777,0.24965207666915848,1.9460473395493056,True
6.801306889462905,10093.110067338295,3317.542628053745,0.2473811456763523,1.6825150904118016,True
6.012298489087501,10027.815044537505,3286.4725610244363,0.24683803282509367,1.4840639318036415,True
7.505532410561008,10051.350022911725,3269.9667680578245,0.2454687340124302,1.842373538909674,True
8.165977119795025,10034.203710073776,3273.976484674915,0.2460123350273542,2.0089310990207228,True
6.80343948251551,9983.050431867512,3279.2866742436477,0.24726310664600612,1.6822395823248812,True
7.821573082476652,9991.900325910327,3324.960355927923,0.2496804941770216,1.9528942324744605,True
6.836296400304841,10020.821538055812,3299.0255445497046,0.24767743383915614,1.6931963493913635,True
7.134118534839254,10091.04584098049,3315.4155077974397,0.2472998221935468,1.7642662451734341,True
7.305428330481371,10073.950793672764,3267.9080726741054,0.24493648939106866,1.7893659687661627,True
6.427946616571828,9985.184225844505,3307.522796864424,0.2488223648662334,1.599416878369306,True
6.436460742610915,10091.452866849573,3321.869830003455,0.24765450776658168,1.594018516970233,True
7.008224720173605,10034.38358997764,3308.197786548361,0.24794286002021854,1.7376392807842396,True
6.296088317846893,10023.177725111265,3314.1453529109294,0.2484865466273452,1.5644932433625454,True
7.047105547078043,10095.86145929176,3307.90613395621,0.24678927853259247,1.7391500937064206,True
7.029816021692044,10094.76678388333,3276.864869597877,0.24506095849153675,1.722733452295014,True
6.994851000211035,9977.407841380786,3289.999195222454,0.24797605034244652,1.734555523766244,True
7.903109561645434,9935.724793720228,3301.1426306511803,0.24939001992066448,1.9709566510139487,True
6.913151595055151,9958.30607301937,3318.423695962559,0.24994285141777187,1.7278928219514023,True
6.619022580224804,10095.654939352024,3322.617520535743,0.2476188742230633,1.6389949197723017,True
7.639424362830416,9991.277209240929,3268.51251901876,0.2464980656558076,1.8831033281615481,True
7.452182961188033,9935.284332331305,3309.7329075506314,0.24988513397964696,1.8621897376973138,True
7.1097874949581445,9957.670095462783,3328.987085964393,0.2505511386730016,1.7813653525848308,True
8.080902399274732,10073.09824510091,3289.519510533822,0.24617328510700695,1.9893022902585553,True
7.681377024670416,10037.850968836594,3284.019381867833,0.24651338704059544,1.8935622674873158,True
7.060238558274294,9946.688005843052,3296.2909806722814,0.2489085714044197,1.7573538933144544,True
6.745374480068521,10031.222395112838,3294.3395207239782,0.24721955753391586,1.6675884943631074,True
7.516355131173954,10040.948303724255,3321.782499202449,0.24858560336147104,1.8684576753619662,True
8.05979107956659,9994.240277068895,3331.4142680444006,0.25000004740975945,2.0149481520044037,True
6.734240287942296,9924.49070827306,3296.321411318942,0.24932820930373126,1.679036072013696,True
6.704200947481773,10029.434502862327,3301.989105009005,0.2476846586031065,1.6605277228836461,True
6.9030687380976286,10095.653692318941,3326.5134562733733,0.2478372843555484,1.7108378097697985,True
6.33968487275445,9986.425369622233,3317.4263076250736,0.2493583353231942,1.580853266343686,True
6.193152660321546,9977.051655977506,3328.151459290435,0.2501390944923889,1.5491495985059611,True
8.074660449734292,9997.783114528032,3322.816181187177,0.24944945099099375,2.01421961612491,True
6.799494072216991,10079.923625807307,3300.174018312599,0.24664797717398665,1.6770814587188339,True
6.569756373031183,9953.676458056341,3289.6466433270602,0.2484003915137752,1.6319300552110654,True
7.962989392882719,9919.066222291247,3323.9712709235564,0.25099764858527546,1.9986916133230526,True
7.774101411548835,10050.124008181177,3278.8053660966248,0.24599165274474863,1.9123640548321812,True
6.188400512779427,9992.479784455043,3275.072697341717,0.24684829412471934,1.5275961099401398,True
8.239095841317004,9906.553988898913,3331.356403510939,0.25165273859392645,2.0733910320052544,True
6.1259124205826,9946.570921284652,3309.2481166315706,0.24964493760558873,1.5293030240136443,True
8.226390691067717,10052.218092713032,3300.7018642428393,0.2471895192124941,2.033477559779166,True
6.407887182181459,9914.831091728835,3307.114279791234,0.2501231238570024,1.6027607593304714,True
7.418493249378997,9938.186030728546,3272.517860354189,0.24771714568238473,1.8376879730002047,True
8.273214264206274,10011.69837713154,3306.12519771387,0.24824816000404532,2.053810218408429,True
6.064502665981524,10099.432470261698,3286.312041228361,0.24550834945396244,1.488886039784279,True
6.234814785423577,10051.781606248784,3296.008005231276,0.24693287062274877,1.5395807127658012,True
8.123083891478803,10026.895423427735,3270.0120686260752,0.2459227508787456,1.997651136211293,True
8.339708862059465,9953.749600761954,3283.581855444141,0.24805466768792667,2.0687037103922177,True
6.99634906964587,9924.240175600973,3282.5369803408767,0.24854943349021627,1.7389385977602827,True
7.964334375751772,10058.321900768318,3272.63498493309,0.24549137867539506,1.9551754261351444,True
7.410584151290663,9902.578240939283,3274.6354469993994,0.24850742535933273,1.8415851878459184,True
7.5185869604595155,9962.6250855541,3312.2178141186805,0.24951088605352348,1.8759692943747217,True
7.416969259797429,10087.69428497241,3310.7338455318195,0.24709867555241538,1.8327232807089233,True
8.315355253386436,9974.26310218864,3314.0191042953143,0.2493940941951289,2.0738004913290164,True
6.798916661916986,10046.469264807996,3326.6245856963415,0.2487550467292118,1.6912648319431767,True
6.039806684991064,9921.276186924304,3283.8356733515657,0.24867912578840987,1.5019738463545718,True
6.703299816301632,9977.584562739958,3285.3093200886437,0.2477068239490415,1.6604531074742706,True
8.35398332074445,10008.243746903132,3307.113940990038,0.24836838923200624,2.0748653810443454,True
6.736310646505197,9977.642353367468,3289.2621311820553,0.24792988711215116,1.6701327381404156,True
6.8806637495908936,9980.833799312128,3306.7328590761776,0.24885917369894592,1.7123162952234807,True
6.337033708753224,9929.252254701836,3297.2922006254653,0.24929354842166682,1.5797816197228067,True
7.3554996129561685,9946.138908692763,3302.4578658334285,0.24926850156563346,1.833494366788181,True
6.442116899353463,10038.450873656839,3280.4231899814295,0.24629883684667322,1.586685899141055,True
6.741940893927904,10039.114427628518,3277.7475681012193,0.2461351307201562,1.6594285032345113,True
6.817870435400696,10027.574750324302,3302.623727129639,0.24775503025821696,1.6891616960193023,True
7.3794812152033655,10036.443817828891,3313.574287739132,0.24820747519114655,1.8316424006461214,True
6.779777516496659,10090.737572868418,3290.9219941035467,0.2459277922617355,1.6673357166577754,True
6.425207361164062,10045.89735710598,3311.8706797625105,0.24793593290596805,1.5930397812045047,True
6.6727581490607815,9937.403709277884,3308.4651109422707,0.24977335619478694,1.6666771979670258,True
6.010105767977402,10017.957642700045,3281.019106534189,0.24671214698703137,1.4827660976368457,True
8.168944929367878,9922.972270576462,3328.7369369983776,0.251193026111351,2.0519819969448942,True
8.310834272450622,9954.627088210873,3293.9238855932076,0.24862521887157124,2.0662829899933914,True
6.7657442356188975,9928.864426203838,3314.5698839543224,0.2502802374616632,1.6933320738955768,True
7.070932517950388,9908.126793772642,3294.8357184412826,0.24955275873829558,1.764570716706842,True
7.08145459572694,9941.062742962264,3329.6301886238502,0.25090100462643233,1.7767440722843555,True
6.768404879887531,9995.771907709723,3288.4346104273964,0.2475446769016764,1.6754825991314888,True
6.841509421526025,9979.568904966609,3294.7695412988123,0.24820593166552543,1.698103219968337,True
6.496590253355118,9942.235799094611,3299.28784164322,0.24916225135096162,1.6187050536306753,True
7.764788219083784,9949.0464135031,3298.828578140933,0.2490081299998405,1.933495394278845,True
7.5292032244307645,10057.7149473939,3268.724530816456,0.2452811597697228,1.8467716990303145,True
7.392680077570749,10087.999453686232,3271.3518889333204,0.24487355748305825,1.8102718699288805,True
7.469204650895026,10060.623446246831,3297.8497941188803,0.2468732567546466,1.8439468775334085,True
7.575840997570917,10071.72000552771,3323.498078498202,0.2481107853302923,1.8796478594447452,True
7.846499112360212,10030.432104174035,3271.3481983642564,0.24593311000182483,1.929713929329305,True
7.57504710375623,9940.914642458807,3313.0212914379463,0.24996509021632896,1.8934973326833673,True
8.266668918830431,9992.83334744027,3320.533072017952,0.24941348171449776,2.061818677226521,True
7.335601358869566,9978.178499809299,3312.3956456480933,0.2492289354391994,1.8282441174774064,True
7.179053139842203,9983.153212764164,3323.6726849510915,0.24977201253694595,1.793126550848068,True
7.759485246748404,9967.03854394892,3317.7336898655376,0.24973959895381032,1.9378507336109543,True
6.501674157437731,9982.404354194254,3302.457414707475,0.24858801485147047,1.6162382720085524,True
7.074618786177493,10010.534823183301,3273.5817614860316,0.24642826194885561,1.7433860114284423,True
8.388949767567267,10019.720400512933,3273.6202386643813,0.24626016345481808,2.065864140975373,True
6.1520920069162335,9980.275197118457,3272.7592958789805,0.24694414683733165,1.5192231119126967,True
8.064106179847322,10006.80652403719,3330.395808854383,0.24970722687779276,2.013665591417746,True
6.532548564688292,10081.95175058762,3281.182198957174,0.24553987196012095,1.604001138146835,True
8.376205308670631,9961.235018811945,3280.3600473836786,0.24773148785965274,2.0750498037348972,True
6.1949332392140075,9900.53137075384,3324.5621090362665,0.2513828816496978,1.557300169301114,True
8.071816133070334,9989.150182171184,3314.0265651508435,0.24911542769797204,2.010813928289207,True
6.970870631703389,9961.945032509933,3287.0301405663363,0.24809693562155896,1.7294516423399318,True
7.222020948050991,9942.418876177679,3308.348078460328,0.24967219556316678,1.8031378265030742,True
6.9253086674423905,10022.914773549835,3269.1367606105414,0.24594674134454775,1.7032570995626082,True
6.6930730700174745,10079.217212686886,3304.563084488065,0.24690804922922954,1.6525736150667052,True
7.950443836487007,9938.18918957687,3316.48122584974,0.2502122740064372,1.9892986316878767,True
6.622271794993589,9988.753576378258,3274.293459613237,0.24687339573839212,1.6348627255326447,True
6.034550254096754,9914.554992169444,3330.1753236917143,0.251433985009395,1.517291018127004,True
6.578204334537156,10059.630309863422,3330.287331209812,0.2487160429571456,1.6361049518496247,True
8.160762394291442,9993.80783205811,3281.418048397595,0.24718359430920298,2.0172065809243356,True
6.897200510147365,9912.983496845975,3306.2741757801527,0.25011042659578714,1.7250617619096382,True
8.220812512502697,10005.401120287192,3283.6221709921438,0.2470928148005397,2.0313037036617883,True
7.853368981354758,9982.030330545953,3278.103806049057,0.2472149808049243,1.9414704619796044,True
8.192884519332317,10017.180710051081,3273.4836379612534,0.24629947399512908,2.0179031476143856,True
7.9495325444160585,9902.355870680121,3314.6053670050196,0.2507842239526421,1.9936173499376537,True
7.49781938432561,9973.088292184922,3268.168735323843,0.24681710569730722,1.850590079480413,True
6.914134533418235,9905.598577898161,3294.0462906771622,0.24955567543482693,1.7254615135344495,True
7.766074015556308,10007.544232003636,3293.360924982684,0.24760427099601123,1.9229130951228852,True
8.222352647803554,10011.218435223342,3328.7336059819836,0.24953115241343984,2.0517331317561194,True
7.588470421819601,9915.995441283905,3329.435862152451,0.2513648507080832,1.907474734683389,True
7.937902247777557,10050.150833340585,3283.4538105412403,0.24625402494199986,1.9547403781113712,True
6.493083827057114,10025.28010617286,3301.9131397141673,0.2477575794688193,1.6087107322798082,True
6.487422535928747,9927.797265239207,3318.871098222013,0.25054383541272757,1.6253837240945517,True
6.824341158210343,9986.362931739604,3277.0247721141986,0.2470729835607556,1.6861103307954919,True
7.860154766929033,10082.211933758077,3298.376771190692,0.24650460782572278,1.9375643682713266,True
8.166144478680623,9963.014511800022,3323.557627881663,0.2501440998431434,2.04271285980862,True
7.750300704329425,9911.974051040359,3296.5790415274882,0.24957911880464775,1.9343132202575788,True
7.414221450862605,10072.77560188752,3323.3515727924223,0.24808301156426002,1.8393423859343325,True
6.4473237907337255,10089.706559020919,3308.8539109037056,0.2469559262228952,1.592204818399555,True
6.532945676861125,9966.725228210156,3285.845973817725,0.24794026183499634,1.6197802616747548,True
6.3996021118437385,9940.861276824004,3319.261769632319,0.25031907758347455,1.6019424975379803,True
6.221530436497667,9921.29172241844,3275.8413980423134,0.24822371405524954,1.5443313920552286,True
7.742258415004143,10062.039985056066,3293.0331427058795,0.24657544823625605,1.9090508390405718,True
6.743126090815196,9953.864570033731,3298.368959939423,0.24889155118488956,1.6783071125782947,True
7.050505926800812,10001.558434684332,3290.67870609185,0.2475639481330902,1.7454510835745614,True
6.826756573870049,9925.41449869183,3292.711712321811,0.2491057854764807,1.7005845585906267,True
7.4434238249768425,10043.195793320827,3287.7673951424686,0.24662639515708248,1.8357447855803812,True
6.8878042561265955,9916.447266493515,3299.4060478450956,0.24965516560821596,1.7195759122402599,True
7.0173025958366395,9990.050170030667,3297.7943339627664,0.24818128575870005,1.7415631807926006,True
7.18672995050763,10054.581749720262,3280.3605848674883,0.24599735811072784,1.7679165812801187,True
6.709710156000095,10060.566074903669,3299.8538162722775,0.24698728356971075,1.6572130849705635,True
6.60684071630525,9941.17081922196,3322.3703142531504,0.25048893661346633,1.6549405054018542,True
6.342031886840635,10090.533397835974,3297.5773841502896,0.24630640109336324,1.5620830496670688,True
8.265241001575662,9937.433254530426,3312.687422147172,0.25001186804117564,2.066408342614449,True
7.328603454496724,9917.700116843047,3296.802736729841,0.24948367511521355,1.8283669232898925,True
7.42371417822536,10040.435961221705,3280.378011383398,0.2462595767893504,1.8281607117348773,True
8.29181155967802,10033.464455154433,3322.4002051998605,0.24875964901487152,2.062668133282959,True
8.393696613131537,9915.319725433068,3329.6469123417864,0.2513896035680136,2.1100880640453155,True
7.680127257223112,10035.564723408892,3290.7104458465756,0.24693400099064788,1.8964845517434337,True
6.571496599369437,9979.904004351552,3284.824485356311,0.24763601365116628,1.6273392215900429,True
7.048247306882304,10085.168275418568,3276.4972061123226,0.24521622777050123,1.728344616987273,True
6.298737346045787,10042.438921151132,3273.4784759068984,0.24583199026378225,1.5484311379272495,True
6.683231391675849,10028.953085464942,3274.954681026835,0.24616486663229747,1.6451767642046693,True
7.465408945688311,10054.252445944441,3284.3375970814195,0.24622824350154232,1.8381945317175337,True
6.566410004982758,9958.836338656736,3285.5698585536948,0.2480722661047431,1.62894421010893,True
6.6159288147271385,9941.004063333825,3323.409476125679,0.2505508039416193,1.6576262833504092,True
7.36341876752978,10056.314834739473,3292.7707417041074,0.24666638945776814,1.8163079214521398,True
7.771728946081806,10058.98808397377,3275.8343393415507,0.2456601396966416,1.9092040185788897,True
8.399930885780503,10024.659452623115,3287.839211791869,0.24697386228330206,2.0745633737740095,True
6.772411258030305,10099.572775973904,3270.9593283871527,0.24463942817356285,1.656798817520733,True
7.324591733343896,10077.17320293582,3305.765921480671,0.24701344680328624,1.8092726504801326,True
7.089522706314278,10018.58320000114,3278.174697227636,0.24653939874402406,1.7478466653968283,True
6.124100215581296,10076.013451164807,3273.2872024552053,0.24520289769393783,1.5016471186286031,True
6.686735691789569,9948.452305705394,3271.3538815942893,0.2474585357187075,1.6546898230282654,True
6.458718526775848,10013.127077365527,3271.45138648502,0.2462593295968826,1.5905196944587856,True
8.24005453892114,10013.513740229026,3282.3610454124982,0.24687063456382607,2.034227492863997,True
7.791160990221199,10060.824640513321,3278.3824172936056,0.2457704122206345,1.914836848243991,True
6.664452537137437,10092.412017420418,3306.379508337575,0.24676699402191252,1.6445669193911134,True
7.85923205048309,10085.691040322718,3322.4580947368236,0.2477939394371205,1.9474700707396833,True
6.530502345378003,9907.86543162187,3281.330467463206,0.2487892736274263,1.6247189349287972,True
6.340279062323444,9992.671737148767,3303.2667594677623,0.24844178997280694,1.5751902791707464,True
8.13370007558078,10022.301779361944,3319.33631606512,0.24879525979668454,2.023626023412433,True
6.665352241744745,10065.668976092693,3289.7819283943027,0.24632503626583235,1.6418431326723213,True
7.588081671309999,9976.679499098478,3276.3523996609983,0.24721531078240858,1.8758899686151997,True
7.666438197076539,9991.479752585514,3275.413462939625,0.2468862460660105,1.8927381471733005,True
6.0867609852786035,10096.868158649197,3307.7820033263574,0.24676376953942541,1.5019920850128552,True
8.108603265699918,10080.001843721262,3330.9119107690167,0.2483732258477728,2.0139599502216736,True
8.348010160026819,9932.682111042272,3326.783691561671,0.25089877232522784,2.0945055005092574,True
6.157944779982127,10054.431643505395,3322.879793585414,0.24839668338528623,1.5296130598172966,True
