rf_ohm,cf_f,fc_hz,vout_3uA_mV,fc_pass,gain_pass
46232.877982285136,9.732853900611204e-08,35.369506348249814,138.6986339468554,True,True
45824.75613611178,1.0494106629909224e-07,33.09592292201221,137.47426840833532,True,True
47549.47465894059,9.684922567992742e-08,34.560359843856006,142.6484239768218,True,True
45876.87567801188,9.674429736083436e-08,35.85922697284287,137.63062703403565,True,True
46015.677586334896,1.0329887630242384e-07,33.482564410102384,138.04703275900468,True,True
49316.526075920556,9.821553908395222e-08,32.858478537086285,147.94957822776166,True,True
46626.537600996024,9.501096142338804e-08,35.92636286888012,139.87961280298808,True,True
44921.079187599615,9.565371938549513e-08,37.039753575159466,134.76323756279885,True,True
45177.22316539587,9.980219359028201e-08,35.298846313031625,135.53166949618762,True,True
48982.26294345768,1.0331650754692511e-07,31.449342425513937,146.94678883037304,True,True
45875.96984833303,9.553765745223393e-08,36.31284573471839,137.62790954499908,True,True
47990.54369535763,9.679936334819926e-08,34.26036302864631,143.97163108607288,True,True
47944.96807021335,9.642348577909503e-08,34.42661085035921,143.83490421064005,True,True
47231.868454701245,9.972311795057318e-08,33.7900750721049,141.69560536410376,True,True
47939.7108456359,1.0042419377045406e-07,33.058745387726105,143.8191325369077,True,True
45573.44209687209,9.592085336396161e-08,36.40786954460879,136.72032629061624,True,True
44688.935858086574,9.881794324940648e-08,36.03996063303292,134.06680757425974,True,True
46330.91766942284,9.935938678445756e-08,34.57325957356331,138.99275300826852,True,True
47497.66136426992,1.0266923649178679e-07,32.63680017403218,142.49298409280976,True,True
44795.180701880454,9.57112342159404e-08,37.12153465142878,134.38554210564135,True,True
48019.48155567611,9.860853849405554e-08,33.61151921796133,144.05844466702834,True,True
49246.66635396713,1.0272470881541132e-07,31.460699573714326,147.7399990619014,True,True
44759.98153853164,9.545462664554452e-08,37.25059804666409,134.27994461559493,True,True
45280.59920975128,1.0031992503805178e-07,35.03650418427494,135.84179762925382,True,True
48413.619442753225,9.763951894120817e-08,33.66874656152074,145.24085832825966,True,True
47730.59520801216,1.0433420664541002e-07,31.95924885819079,143.19178562403647,True,True
48263.67627295656,9.680155744332274e-08,34.065705500005784,144.79102881886968,True,True
48689.51714188729,9.80360064022298e-08,33.34256853302977,146.0685514256619,True,True
49071.277522013916,9.524220983912319e-08,34.053621420786776,147.21383256604176,True,True
47397.4690589375,1.0482967910990248e-07,32.031754223253856,142.1924071768125,True,True
49326.71441398022,1.0211642318148217e-07,31.59674524227793,147.98014324194068,True,True
45899.00541279883,9.832415744994561e-08,35.26603410416425,137.69701623839651,True,True
49167.863308303255,9.663763818138712e-08,33.49596459504493,147.5035899249098,True,True
45351.260335328836,1.045393617261279e-07,33.56996795313815,136.0537810059865,True,True
46615.69654665371,1.0346900048886254e-07,32.997246405152346,139.84708963996113,True,True
48532.1290258497,9.586963003463889e-08,34.206586414520544,145.5963870775491,True,True
49084.65850945426,9.618586074768872e-08,33.7103391620739,147.2539755283628,True,True
47579.25677553726,9.750579872481182e-08,34.306154068630036,142.73777032661178,True,True
45910.624831726826,9.964108698038381e-08,34.79112494883818,137.73187449518048,True,True
45809.37590179872,9.720822503441207e-08,35.740674422291235,137.42812770539618,True,True
48624.491226341226,1.0427474868385626e-07,31.389609262129888,145.87347367902368,True,True
45926.84161509011,1.018736634149487e-07,34.01665675272868,137.78052484527035,True,True
47615.83216717486,1.0118517062676875e-07,33.0332941422856,142.8474965015246,True,True
47291.246720201794,9.507779773133104e-08,35.396494577378036,141.8737401606054,True,True
46843.26359248979,1.008599512974319e-07,33.68637140266953,140.52979077746937,True,True
45957.198293520494,9.689861588999517e-08,35.7395445137037,137.8715948805615,True,True
47295.04030404821,9.835309539795579e-08,34.21499643045029,141.88512091214463,True,True
47532.476191388145,9.626715045247216e-08,34.78176172482138,142.59742857416444,True,True
45775.35996076751,9.97905836417307e-08,34.84165698675565,137.32607988230257,True,True
49043.219928080514,1.0312410052203702e-07,31.468857954951318,147.12965978424157,True,True
46295.76187304027,9.974534407960115e-08,34.46563332595154,138.8872856191208,True,True
48930.173942850015,9.598970572940122e-08,33.88587556606098,146.79052182855006,True,True
44956.938991345814,1.0017087056576501e-07,35.34125356240122,134.87081697403744,True,True
46063.602274317556,1.0052674719543117e-07,34.37008481565583,138.19080682295268,True,True
47291.99686271492,9.686001942817546e-08,34.7446489234001,141.87599058814476,True,True
46674.10318017206,1.0150181118964878e-07,33.594668335693086,140.02230954051618,True,True
47494.5813637502,1.0317348988932305e-07,32.479396174811725,142.4837440912506,True,True
45609.73669809205,9.935735685712913e-08,35.120649333636706,136.82921009427614,True,True
47743.159084075814,9.606281317587099e-08,34.70193394645194,143.22947725222747,True,True
47153.712105966304,9.765530982490685e-08,34.56275730658654,141.4611363178989,True,True
46759.39521124721,1.0165537219109687e-07,33.48273391227753,140.27818563374163,True,True
45292.789117953405,9.772485700665589e-08,35.957213002890285,135.87836735386023,True,True
45690.54157205767,9.905795419197986e-08,35.16450200975103,137.071624716173,True,True
45996.86513959668,9.774780120329592e-08,35.3985033854464,137.99059541879006,True,True
48334.976020457376,1.026426915976193e-07,32.07972171095119,145.00492806137214,True,True
49254.75862821046,9.534109532322114e-08,33.891578727224044,147.7642758846314,True,True
46777.37943301403,9.503524535177667e-08,35.80136153653358,140.3321382990421,True,True
46228.7976101893,1.0495385502218794e-07,32.80266575733647,138.6863928305679,True,True
44948.95865179728,1.0216149380370096e-07,34.658779282965035,134.84687595539182,True,True
45544.886518087565,9.857469248963658e-08,35.449905058834965,136.6346595542627,True,True
47709.5845405696,9.833301307485989e-08,33.9246323757326,143.12875362170882,True,True
48754.191500247594,9.976406549084993e-08,32.72156252606449,146.2625745007428,True,True
47361.63019095785,1.0204433445542417e-07,32.93097518854526,142.08489057287355,True,True
49067.60617230749,1.0122175930098952e-07,32.044343565696515,147.20281851692246,True,True
48775.55565057861,9.515942530879833e-08,34.2898902828256,146.32666695173583,True,True
47876.62766834064,1.0311402894287535e-07,32.238796687421974,143.62988300502192,True,True
47127.983938599304,1.0227596277721294e-07,33.01928718064482,141.3839518157979,True,True
46363.5546225806,1.0324599506737772e-07,33.24835723062917,139.0906638677418,True,True
47579.502260511195,9.799022051864644e-08,34.136382970225405,142.7385067815336,True,True
47310.3745242432,1.0055189819043328e-07,33.455958138376154,141.9311235727296,True,True
45568.30993538332,9.652621469159536e-08,36.18361340217689,136.70492980614995,True,True
45227.916362170385,1.0233676986613478e-07,34.38601484876858,135.68374908651114,True,True
49258.35117396922,9.735878955639562e-08,33.18677839151016,147.77505352190764,True,True
46639.56697722126,1.0241493113992809e-07,33.319796839676314,139.91870093166378,True,True
45455.23267333816,1.0268211785915921e-07,34.09898319860254,136.3656980200145,True,True
48550.552823549944,9.573552308274941e-08,34.24150444457959,145.65165847064983,True,True
46165.98531837178,1.0441345467077889e-07,33.01730010981874,138.49795595511532,True,True
48125.93770211003,9.535058103822495e-08,34.68307405824724,144.3778131063301,True,True
48139.17086363454,9.807664706954441e-08,33.70977979376666,144.41751259090364,True,True
46028.16062668455,1.0145538842053763e-07,34.081711334910196,138.08448188005366,True,True
46485.2218000335,9.788045282738407e-08,34.97915019638685,139.4556654001005,True,True
48679.217386521035,9.784344377723042e-08,33.415257646897714,146.0376521595631,True,True
48316.96433440861,9.756940089235855e-08,33.760343191171394,144.95089300322584,True,True
46295.55388441155,1.0389833227465556e-07,33.08813360565629,138.88666165323465,True,True
48524.21355130901,9.969943663035785e-08,32.897956500994496,145.57264065392704,True,True
44959.86679167284,1.021769057246932e-07,34.64514387618984,134.8796003750185,True,True
46990.58671496229,9.673460956507855e-08,35.012843368738515,140.97176014488687,True,True
47370.2561363838,1.0468410202690425e-07,32.09472557238107,142.1107684091514,True,True
45658.233437993134,1.047121904721921e-07,33.289232528022104,136.9747003139794,True,True
47101.02765411194,9.580412485594244e-08,35.270006594175186,141.30308296233582,True,True
49218.228617913825,9.625278490120749e-08,33.595479845882366,147.65468585374148,True,True
45273.21329965955,1.0068078506692242e-07,34.91662175811965,135.81963989897864,True,True
48499.96993893645,1.0383738234607708e-07,31.602754019812014,145.49990981680935,True,True
45316.68182195654,9.663891697987521e-08,36.34209631046897,135.9500454658696,True,True
49169.182874613965,9.741337844394393e-08,33.228331542719125,147.5075486238419,True,True
48265.881374685065,9.92903275719177e-08,33.21031133502936,144.79764412405518,True,True
45793.0134617838,1.0040690656236386e-07,34.61444087153506,137.3790403853514,True,True
46419.829549961396,9.667884721603619e-08,35.46378839136301,139.2594886498842,True,True
47987.80418570302,9.506347711658062e-08,34.88795859538777,143.96341255710905,True,True
45524.6907490129,1.0438422256024484e-07,33.49178282144738,136.5740722470387,True,True
48075.64872365507,9.510468028152493e-08,34.80912355437123,144.22694617096522,True,True
49097.27411797109,1.0395682494234624e-07,31.182414780329065,147.2918223539133,True,True
48438.82317473436,1.0152560451182525e-07,32.36316326689514,145.3164695242031,True,True
48484.45525570994,9.804436754252009e-08,33.48073333088892,145.4533657671298,True,True
48435.99668884709,1.022981458881457e-07,32.12063544950702,145.30799006654127,True,True
48417.95798423729,9.846145715551426e-08,33.38469429223319,145.2538739527119,True,True
47894.09176523734,1.0315351631998102e-07,32.214704558492855,143.682275295712,True,True
49121.08692910855,1.010430241327269e-07,32.06607675037002,147.36326078732566,True,True
45550.92763739888,1.0164206841462729e-07,34.375530691164144,136.65278291219664,True,True
48943.68269284308,1.0394934023754505e-07,31.282521400774993,146.83104807852925,True,True
45415.59407931656,1.0229337877358566e-07,34.25844200788936,136.24678223794967,True,True
48432.3169415106,9.877976347414092e-08,33.267250167704226,145.29695082453182,True,True
48139.906479154284,9.966164304062911e-08,33.173160248146544,144.41971943746285,True,True
48542.0554149953,9.924820259575476e-08,33.03538097394622,145.6261662449859,True,True
46703.20640512712,9.944081248763167e-08,34.26957902685208,140.10961921538137,True,True
49044.86370297482,1.0224119918203416e-07,31.73954268749744,147.13459110892447,True,True
47430.71073655864,9.76313920149349e-08,34.369326174386806,142.29213220967594,True,True
48595.73530550471,9.644958159343202e-08,33.956398824505094,145.78720591651415,True,True
48241.04193220535,1.0484301972853472e-07,31.467622472032513,144.72312579661605,True,True
49238.36041368721,9.94109998257686e-08,32.51487636372255,147.71508124106165,True,True
47737.550467613124,9.87326091484819e-08,33.7675372110519,143.21265140283936,True,True
45085.12926837563,1.029718175730946e-07,34.28218023167041,135.2553878051269,True,True
46887.63960070947,1.033120525449851e-07,32.855703563128905,140.66291880212842,True,True
45084.22694876313,9.638897951435525e-08,36.62419789382923,135.2526808462894,True,True
46845.264092883015,9.597802269686021e-08,35.398319227374195,140.53579227864904,True,True
47468.98167992352,9.698653661490892e-08,34.569951120425195,142.40694503977056,True,True
45070.12028456098,9.5787498121155e-08,36.86570847446259,135.21036085368294,True,True
46511.92601185179,1.0157833268321561e-07,33.68640983603326,139.53577803555538,True,True
48632.88498839694,1.011555588282822e-07,32.35194119676606,145.89865496519081,True,True
47871.18660977354,9.943489740414897e-08,33.43544509661674,143.61355982932062,True,True
44704.29273517394,9.98881073654999e-08,35.64159401405304,134.11287820552184,True,True
48072.60722865724,9.539466866711934e-08,34.70550361699375,144.21782168597173,True,True
47664.06414077554,1.0317471889568907e-07,32.36352117354763,142.9921924223266,True,True
45631.12765845974,1.0289232235312513e-07,33.89814714732192,136.89338297537924,True,True
47908.6746981342,9.91689604808109e-08,33.498874338006246,143.72602409440262,True,True
45227.310128731544,9.908698228002113e-08,35.51426005500808,135.68193038619464,True,True
45096.48241164795,9.817515437472411e-08,35.94809420875638,135.28944723494385,True,True
48615.73857899359,9.924260714131656e-08,32.98717153249024,145.84721573698076,True,True
46423.34225452218,9.840850956804139e-08,34.83782818858136,139.27002676356653,True,True
48905.6003673799,1.0011587365150778e-07,32.50563058195345,146.7168011021397,True,True
46717.23901557264,9.516144907753476e-08,35.79990851923465,140.15171704671792,True,True
46150.00655171037,9.741299523847061e-08,35.4022991422648,138.45001965513111,True,True
46539.96124924016,1.0170757479647232e-07,33.623337161702594,139.61988374772048,True,True
48521.155771069614,9.780952822814271e-08,33.53573508726866,145.56346731320886,True,True
49115.48194326788,1.009668343404172e-07,32.09393597586187,147.34644582980363,True,True
48873.26948251959,9.68923459156327e-08,33.609284547793074,146.61980844755877,True,True
49218.5043143253,9.735616003162032e-08,33.21454318800791,147.65551294297592,True,True
47544.13046683652,9.830384801637506e-08,34.05279033285564,142.63239140050956,True,True
46558.07078497218,9.992286140766646e-08,34.21056866516578,139.67421235491653,True,True
49292.6244977734,9.986247334405412e-08,32.33224577109808,147.8778734933202,True,True
47866.120994061166,1.0142583544162189e-07,32.78259313518076,143.59836298218352,True,True
47458.94484653005,9.857234274512427e-08,34.02099215970414,142.37683453959016,True,True
45806.32061843753,9.715658420814051e-08,35.76205653538246,137.4189618553126,True,True
44691.84474444746,1.0284651256376768e-07,34.62599647784257,134.07553423334238,True,True
46557.59311057955,9.992067125670593e-08,34.2116695264593,139.67277933173867,True,True
48252.51953744014,1.0219816218118506e-07,32.27431626045344,144.75755861232042,True,True
47613.11392890894,9.559647296897705e-08,34.96646082103476,142.83934178672683,True,True
45703.62095088323,9.991360762371587e-08,34.85337844252414,137.1108628526497,True,True
47754.21058284006,1.0118832846384802e-07,32.93654494662062,143.2626317485202,True,True
45731.154362126246,9.949350165564736e-08,34.97947214111265,137.19346308637876,True,True
46671.291661751864,1.0001566374623737e-07,34.0959102917217,140.01387498525557,True,True
46243.57165244798,9.513618063019892e-08,36.17620864760479,138.73071495734393,True,True
46680.3193562438,9.88098872897832e-08,34.50530806767429,140.0409580687314,True,True
48917.45049964509,1.0184904659375691e-07,31.9447393938525,146.7523514989353,True,True
45150.02658180709,1.002100757112889e-07,35.17634653712188,135.45007974542128,True,True
44869.96135510118,1.0207546453149836e-07,34.74906081543495,134.60988406530356,True,True
46906.48311522907,1.0222668639018921e-07,33.19120164008939,140.71944934568722,True,True
49247.23005663863,1.0392718086144048e-07,31.09633287202114,147.7416901699159,True,True
46423.41302134508,9.700540544109041e-08,35.341675105147374,139.27023906403525,True,True
47082.442671070465,9.992554571447975e-08,33.82864609907857,141.24732801321142,True,True
44769.51789057889,9.825746642336533e-08,36.18029906446805,134.3085536717367,True,True
44772.6236168792,1.029250508899548e-07,34.537150017992346,134.31787085063763,True,True
45665.24303127952,9.879030057325104e-08,35.27930748300072,136.99572909383855,True,True
45335.427650290156,9.955278747520948e-08,35.263790284973375,136.00628295087049,True,True
45522.262661881396,1.0433255937610828e-07,33.51015449873021,136.5667879856442,True,True
46647.38227869642,9.847999360281521e-08,34.64534118246611,139.94214683608928,True,True
47935.9511332129,1.0332085252441371e-07,32.13444486496372,143.8078533996387,True,True
45899.258313500715,1.0312822854855372e-07,33.623034479222184,137.69777494050214,True,True
46878.22226728186,1.0217295295139771e-07,33.22867717457056,140.63466680184558,True,True
48496.92173376697,1.0123023001249003e-07,32.41871038852133,145.49076520130092,True,True
45942.234692342856,1.0283093660709805e-07,33.688697800085265,137.82670407702858,True,True
48366.85501526269,1.035837201351875e-07,31.767334670827143,145.10056504578807,True,True
46408.85782982791,9.744876093789893e-08,35.19191743852829,139.2265734894837,True,True
46974.60735333995,9.822532875689949e-08,34.49319963240253,140.92382206001986,True,True
47752.92019281463,9.957599673681272e-08,33.470756982031226,143.25876057844388,True,True
46353.20271003279,9.590822880787756e-08,35.80012264394464,139.05960813009838,True,True
46976.261492766054,9.564053500435278e-08,35.42417000089366,140.92878447829818,True,True
46840.20785939853,1.0078700175833727e-07,33.71295276899097,140.5206235781956,True,True
46007.149318580414,1.0314097054139517e-07,33.5400413299502,138.02144795574125,True,True
46955.7971475582,9.527372609271878e-08,35.576052992911045,140.8673914426746,True,True
46112.12668422714,9.90104246467379e-08,34.85973298321499,138.33638005268142,True,True
45399.80866899078,9.651478720856713e-08,36.32220887505839,136.19942600697235,True,True
46100.71534382878,9.560928064296691e-08,36.108746858958796,138.30214603148633,True,True
46966.12656367941,1.0330435918082657e-07,32.80323985648739,140.89837969103826,True,True
47613.89620495274,1.0451674680472687e-07,31.981625052812035,142.8416886148582,True,True
46191.28733302718,1.0196643793461934e-07,33.79113796866437,138.57386199908157,True,True
49122.20660702561,9.63130996040391e-08,33.64007105341061,147.36661982107685,True,True
44721.82766332292,9.661033547009389e-08,36.83638452225917,134.16548298996875,True,True
48989.65113647111,1.035561998378249e-07,31.37181750197118,146.96895340941336,True,True
46779.01332984185,1.0207481784280447e-07,33.331162482333056,140.33703998952558,True,True
47986.016998663275,9.754189298681164e-08,34.002766135510626,143.95805099598982,True,True
45985.76131301645,9.934358661962968e-08,34.83829685889809,137.95728393904935,True,True
48171.7624665117,1.032180359975672e-07,32.00899246706395,144.51528739953508,True,True
45968.35409612282,1.0179470543071822e-07,34.01229894914805,137.90506228836847,True,True
45351.615633851776,1.0349899098842119e-07,33.907147266710226,136.05484690155535,True,True
48124.88704131005,1.0346033452182874e-07,31.965134061807426,144.37466112393017,True,True
45156.01185741464,1.0308527850623916e-07,34.19069309245711,135.46803557224393,True,True
47501.33288436447,1.048965399726057e-07,31.941342996467768,142.50399865309342,True,True
48297.55268694662,9.898701343317133e-08,33.29022921952154,144.89265806083986,True,True
45013.57144755264,1.0437005990541896e-07,33.8766710450453,135.04071434265794,True,True
48159.40901547057,9.87416529074961e-08,33.46868043746872,144.47822704641172,True,True
49297.303438409916,1.031064870782715e-07,31.312012181617273,147.89191031522975,True,True
48765.617810619675,9.742543920242195e-08,33.49916860455027,146.29685343185903,True,True
47234.477340891746,9.957483320972625e-08,33.83852544375383,141.70343202267523,True,True
45472.58406021199,9.669422463509567e-08,36.196781976886435,136.41775218063597,True,True
44696.43983945767,1.0337454432049342e-07,34.44558709942866,134.08931951837303,True,True
48154.26951933859,9.730975840469762e-08,33.96479034436454,144.46280855801578,True,True
47390.066298479534,1.0432072519506157e-07,32.193056955007975,142.1701988954386,True,True
46991.18124682107,9.57419541243191e-08,35.37540999990997,140.9735437404632,True,True
47984.75703404944,1.008958879214378e-07,32.873304674826024,143.95427110214834,True,True
49241.88264716772,9.780670564757324e-08,33.04584425606147,147.72564794150315,True,True
48217.94428590402,1.0487531236506821e-07,31.473002298772748,144.65383285771208,True,True
46565.924388996864,9.609321671562276e-08,35.567977562763495,139.69777316699057,True,True
48481.842826749256,1.0164296025251344e-07,32.29711332553717,145.4455284802478,True,True
46450.670090411135,1.0362901679992693e-07,33.063343606135035,139.35201027123338,True,True
46098.926546470866,9.50088185744489e-08,36.33836654606585,138.29677963941262,True,True
47532.94714252752,9.508538045426918e-08,35.21369844637334,142.59884142758256,True,True
46828.0127551518,9.816685664302104e-08,34.62179007828699,140.4840382654554,True,True
47132.992365890765,9.855681820883797e-08,34.261663415267485,141.3989770976723,True,True
48383.46578032294,1.0443784597256987e-07,31.49671432447626,145.15039734096882,True,True
49114.764042662704,1.0382938334166078e-07,31.209570714247555,147.3442921279881,True,True
46274.629601596025,9.769008678181225e-08,35.20681069042911,138.82388880478808,True,True
48976.61883540479,9.57775783892234e-08,33.928720307037814,146.92985650621438,True,True
47443.23072467535,1.007794752933233e-07,33.28693311812655,142.32969217402606,True,True
49320.82913956587,9.872072058578124e-08,32.68748041133791,147.9624874186976,True,True
49062.32590081817,9.903919427091358e-08,32.75404189228465,147.1869777024545,True,True
45285.80672507981,1.0088382777261946e-07,34.836656870302434,135.85742017523944,True,True
45060.65235617807,1.0208770556442645e-07,34.59785814633536,135.18195706853422,True,True
45899.75630606654,1.0370180500356316e-07,33.43670212339887,137.69926891819964,True,True
46896.1548898898,1.0455422107641876e-07,32.45946259180638,140.68846466966943,True,True
48159.365618155076,1.0110969136323331e-07,32.68485701466052,144.4780968544652,True,True
46515.043479097476,1.0061932541522091e-07,34.00519730489221,139.54513043729244,True,True
48067.20389820425,1.0359523678537843e-07,31.961818765684274,144.20161169461275,True,True
48611.457807620165,1.0396989328266295e-07,31.490089003413896,145.8343734228605,True,True
49211.02120941805,9.879770381944241e-08,32.73489129177517,147.63306362825415,True,True
44924.21425065669,1.0092979517620268e-07,35.10106147267681,134.77264275197007,True,True
45959.39020120843,1.0243673460676687e-07,33.805716723748944,137.87817060362528,True,True
48465.63140031346,1.0205468688315826e-07,32.177574319373775,145.39689420094038,True,True
45037.62874382757,9.941744415335228e-08,35.54528666254804,135.11288623148272,True,True
47909.013573889024,1.0222704208241792e-07,32.49653887851605,143.7270407216671,True,True
48415.16629076454,9.719264854015948e-08,33.82246739524706,145.24549887229364,True,True
46807.711667685224,1.048196716384335e-07,32.43843749978711,140.42313500305568,True,True
46425.45858892353,9.851384674579091e-08,34.798990993055575,139.2763757667706,True,True
46378.16905965272,9.81818714175728e-08,34.95225711691289,139.13450717895816,True,True
46891.67726969826,1.0341664302916937e-07,32.819648705567566,140.67503180909478,True,True
49339.14701375232,1.0266503617431284e-07,31.419981868809224,148.01744104125697,True,True
47423.54055617784,1.0307923618680097e-07,32.557793579495886,142.27062166853352,True,True
45401.72830871014,1.0008954544496497e-07,35.02345847081542,136.20518492613044,True,True
47603.8487343202,1.0296272513875566e-07,32.47117741063288,142.8115462029606,True,True
45783.76637300367,1.0075097554784335e-07,34.5031983532947,137.35129911901103,True,True
44759.38660143446,9.73989638163719e-08,36.507464269559705,134.27815980430339,True,True
46979.11105340872,9.59927961295186e-08,35.29203446681089,140.93733316022616,True,True
49054.36857006096,1.0017508684977436e-07,32.38789436908918,147.16310571018286,True,True
47217.95619665268,9.85221619251048e-08,34.21204333499565,141.65386858995805,True,True
46167.70193438939,9.849120744827301e-08,35.00131914254833,138.50310580316818,True,True
48564.073676987835,1.0026156867551778e-07,32.68665860678424,145.6922210309635,True,True
47463.45243342038,1.0327565934524187e-07,32.46854522671991,142.39035730026114,True,True
46552.35670668995,1.0072045836390579e-07,33.943823939331665,139.65707012006985,True,True
46121.54312700109,1.0217366195591877e-07,33.7735990474361,138.36462938100328,True,True
48206.78232467137,1.0215064176201468e-07,32.3199654442849,144.6203469740141,True,True
44767.58204088034,1.030790370953859e-07,34.489439813572744,134.30274612264103,True,True
46282.738874659255,9.876294221572118e-08,34.81825975766041,138.84821662397778,True,True
46569.094017454925,1.0484292837817452e-07,32.597417877226434,139.70728205236477,True,True
48942.409392331625,9.672367556522727e-08,33.620331747316584,146.82722817699488,True,True
48512.62442114262,1.0000460517823263e-07,32.80540188447436,145.53787326342785,True,True
47046.37369545075,1.0491734069865845e-07,32.24383600126315,141.13912108635225,True,True
44780.18326187417,9.611425013715281e-08,36.97826096360851,134.34054978562253,True,True
47221.94293829547,9.992494059434692e-08,33.72891576872562,141.6658288148864,True,True
46938.906486775275,1.0257270206544586e-07,33.05638572771902,140.81671946032583,True,True
48465.4183733185,1.0450635664163726e-07,31.4228417430928,145.3962551199555,True,True
44883.38454259353,1.0179986254469959e-07,34.8327162112908,134.6501536277806,True,True
47342.154033429295,9.84450827438008e-08,34.14900775359419,142.0264621002879,True,True
46668.46035009123,9.801316651846748e-08,34.79463124826027,140.00538105027368,True,True
48888.44710985533,1.0292983673660753e-07,31.628063724871947,146.665341329566,True,True
47156.926751351966,1.0340747247944514e-07,32.63793810438798,141.4707802540559,True,True
45582.43158637469,1.0331598540616222e-07,33.79520775189839,136.74729475912406,True,True
47107.41822267458,9.607446153518281e-08,35.1659917355265,141.32225466802376,True,True
46383.75846159112,1.0446879627340874e-07,32.844874330313445,139.15127538477338,True,True
45893.06996999236,9.950639298706298e-08,34.851545161271545,137.67920990997706,True,True
47793.62746961215,9.927066476562358e-08,33.5451089994626,143.38088240883644,True,True
47083.73067747304,9.665808506143254e-08,34.97124372471615,141.2511920324191,True,True
45417.66516394352,1.0225064425146752e-07,34.271197076214825,136.25299549183057,True,True
48555.19375788062,9.854808711186693e-08,33.26107192687307,145.66558127364183,True,True
45556.53170084341,9.588229762331763e-08,36.43602959153156,136.66959510253022,True,True
44893.46711741166,9.72179648086601e-08,36.46619577740688,134.68040135223498,True,True
48202.09425919605,9.5924279493699e-08,34.42117396007735,144.60628277758815,True,True
47462.908838563766,9.554312793241474e-08,35.096703376866024,142.38872651569127,True,True
47247.57593209823,9.997385167909795e-08,33.694124445824954,141.7427277962947,True,True
46233.19158919181,9.78944637264563e-08,35.16479784909622,138.69957476757543,True,True
47957.71253032397,1.021347135059974e-07,32.49288672403697,143.87313759097194,True,True
48462.39931084263,9.529407436498267e-08,34.462701947608686,145.3871979325279,True,True
48785.16705712291,9.854580117442924e-08,33.10504712904225,146.35550117136876,True,True
45802.54000475478,9.704445517843804e-08,35.806332707320635,137.40762001426435,True,True
44764.37741221918,1.0074191952458025e-07,35.292088644423,134.29313223665756,True,True
46371.41666706981,9.544684734806901e-08,35.95904751753264,139.11425000120946,True,True
48625.87459680975,1.0268440902698723e-07,31.874853539815838,145.87762379042925,True,True
46706.14262855792,1.0057073554745703e-07,33.882426427759135,140.11842788567378,True,True
46744.13658266013,9.879979344099508e-08,34.46172025872694,140.2324097479804,True,True
46040.001510748836,1.015467033351984e-07,34.0423061910059,138.12000453224653,True,True
44859.040283056696,1.0043088297330447e-07,35.326683927347574,134.5771208491701,True,True
48051.02818354947,9.942169625301315e-08,33.314728488670674,144.1530845506484,True,True
48543.21189781741,1.0452651667918786e-07,31.366433865886258,145.62963569345226,True,True
45171.351925145114,1.0296853305420184e-07,34.217834179806204,135.51405577543534,True,True
48604.4798842847,9.920797363313438e-08,33.00633113961925,145.81343965285413,True,True
47802.54421418317,1.0419659225578985e-07,31.953291706703776,143.40763264254952,True,True
46369.858376000455,9.792636716943881e-08,35.049733377205165,139.10957512800138,True,True
45769.07749500034,1.0160657823704534e-07,34.2236358760002,137.307232485001,True,True
48381.09109244215,1.0014093944480063e-07,32.84980621754316,145.14327327732644,True,True
45044.676653206,1.0300467480378496e-07,34.302022112077566,135.134029959618,True,True
46832.07311143584,1.0202573222490567e-07,33.3094167495278,140.49621933430754,True,True
47522.30387286367,1.0219421986230826e-07,32.77149938442837,142.566911618591,True,True
48052.47127665637,9.598174404838204e-08,34.50768037698134,144.1574138299691,True,True
49082.68196984002,9.666601080536103e-08,33.54424718521108,147.24804590952007,True,True
44953.86693651371,1.0498544741722716e-07,33.722826838074646,134.86160080954113,True,True
47223.573454433084,1.023414247810967e-07,32.93137203540695,141.67072036329924,True,True
44957.03070335229,1.0194052232248698e-07,34.72767093662308,134.87109211005688,True,True
47938.866239959054,1.0155376681150248e-07,32.69161202109783,143.81659871987716,True,True
45179.275041057,9.749236065821021e-08,36.133521357612665,135.537825123171,True,True
46839.04213112114,9.715874979570829e-08,34.97278425411972,140.5171263933634,True,True
49082.3077135402,9.622611721174311e-08,33.697850228233506,147.2469231406206,True,True
48992.29750381056,9.962275389901962e-08,32.608722316267425,146.97689251143169,True,True
49055.0842259626,9.872028800292228e-08,32.86470151258884,147.1652526778878,True,True
47372.40738161413,1.0186876694501398e-07,32.980225968026566,142.1172221448424,True,True
44760.221789947755,9.839753244294921e-08,36.136300932249874,134.28066536984326,True,True
46960.82729990564,1.0359178008274689e-07,32.71591691297007,140.88248189971694,True,True
46880.12000416423,1.0068328657550618e-07,33.71894929538073,140.6403600124927,True,True
46308.658792810675,9.722291826250806e-08,35.34998841843992,138.925976378432,True,True
47891.99200947193,9.576705148432206e-08,34.7009299724373,143.6759760284158,True,True
47139.78807252685,1.0338168080779728e-07,32.657949801608986,141.41936421758055,True,True
48046.98486616396,9.97580771059232e-08,33.205186448384715,144.14095459849187,True,True
44995.77144013753,1.0013633062886326e-07,35.32293290534145,134.9873143204126,True,True
45011.10521439279,9.753832763355758e-08,36.251430587173466,135.03331564317836,True,True
46065.83051829004,1.0095044214999626e-07,34.224176011300464,138.1974915548701,True,True
47497.610154034046,1.001986175615556e-07,33.441568852513306,142.49283046210215,True,True
47945.87822336367,9.976334594559099e-08,33.2734510437447,143.837634670091,True,True
45294.50908389414,1.0426185234112718e-07,33.70149279452473,135.88352725168244,True,True
48421.948723073,9.958876639645396e-08,33.00407120041938,145.265846169219,True,True
46111.65454449341,9.959349711173587e-08,34.65600069980157,138.3349636334802,True,True
47129.84640211627,1.004397773546954e-07,33.62159914248502,141.38953920634881,True,True
48807.320166692894,1.0029190443356541e-07,32.51391684655084,146.42196050007868,True,True
45100.66573606539,9.868161243298521e-08,35.76028257564779,135.30199720819618,True,True
47156.834679584885,1.007156549868991e-07,33.51031452176084,141.47050403875465,True,True
46687.30125015409,1.0496276432736974e-07,32.47776248416987,140.06190375046225,True,True
47200.182685918524,9.501803630813755e-08,35.4870910888404,141.60054805775556,True,True
45770.601252256885,9.622189853016506e-08,36.137623808540994,137.31180375677064,True,True
45179.54930413274,1.0319652581012947e-07,34.13604172754189,135.53864791239823,True,True
47661.53274810791,1.0137993656719153e-07,32.93821892467041,142.9845982443237,True,True
45019.40996673014,1.0317723615585993e-07,34.26387229980508,135.0582299001904,True,True
47960.44203724968,9.988629472566038e-08,33.222403691924654,143.88132611174905,True,True
48300.20118052149,1.0272553578036704e-07,32.07692855910275,144.90060354156446,True,True
48163.805890797994,1.0371522605486987e-07,31.86081023718338,144.491417672394,True,True
47876.708598280224,1.0239679828593825e-07,32.46455603168975,143.63012579484067,True,True
45975.35875749125,1.0083344454674503e-07,34.331312068355935,137.92607627247378,True,True
44743.5836461565,9.658438885014818e-08,36.828364298662,134.2307509384695,True,True
47323.60344883998,1.0133433876166895e-07,33.188351967617024,141.97081034651995,True,True
49222.33031455964,9.964246680092621e-08,32.449909544744955,147.6669909436789,True,True
45871.24519597642,9.877051130110979e-08,35.12790909829161,137.61373558792928,True,True
47407.53043127244,9.665685825988644e-08,34.73282630246796,142.22259129381732,True,True
46533.18276321687,9.606050485649306e-08,35.605124487884154,139.5995482896506,True,True
46211.39034276652,1.0347704525696736e-07,33.283353479546726,138.63417102829956,True,True
46566.889566650054,9.885732668896175e-08,34.57275904574504,139.70066869995014,True,True
48160.10841533364,9.929776048690951e-08,33.280758981020924,144.48032524600094,True,True
48653.65944704759,1.000086523030768e-07,32.70898335785564,145.96097834114278,True,True
48258.54138595898,9.59738379544791e-08,34.3631587142214,144.77562415787696,True,True
48739.00276612151,9.632171087777379e-08,33.90153047103755,146.21700829836453,True,True
46343.889163147076,9.989123191375672e-08,34.37955774708227,139.03166748944125,True,True
47737.466656750425,9.50325223788725e-08,35.08233626985125,143.21239997025128,True,True
46399.20496588425,9.642183398137974e-08,35.57412320431253,139.19761489765276,True,True
47683.07482255485,9.957961780056531e-08,33.51856549010352,143.04922446766454,True,True
44989.57393532757,1.0496373459218171e-07,33.703032325412735,134.9687218059827,True,True
48349.461313244596,9.645889621646739e-08,34.12606423724286,145.04838393973378,True,True
49258.48899438475,1.0008104373196106e-07,32.28399118256239,147.77546698315425,True,True
49057.88407399994,1.0420459301709099e-07,31.13324987223727,147.17365222199982,True,True
47004.0280693295,1.0060671629599566e-07,33.655657578983394,141.0120842079885,True,True
47833.55675466184,1.0436814719349694e-07,31.880085913485104,143.5006702639855,True,True
44748.82664418094,1.0155338018224405e-07,35.02225421183315,134.24647993254283,True,True
47397.64837716231,9.640593371924842e-08,34.83048898794825,142.1929451314869,True,True
46576.39382236681,9.788445469749637e-08,34.90925218789398,139.72918146710043,True,True
49239.78351981827,1.0237992476090265e-07,31.571061968857506,147.71935055945482,True,True
47512.41087571597,1.0327292538975649e-07,32.43594716499334,142.53723262714792,True,True
45230.77717365086,1.0022530402904561e-07,35.10821095726564,135.6923315209526,True,True
45948.60823949066,9.778874688427144e-08,35.420842706913945,137.845824718472,True,True
48643.682830247795,1.0274981581905286e-07,31.842901356217055,145.9310484907434,True,True
49304.56300316509,9.692427680846113e-08,33.30431062367056,147.91368900949524,True,True
47469.86676850675,9.738228471595234e-08,34.42882168618313,142.40960030552026,True,True
47398.316908408364,9.924168656210752e-08,33.83475803327883,142.19495072522508,True,True
45237.84387244501,9.63815566012321e-08,36.502641924231874,135.71353161733504,True,True
46310.40407759356,1.0418869744498997e-07,32.98533906491463,138.9312122327807,True,True
48922.09350086874,9.818977638645988e-08,33.13208961279254,146.7662805026062,True,True
47154.57128329636,9.932579981547234e-08,33.980851713533404,141.4637138498891,True,True
47066.63153251716,1.0431795636484992e-07,32.4151431153901,141.19989459755146,True,True
44794.662738504114,9.588124846629895e-08,37.056140144825754,134.38398821551235,True,True
47730.90868367943,9.982038984319819e-08,33.40420710320327,143.1927260510383,True,True
45596.28450862603,1.0411381395325567e-07,33.526044774788474,136.78885352587807,True,True
44722.40103163072,1.0292996331991329e-07,34.57428454997106,134.16720309489216,True,True
48104.94245625468,9.680657461185525e-08,34.17634214092742,144.314827368764,True,True
49108.28366360576,1.0080762902952724e-07,32.14933362284926,147.3248509908173,True,True
46007.796056694824,9.528348938827667e-08,36.30538520756209,138.02338817008447,True,True
47826.86493365837,1.01615579712357e-07,32.74823655626267,143.4805948009751,True,True
49074.06752991823,1.0167225042447447e-07,31.898160509605958,147.22220258975472,True,True
48569.35890717118,9.887183193561497e-08,33.14249348695409,145.70807672151355,True,True
45009.71084579293,1.0186292452178554e-07,34.71344917856736,135.02913253737879,True,True
47233.18994565489,1.0169139751559863e-07,33.135126944136424,141.69956983696468,True,True
46499.67086558226,9.59110496457937e-08,35.686307128832475,139.49901259674678,True,True
44862.20641349601,1.0278219879656789e-07,34.516090433006354,134.58661924048803,True,True
47104.9068262806,9.975216442603952e-08,33.87128356813989,141.3147204788418,True,True
46304.174716805115,1.030979667525683e-07,33.33879380817062,138.91252415041535,True,True
46867.886639803735,9.638266344827574e-08,35.23269281691058,140.6036599194112,True,True
45869.52606678799,1.03424213852634e-07,33.54854196522492,137.60857820036398,True,True
44902.96529436669,1.0096309533572111e-07,35.106089289030535,134.70889588310007,True,True
48974.38770654993,9.596664924397838e-08,33.86341752208192,146.92316311964981,True,True
47689.687563665524,9.550481851732033e-08,34.943819292906,143.06906269099656,True,True
47226.21550947545,9.78128346934568e-08,34.45411839355468,141.67864652842636,True,True
46957.55324379948,1.0032741035672741e-07,33.78275546757876,140.87265973139841,True,True
46903.317481486,9.51665825892856e-08,35.65595688460114,140.70995244445803,True,True
47867.79560433966,1.0427084314651089e-07,31.887011500520128,143.60338681301897,True,True
44799.20540015739,1.0218121913164681e-07,34.76792247903823,134.39761620047219,True,True
46503.336750728115,1.0435538152822374e-07,32.79602173142978,139.51001025218434,True,True
47807.849343477275,9.576085249284666e-08,34.764254513638136,143.42354803043185,True,True
48188.83927224136,1.0331779206759206e-07,31.96675477661915,144.5665178167241,True,True
47823.84326233855,1.0028658777329149e-07,33.184310817200604,143.47152978701567,True,True
46602.133018928296,1.0078662479816371e-07,33.88530779937804,139.80639905678487,True,True
47501.0571009147,1.0148736589117917e-07,33.01451156661424,142.5031713027441,True,True
45833.62093311677,1.0371611527410285e-07,33.48032933141141,137.5008627993503,True,True
45442.006199097574,9.665411088276495e-08,36.236171372938024,136.32601859729274,True,True
49053.33959376155,9.517630017441737e-08,34.08966500449184,147.16001878128466,True,True
47004.55850650854,1.029428413118911e-07,32.89152446618202,141.01367551952563,True,True
45727.786309857234,9.539227166336637e-08,36.486042767728804,137.1833589295717,True,True
47830.614937924365,9.895045127363475e-08,33.62763988876273,143.4918448137731,True,True
45615.70636046315,9.964079438475898e-08,35.016162257889015,136.84711908138945,True,True
47053.87691581393,9.803923831233282e-08,34.50045248744829,141.16163074744182,True,True
45580.291093767635,1.0498249838779936e-07,33.26029778852698,136.74087328130292,True,True
45376.85751264708,9.718252885092613e-08,36.09088397246565,136.13057253794125,True,True
45102.62304895298,1.0287998023376692e-07,34.299473961217096,135.30786914685893,True,True
45338.23122390354,1.0484661737957465e-07,33.48120924213326,136.01469367171063,True,True
47649.70681837536,1.0185243065313974e-07,32.7935551538611,142.9491204551261,True,True
45028.60286718552,9.525127913694641e-08,37.10742711134886,135.08580860155655,True,True
45688.72560234578,9.802241695896462e-08,35.53740243783777,137.06617680703735,True,True
46941.83861391117,9.706296729960139e-08,34.93063427570294,140.8255158417335,True,True
44841.62805826795,1.02601995900436e-07,34.592579718932924,134.52488417480384,True,True
48123.10446611096,9.935988621985827e-08,33.28552488638554,144.3693133983329,True,True
47118.17302727117,1.0006864927314562e-07,33.75465327191074,141.35451908181352,True,True
44836.39910289926,9.583773409118213e-08,37.038455493736,134.5091973086978,True,True
46807.474297233755,1.0337613271220627e-07,32.89157294857216,140.42242289170127,True,True
47818.96742018484,9.800285716109219e-08,33.961057137513954,143.45690226055453,True,True
46908.833307151566,9.82791818278241e-08,34.522637479762146,140.7264999214547,True,True
48492.07869604686,1.023152836162639e-07,32.078113367962544,145.47623608814058,True,True
47954.766672986334,1.0451647815224849e-07,31.754375957874405,143.864300018959,True,True
44686.15248086508,9.57015441155647e-08,37.215874068929054,134.05845744259523,True,True
49155.965574836504,9.994199977597216e-08,32.39633379680134,147.46789672450953,True,True
46324.23395651057,1.0128742917326428e-07,33.920038545391506,138.97270186953173,True,True
46238.5428006994,1.0495564803108458e-07,32.79519203331469,138.7156284020982,True,True
46024.188215221395,9.94612168431324e-08,34.768041418352695,138.0725646456642,True,True
48974.5981166086,9.88722153613554e-08,32.868129207946836,146.9237943498258,True,True
47875.20649353251,1.0441755438281136e-07,31.83727980732965,143.62561948059755,True,True
48990.2695031084,9.883268316949106e-08,32.87075784944908,146.9708085093252,True,True
45636.84273206715,1.0157370864801744e-07,34.33390734115718,136.91052819620145,True,True
45570.87919220977,1.0399049379487212e-07,33.58451521670305,136.71263757662933,True,True
44868.269969719135,9.900674242563981e-08,35.82746133276341,134.6048099091574,True,True
47784.84224984708,9.647243519542944e-08,34.52444722112894,143.35452674954124,True,True
48766.98047909895,9.905767581250614e-08,32.946260776912126,146.30094143729684,True,True
48822.70036070491,9.647524236606607e-08,33.78955381158945,146.46810108211474,True,True
44835.70084088933,1.0084419898838254e-07,35.20020949524044,134.507102522668,True,True
44883.93216557355,1.0372981435699821e-07,34.18421676048409,134.65179649672066,True,True
46232.6813749493,1.0458149387089923e-07,32.91669386341163,138.6980441248479,True,True
48070.28232852377,1.0188598594124375e-07,32.49593267947735,144.2108469855713,True,True
48960.250132631525,9.633646688585828e-08,33.74316294211278,146.8807503978946,True,True
46942.485213480184,1.0497764682783299e-07,32.296630888235384,140.82745564044055,True,True
47008.66477163616,9.785016566084049e-08,34.600362647295206,141.0259943149085,True,True
46725.745329526726,9.529232438738036e-08,35.744232272771576,140.17723598858018,True,True
45861.39646914042,1.0031947649185757e-07,34.59295004575366,137.58418940742126,True,True
49150.56534024323,9.739440853008571e-08,33.24739243340745,147.45169602072968,True,True
46062.34762858325,1.0045720066187666e-07,34.39481605012125,138.18704288574975,True,True
45909.09937298844,9.559038155670853e-08,36.26662682042587,137.72729811896534,True,True
47314.55319117894,9.746691793675852e-08,34.51184324886748,141.9436595735368,True,True
48503.66710463622,1.0233988058095531e-07,32.06274132390001,145.51100131390865,True,True
48574.92962869592,9.520405457575643e-08,34.41537506307113,145.7247888860878,True,True
48933.4427915778,1.0060603879956828e-07,32.32885397774092,146.8003283747334,True,True
48492.94702378293,1.0251299476611845e-07,32.015672791306066,145.4788410713488,True,True
46470.24621672157,1.0319041862311273e-07,33.18988776490581,139.41073865016472,True,True
44860.634673804154,1.0419133222268215e-07,34.05047126457613,134.58190402141247,True,True
44662.3690320255,9.768321814353086e-08,36.48030133913556,133.9871070960765,True,True
48428.099435062504,9.999705285878425e-08,32.86514143807738,145.28429830518752,True,True
48271.44334627931,9.802803953718381e-08,33.63407820714013,144.81433003883794,True,True
44946.74607500051,9.599605018052407e-08,36.88659022520898,134.84023822500154,True,True
45255.42393218552,9.750057691772071e-08,36.069681600013084,135.76627179655657,True,True
49046.95764137991,1.042156590742513e-07,31.136878983914407,147.14087292413973,True,True
46085.02967246565,1.0016793487966749e-07,34.47716441916224,138.25508901739695,True,True
46525.42533169656,9.916621564643154e-08,34.49578555885935,139.57627599508967,True,True
47610.65128035314,9.841850225610528e-08,33.96559741128173,142.8319538410594,True,True
46699.39039092017,9.951232125402127e-08,34.24775148554709,140.09817117276052,True,True
48075.60992516534,1.0487252265507436e-07,31.567022079656414,144.22682977549604,True,True
49294.520839632736,9.710545070179561e-08,33.24894532950783,147.88356251889823,True,True
46631.330246800964,9.811224240701336e-08,34.78717204666182,139.8939907404029,True,True
44888.55087851612,9.649576725207407e-08,36.7431412718443,134.66565263554835,True,True
48823.02700203159,9.879105487462682e-08,32.99725453988471,146.46908100609477,True,True
46674.260144704866,1.017633719299524e-07,33.50820781812364,140.0227804341146,True,True
49161.37058121311,9.561534503520472e-08,33.85856539692973,147.48411174363932,True,True
48557.57267777876,1.0006667056512752e-07,32.75470653032911,145.67271803333628,True,True
45489.96147256849,1.0189410522779802e-07,34.33645874957799,136.46988441770546,True,True
47061.39867385425,1.0310633646624538e-07,32.79970557789811,141.18419602156277,True,True
48915.07638252965,9.827611144936394e-08,33.10773203353222,146.745229147589,True,True
46417.260557918045,9.732494965534008e-08,35.2303078462751,139.25178167375412,True,True
45337.63607132098,1.0329925301807179e-07,33.983184907752396,136.01290821396296,True,True
44789.42860379298,1.0480251145051455e-07,33.90571596880616,134.36828581137894,True,True
47114.353412463126,9.503701055592664e-08,35.54464077267884,141.34306023738938,True,True
47116.406731327355,9.512642549311411e-08,35.509682699894476,141.3492201939821,True,True
45254.164856216754,1.0303383860514792e-07,34.133568726600856,135.76249456865028,True,True
48380.38960648332,9.915121428565086e-08,33.17819329029951,145.14116881944997,True,True
44998.39316359277,1.0175841637742022e-07,34.757840510272985,134.99517949077833,True,True
45816.93371029412,1.0072360813383289e-07,34.48758915220839,137.45080113088238,True,True
48338.851344684634,9.830763734420743e-08,33.49165020619713,145.0165540340539,True,True
47467.86190259082,9.581258547634394e-08,34.99434763404764,142.40358570777246,True,True
46328.09570865651,9.740530800562733e-08,35.268992891946716,138.98428712596953,True,True
46611.297255558,9.649403983747815e-08,35.38575387855493,139.833891766674,True,True
46221.16720094425,1.0172938115120937e-07,33.847985070082075,138.66350160283275,True,True
47765.38356914532,1.002335587737594e-07,33.24250263604193,143.29615070743594,True,True
47218.99178988994,9.535148848329457e-08,35.34890333497374,141.65697536966982,True,True
46537.5378513649,9.74332737183226e-08,35.100187327029005,139.61261355409468,True,True
48979.63197444093,1.0074194334894979e-07,32.25479527810028,146.9388959233228,True,True
48233.6361921018,9.510980440689512e-08,34.69323834436521,144.7009085763054,True,True
44960.08086716639,1.0217215509353015e-07,34.64658977951108,134.88024260149916,True,True
47231.6006400312,9.598871285779868e-08,35.10486439912008,141.69480192009362,True,True
46250.68750474563,9.908466094995824e-08,34.729258528672766,138.75206251423688,True,True
45579.83512858148,1.0426801051371089e-07,33.488546218832525,136.73950538574445,True,True
46079.496517445594,1.0173879319427135e-07,33.94890919835597,138.23848955233677,True,True
46114.30229830157,9.59618886200561e-08,35.965466906510095,138.34290689490473,True,True
46219.6113184934,1.0151490944950299e-07,33.92063791830782,138.6588339554802,True,True
49032.56427946181,1.0015340753927066e-07,32.40931077637806,147.09769283838546,True,True
46365.7620971994,9.572165583109357e-08,35.86018506562028,139.0972862915982,True,True
46708.097911085715,1.0258287315122645e-07,33.21644048395858,140.12429373325716,True,True
47264.13877785901,9.731721749265308e-08,34.6018006562264,141.79241633357702,True,True
45603.415246835575,1.009899209472687e-07,34.55769212152033,136.81024574050673,True,True
44871.688101485954,9.964219457233704e-08,35.59626565618106,134.61506430445786,True,True
46881.37919283969,9.862131448032505e-08,34.42301969049233,140.64413757851906,True,True
49148.21970527083,1.0147993691273009e-07,31.910392939974734,147.4446591158125,True,True
45615.89256788331,1.0318580548523918e-07,33.81302268043811,136.84767770364994,True,True
45165.68447492656,9.777431334212167e-08,36.040164182834374,135.4970534247797,True,True
45036.07642464607,9.913899692308948e-08,35.64634973484206,135.1082292739382,True,True
47785.81222738247,9.766966950182924e-08,34.10055452248822,143.35743668214744,True,True
45889.33076163598,9.634673697923436e-08,35.997421785787814,137.66799228490794,True,True
46691.99028257604,9.868864299445832e-08,34.53906429841012,140.07597084772812,True,True
47288.426000553365,9.668812397187673e-08,34.80904746548486,141.8652780016601,True,True
47619.76638398197,1.0344901966852779e-07,32.307733492388856,142.85929915194592,True,True
44651.691927437736,1.025558609288409e-07,34.75535486726379,133.95507578231323,True,True
48144.68864831212,1.0440003055304589e-07,31.664389814074852,144.43406594493635,True,True
48153.496427865684,9.86546222811442e-08,33.50231878482662,144.46048928359707,True,True
48424.48756695531,1.0426426866537266e-07,31.522423297698356,145.2734627008659,True,True
46862.83766294344,9.52020153778947e-08,35.67347418609848,140.58851298883033,True,True
48029.75610551861,9.663157391212222e-08,34.291832762766525,144.08926831655583,True,True
49097.35850180618,1.0164640584464112e-07,31.891135119511542,147.29207550541852,True,True
47200.305448532956,1.0464386726647858e-07,32.22267131049116,141.60091634559888,True,True
47341.735372811774,9.894522068031452e-08,33.97669539240046,142.02520611843534,True,True
49000.183942803495,9.590957255610214e-08,33.865731892821714,147.0005518284105,True,True
45433.74819456628,9.558954769232309e-08,36.646386550578065,136.30124458369886,True,True
48460.905324941064,1.0095540385028103e-07,32.531121675211885,145.38271597482318,True,True
45018.88379282156,1.0490421160860201e-07,33.70020048926369,135.05665137846466,True,True
47919.11092095939,1.0175082968810709e-07,32.6417489879468,143.7573327628782,True,True
45990.220334859325,1.0052198227906308e-07,34.426557482261536,137.97066100457798,True,True
47475.401784137,1.0133120986989185e-07,33.083256700456715,142.42620535241102,True,True
48612.291898771386,1.0067833341826073e-07,32.51906250565332,145.83687569631414,True,True
49161.280040210535,1.013312352633747e-07,31.948730978863278,147.4838401206316,True,True
46960.09752091901,9.866873477834066e-08,34.348801022522466,140.88029256275703,True,True
45990.39056110485,9.542171738737723e-08,36.26651339910887,137.97117168331454,True,True
45645.20551703603,9.958156692914056e-08,35.014345206750214,136.93561655110813,True,True
46404.486590201384,9.707234990762608e-08,35.33170669428241,139.21345977060415,True,True
45269.08393088048,1.022571543647945e-07,34.38149226952266,135.80725179264144,True,True
46885.01512536571,1.0127775923101434e-07,33.517528487519265,140.65504537609712,True,True
48982.87761725219,1.0329176739993022e-07,31.45648033714066,146.94863285175657,True,True
45959.82430785312,1.0415504745467948e-07,33.24768801991094,137.87947292355938,True,True
46810.23942192703,1.0472983986929142e-07,32.46450831277618,140.4307182657811,True,True
45474.64439184276,1.0248540024451582e-07,34.149851421545115,136.42393317552828,True,True
46667.66575206886,1.0045349588540064e-07,33.94993895680144,140.00299725620658,True,True
45420.07082903849,1.0055486449993489e-07,34.84730843925626,136.26021248711544,True,True
48651.156081839785,9.692743756808103e-08,33.75050187934689,145.95346824551936,True,True
44715.834814465554,9.60571444808576e-08,37.05348972349096,134.14750444339666,True,True
46002.72751738046,9.50349538043075e-08,36.404341672842214,138.00818255214136,True,True
48677.7124565938,9.517871675065333e-08,34.35184959304466,146.0331373697814,True,True
46092.70988423606,9.767472959006694e-08,35.35132304251786,138.27812965270817,True,True
48656.94725041838,9.981374130914697e-08,32.770641232407854,145.97084175125514,True,True
45046.46038079157,1.0282182632989537e-07,34.361660848128494,135.13938114237473,True,True
48023.8932120108,9.503702376245572e-08,34.87144466142154,144.0716796360324,True,True
48352.59388454934,1.0262768029326261e-07,32.07272364527469,145.05778165364802,True,True
47480.71732495273,1.0129930609983266e-07,33.08997123739006,142.4421519748582,True,True
48301.14468349622,9.75178871099517e-08,33.78924014862923,144.90343405048867,True,True
47838.105194004725,9.84316722122173e-08,33.799579632447056,143.51431558201418,True,True
49258.18705837468,1.0253619827804178e-07,31.51116769176671,147.77456117512406,True,True
48032.697509925485,1.0294897247114198e-07,32.185565056360275,144.09809252977647,True,True
48091.01806039301,9.930425520178093e-08,33.32639229466409,144.27305418117905,True,True
45649.21640535893,1.0382840576749701e-07,33.57922116602394,136.9476492160768,True,True
46002.880348437866,1.0499829734788734e-07,32.94980511831551,138.0086410453136,True,True
46546.310578831115,9.5716048891116e-08,35.72317949732915,139.63893173649336,True,True
46287.629900821055,9.601161072117648e-08,35.81223553592053,138.86288970246315,True,True
47706.33830081077,1.020277304138588e-07,32.69834879056096,143.11901490243233,True,True
45250.43530764647,1.0168037310353375e-07,34.59077074931921,135.7513059229394,True,True
47824.84700042171,9.718669780586845e-08,34.24204678672365,143.47454100126515,True,True
46054.192978527666,1.0420332332171895e-07,33.16418928455884,138.162578935583,True,True
47058.65631018904,1.0197334607942674e-07,33.1660643545997,141.17596893056714,True,True
47110.19780068129,9.52519084840433e-08,35.46757680727519,141.3305934020439,True,True
47056.84102733117,1.0376088740231659e-07,32.59595316346867,141.1705230819935,True,True
48912.458695274974,9.713055778401955e-08,33.49999596650464,146.73737608582493,True,True
47177.35486924208,9.780838556669303e-08,34.49137071172949,141.53206460772626,True,True
45030.7180753272,1.0046936421567115e-07,35.17852331910395,135.09215422598157,True,True
46139.407602334795,1.0307972572614536e-07,33.46376973139533,138.41822280700438,True,True
46298.63312269983,9.788525836988224e-08,35.11839591552274,138.8958993680995,True,True
46696.65155857061,1.0094237024200492e-07,33.76454435103838,140.08995467571182,True,True
47009.84185446947,1.0074215621920002e-07,33.60625353333303,141.0295255634084,True,True
46293.52641386618,9.536784628221726e-08,36.049387667329206,138.88057924159855,True,True
45330.15592659736,1.0011710680493619e-07,35.06910059837502,135.99046777979208,True,True
46827.618383089175,9.70986987389248e-08,35.00295030417945,140.48285514926752,True,True
45464.52195803926,1.0138152171610402e-07,34.529373375305994,136.39356587411777,True,True
46777.02004773375,1.0355466149845102e-07,32.85624489234498,140.33106014320126,True,True
48972.963340946786,9.625419817977043e-08,33.76323621585315,146.91889002284037,True,True
46902.60807054641,1.0339608251022795e-07,32.818524715032076,140.70782421163923,True,True
47678.816120952724,1.0262612049783114e-07,32.52645677212836,143.03644836285818,True,True
48599.93390003726,1.0108091463815578e-07,32.397782840104604,145.79980170011177,True,True
49273.71461567896,9.685684206236696e-08,33.348363192077315,147.82114384703686,True,True
45118.63336310416,9.501471651343942e-08,37.12558607355169,135.3559000893125,True,True
47961.4520383101,9.512594095566145e-08,34.884206044600106,143.8843561149303,True,True
44681.564652632085,9.75188865415745e-08,36.526076549467795,134.04469395789624,True,True
44732.28438601444,9.65783411614867e-08,36.83997380565086,134.19685315804333,True,True
46795.90186351149,9.68829601539266e-08,35.10467125678813,140.3877055905345,True,True
45813.43120399203,9.608752855399887e-08,36.15432760382737,137.4402936119761,True,True
46630.99284179542,9.779428907198133e-08,34.90052624199602,139.89297852538627,True,True
46896.820278447536,1.0021867935823906e-07,33.8632049187086,140.6904608353426,True,True
45840.49156135075,1.0313199613598325e-07,33.66490877205339,137.52147468405224,True,True
45037.1415921596,1.0100276362692017e-07,34.98775329460765,135.1114247764788,True,True
48733.63707991475,9.562873822611202e-08,34.15095724258553,146.20091123974424,True,True
48092.24273058347,9.554715361518682e-08,34.63596941273826,144.2767281917504,True,True
46933.014552681605,9.899680858139984e-08,34.254725146012596,140.79904365804484,True,True
45352.94425735805,9.769568105028022e-08,35.9202442155786,136.05883277207417,True,True
47912.17711091628,1.0118384338980819e-07,32.82940823436352,143.73653133274885,True,True
44668.364356289145,1.0429310158253675e-07,34.163668448966256,134.00509306886744,True,True
48104.69738197431,9.513036115081513e-08,34.77871239912168,144.31409214592293,True,True
46340.139995733334,9.993110726891733e-08,34.36861970719927,139.0204199872,True,True
48701.269247717275,1.0161361822385039e-07,32.160880910333056,146.10380774315183,True,True
47822.379351359006,9.628669279479271e-08,34.563895340862544,143.46713805407703,True,True
47094.54949101773,9.883428828442682e-08,34.193365271115084,141.2836484730532,True,True
47523.099404996705,9.806312845720836e-08,34.15148795568046,142.5692982149901,True,True
46260.34011017651,1.0483468717726274e-07,32.817561411439534,138.78102033052954,True,True
46119.33039637797,9.883531471151794e-08,34.91604053302482,138.3579911891339,True,True
48127.02068435846,9.830193852061754e-08,33.64101355700649,144.38106205307537,True,True
47928.1393039361,1.0175670149805551e-07,32.63371693524646,143.7844179118083,True,True
44884.31314026836,9.572552268111306e-08,37.04228780021327,134.6529394208051,True,True
47778.8912048613,9.52377822266134e-08,34.976374560005624,143.3366736145839,True,True
49039.08204147843,9.64048040606281e-08,33.66503910674191,147.1172461244353,True,True
45779.93539692072,9.67584660325756e-08,35.9298977712327,137.33980619076218,True,True
49218.271532714774,9.996669337573891e-08,32.34733056125254,147.65481459814433,True,True
45173.50008813341,1.0291323926811368e-07,34.234590868457644,135.52050026440023,True,True
47611.99970092322,1.0126247202949994e-07,33.01073424058122,142.83599910276965,True,True
47867.47552004943,1.0147297840539915e-07,32.766435557107165,143.6024265601483,True,True
47374.56324843384,9.647540742025627e-08,34.82236722779982,142.12368974530153,True,True
45960.75692414077,1.0412778451557833e-07,33.255718169569846,137.88227077242232,True,True
48760.678131544984,1.0317176962631988e-07,31.63657898681673,146.28203439463496,True,True
46449.79890726456,1.0137894215406797e-07,33.797808293820246,139.34939672179365,True,True
44887.35536950427,1.0367897399035674e-07,34.19837120827667,134.66206610851282,True,True
47196.384832626325,9.986234764522003e-08,33.768333352055876,141.58915449787898,True,True
45970.98949430331,1.020948235057912e-07,33.91037224564535,137.91296848290992,True,True
48451.35127127098,1.0035429246257791e-07,32.732432775051684,145.35405381381295,True,True
46067.272188768344,1.029117054283016e-07,33.57089034737364,138.20181656630504,True,True
48755.39638837364,9.529945382326826e-08,34.25366360571437,146.26618916512095,True,True
45629.29812788496,9.971104724093227e-08,34.981068071245105,136.8878943836549,True,True
45700.369028062036,1.0063888715258755e-07,34.60466098322595,137.1011070841861,True,True
48403.590857787094,1.0416599935566763e-07,31.565782922274316,145.21077257336128,True,True
45645.41156446016,1.019864492573532e-07,34.18853824628289,136.93623469338047,True,True
46936.52674098857,9.671970079494027e-08,35.05857326866444,140.8095802229657,True,True
47716.96547336035,9.85905337322351e-08,33.83078667760455,143.15089642008104,True,True
48958.06911809528,9.668781324590629e-08,33.622044023343726,146.87420735428583,True,True
48639.18772724445,9.948403703814645e-08,32.891252935705694,145.91756318173336,True,True
46378.79310139852,9.66788274788257e-08,35.495174374290436,139.13637930419557,True,True
49047.780630292495,9.566553375090505e-08,33.91917433063092,147.14334189087748,True,True
45759.60021178343,1.0057766975728208e-07,34.58090388024572,137.27880063535028,True,True
45444.32375697636,9.500134516742828e-08,36.86470235198546,136.33297127092908,True,True
44906.73820415925,1.0094731809789849e-07,35.10862612889856,134.72021461247775,True,True
48113.531937505126,1.0270456737885344e-07,32.20795384231934,144.34059581251537,True,True
46223.19259358281,9.510941694755132e-08,36.20234258604058,138.66957778074843,True,True
45584.86181500297,9.551958414168398e-08,36.551656691424796,136.75458544500893,True,True
47736.32450067036,1.027562505150752e-07,32.4461301334373,143.20897350201108,True,True
48270.16346864696,1.0186852151576184e-07,32.366918857581375,144.81049040594087,True,True
45696.991199173455,1.0215555256561963e-07,34.093418409682805,137.09097359752036,True,True
45317.99674099275,9.560986654311916e-08,36.73218101238349,135.95399022297823,True,True
46081.714477591486,9.696714438277792e-08,35.61778407858285,138.24514343277448,True,True
47107.500125703766,9.640789333287852e-08,35.04430736375517,141.3225003771113,True,True
49194.71966595916,1.0304906036547638e-07,31.394791665257053,147.58415899787747,True,True
49120.39134683314,1.0388131671879021e-07,31.19039448962728,147.3611740404994,True,True
47031.73653030123,9.753583391275345e-08,34.69484214681318,141.0952095909037,True,True
46394.97501398811,9.821883559753224e-08,34.926446786224176,139.18492504196433,True,True
48396.32528852919,1.031117035749937e-07,31.8933238182637,145.18897586558757,True,True
48558.46315304035,1.0424603008857951e-07,31.440950976549146,145.67538945912105,True,True
46415.52720224453,9.741057569364718e-08,35.20065412581368,139.2465816067336,True,True
45467.64473224165,1.0235981479191847e-07,34.197013696093194,136.40293419672494,True,True
45685.252569649994,1.024559573573138e-07,34.0021896732901,137.05575770894998,True,True
49202.71735973799,9.562896259349683e-08,33.825295444454774,147.60815207921397,True,True
45482.01856203219,9.686140119752685e-08,36.126813182015226,136.44605568609657,True,True
44722.01261325024,1.0473634922065779e-07,33.978277600880055,134.16603783975074,True,True
45867.34868050353,1.0201167763059872e-07,34.01469686796758,137.6020460415106,True,True
48671.21593403343,9.640119901616451e-08,33.92075419913282,146.0136478021003,True,True
48526.07829611255,9.563632565031958e-08,34.29430886098002,145.57823488833765,True,True
47000.41800876617,9.652688439954087e-08,35.08085119910812,141.0012540262985,True,True
49205.35926613217,9.657232646067244e-08,33.49307567512164,147.6160777983965,True,True
48652.02191172468,9.733772116185356e-08,33.60764364084022,145.95606573517406,True,True
48398.043112837055,9.590587967207416e-08,34.28839023437075,145.19412933851117,True,True
46127.8999074166,1.0150040266490709e-07,33.992936564585165,138.3836997222498,True,True
46240.79064058493,9.614921292564025e-08,35.79720732233598,138.72237192175479,True,True
47289.355773243755,1.030761834822317e-07,32.65114413743772,141.86806731973127,True,True
48471.3372702775,1.0379945080650177e-07,31.632977638914344,145.4140118108325,True,True
47033.849358648586,9.787856052280008e-08,34.571803359786536,141.10154807594577,True,True
48830.5608698438,9.727343835306554e-08,33.506892454250114,146.4916826095314,True,True
45457.936463174934,9.616364739355265e-08,36.40822337383458,136.3738093895248,True,True
46189.69692080111,1.0243302222667711e-07,33.638376919377805,138.5690907624033,True,True
44813.83294860087,9.525472190960883e-08,37.283916550624475,134.4414988458026,True,True
44668.29971050959,1.0146179186589437e-07,35.1170626402753,134.00489913152876,True,True
47281.26203822342,9.848313188462168e-08,34.17977662278402,141.84378611467028,True,True
46357.99826762219,1.0496328174219087e-07,32.70830629277428,139.0739948028666,True,True
47253.21969070748,1.0020261162568371e-07,33.61318651878688,141.75965907212245,True,True
47529.16314332424,1.0381160715392694e-07,32.25626284805167,142.58748942997272,True,True
46642.3797291781,1.0355721497427989e-07,32.9502769413741,139.9271391875343,True,True
48129.25424302042,9.701151914066145e-08,34.08691470039842,144.38776272906125,True,True
46544.43937914909,9.950966923818263e-08,34.362681384915305,139.63331813744725,True,True
47373.49184533227,1.0417877625553366e-07,32.24820030710034,142.1204755359968,True,True
49284.35534541146,9.950990174483515e-08,32.45224559413679,147.8530660362344,True,True
46171.37315206616,9.748077998576608e-08,35.36130998036629,138.5141194561985,True,True
45474.864438580975,1.0270660881625279e-07,34.076134887607196,136.42459331574292,True,True
48356.978326396995,1.0427076664916836e-07,31.564463321902288,145.07093497919098,True,True
47353.12221081276,1.0379584461226643e-07,32.381096067678286,142.0593666324383,True,True
49088.51340295363,1.0106079615173858e-07,32.08171203322441,147.26554020886087,True,True
46353.43580361839,9.59302365903052e-08,35.79172959477685,139.0603074108552,True,True
49023.104620845384,1.0209230366709968e-07,31.799941167771145,147.06931386253615,True,True
47723.58045777028,9.614984830846627e-08,34.68474525264164,143.17074137331085,True,True
44927.56545127464,1.0320777847447213e-07,34.32375679285589,134.78269635382392,True,True
47662.79914316322,9.662715268064232e-08,34.55742747711355,142.98839742948965,True,True
47166.56845741942,9.509290445312324e-08,35.48442223796285,141.49970537225826,True,True
46027.40900529363,1.013188952208206e-07,34.12818229961428,138.08222701588087,True,True
48159.55948373879,9.569148451545376e-08,34.53538753728032,144.47867845121638,True,True
49128.222415757766,9.505891174023284e-08,34.07973766412443,147.3846672472733,True,True
45876.715271421584,1.0307752683368569e-07,33.656102875450905,137.63014581426475,True,True
44923.62650182506,9.982768291834122e-08,35.489046645866445,134.7708795054752,True,True
45436.76276979713,9.711249158923316e-08,36.06929494509385,136.3102883093914,True,True
45560.20958205911,9.564526774846797e-08,36.52337742086412,136.68062874617735,True,True
48320.040733825306,1.0100367696665328e-07,32.610364690662884,144.9601222014759,True,True
47850.843282726244,9.808457558600304e-08,33.91015841230253,143.55252984817872,True,True
45512.39624067545,9.70472570170313e-08,36.033559488892394,136.53718872202637,True,True
45095.693541432316,9.849209983651151e-08,35.833040839068744,135.28708062429695,True,True
46317.29488592384,9.568797635030642e-08,35.91034476378405,138.95188465777153,True,True
46187.43112587017,9.737237551149366e-08,35.388369911616394,138.56229337761053,True,True
46147.618316158536,9.526244546982905e-08,36.203379571988755,138.4428549484756,True,True
45696.149486379705,9.737560624478345e-08,35.76764534557624,137.08844845913913,True,True
45535.969517646816,9.8408059446229e-08,35.516885575660424,136.60790855294044,True,True
47590.17434872655,1.0165375946209233e-07,32.89874953852597,142.77052304617965,True,True
48378.02145669483,1.0368542812280294e-07,31.728847958372256,145.1340643700845,True,True
44786.31739897766,9.8189094236108e-08,36.191911746494554,134.358952196933,True,True
48176.030292356525,9.56924428782025e-08,34.52323454657654,144.5280908770696,True,True
48177.51564781266,1.014545621490483e-07,32.56148098755126,144.53254694343798,True,True
49175.09822661863,1.0232206891322024e-07,31.630465450879537,147.5252946798559,True,True
47775.55180037966,9.773044740414146e-08,34.08666660627766,143.326655401139,True,True
46256.98149965238,1.0134069904157288e-07,33.95149843781514,138.77094449895714,True,True
45159.04157725647,9.591515175504725e-08,36.74414931064082,135.4771247317694,True,True
49163.372783947285,9.631154287243668e-08,33.612446355018676,147.49011835184186,True,True
45783.321218101955,1.012213606902733e-07,34.34319267771735,137.34996365430587,True,True
49104.83055709742,9.792184881939686e-08,33.099109545501335,147.31449167129227,True,True
45929.880304495855,9.817681552996004e-08,35.29521866481165,137.78964091348757,True,True
47587.26064685266,1.0137644979356974e-07,32.99076210223296,142.76178194055797,True,True
47019.67848396052,1.0415104615007993e-07,32.49951200587153,141.05903545188156,True,True
45231.88943919366,1.0432398087899316e-07,33.72805141082553,135.69566831758098,True,True
45034.288014370846,1.0293602372181415e-07,34.3328173125139,135.10286404311253,True,True
46034.003722772715,9.525199903612386e-08,36.29671189419362,138.10201116831817,True,True
46558.21328463527,9.979000814792e-08,34.256009315740485,139.6746398539058,True,True
48062.25415373172,9.746808385509166e-08,33.97453862477784,144.18676246119517,True,True
49103.81708936931,9.822904225314088e-08,32.99627911616258,147.31145126810793,True,True
48799.6389364363,1.0395576170415285e-07,31.37292115188001,146.3989168093089,True,True
47662.63932417876,1.0055136264930621e-07,33.20886887877069,142.98791797253628,True,True
47273.92263824663,1.0070353370612845e-07,33.4313397527181,141.8217679147399,True,True
46043.8798527185,1.0416614569265168e-07,33.18345673971156,138.13163955815548,True,True
45056.90716695662,9.937292031327805e-08,35.54599714153518,135.17072150086986,True,True
47652.65798707895,1.020924300235732e-07,32.71443775052255,142.95797396123686,True,True
46659.2168340519,1.0249389489674745e-07,33.28010512679793,139.97765050215568,True,True
45158.60642812421,9.705541848497923e-08,36.312806360234475,135.47581928437265,True,True
49088.77074577947,1.018057618544966e-07,31.846786508066508,147.2663122373384,True,True
47893.76829318855,9.547175049447022e-08,34.80697147568365,143.68130487956566,True,True
47315.349681176274,9.770190862328546e-08,34.42825648726173,141.94604904352883,True,True
45681.53574040962,9.808456063100466e-08,35.5204766429785,137.04460722122886,True,True
48852.361290968336,1.0499746393156597e-07,31.028141400776647,146.557083872905,True,True
44981.17912509619,9.812620340408302e-08,36.0582213174191,134.94353737528857,True,True
47607.65991784329,1.0409322338450979e-07,32.11595490810445,142.82297975352986,True,True
48651.90136139588,9.824233974416565e-08,33.29826589826112,145.95570408418766,True,True
48559.872269726424,9.73070873537381e-08,33.68201948067964,145.67961680917927,True,True
47285.58477720692,1.024215943223107e-07,32.862442214788906,141.85675433162075,True,True
49006.99248215653,9.972320260494266e-08,32.566108329422384,147.02097744646957,True,True
45160.39391165512,1.0257561940887072e-07,34.35723948115576,135.48118173496536,True,True
45886.99451853229,1.0320502525011581e-07,33.606994411511984,137.66098355559686,True,True
47271.679357565044,9.761559198216521e-08,34.49053318280749,141.81503807269513,True,True
45080.15717699096,1.0235140794287987e-07,34.49378792205062,135.24047153097288,True,True
47519.593230006125,9.75274767771785e-08,34.34159237039905,142.55877969001838,True,True
45159.19911395036,9.912363957059367e-08,35.55467069214266,135.4775973418511,True,True
45178.020980363566,1.0195012046548674e-07,34.55454554599685,135.5340629410907,True,True
45335.27501582072,9.597212045803732e-08,36.57958605631193,136.00582504746217,True,True
44944.43071178731,9.929326285623452e-08,35.66354132500884,134.83329213536194,True,True
45659.443279521336,9.61011668776227e-08,36.27111103032188,136.978329838564,True,True
45880.88619717097,1.0079951798725646e-07,34.41358193616339,137.6426585915129,True,True
44861.02421587381,9.596013983438122e-08,36.97090441576945,134.58307264762144,True,True
47054.80143175692,1.0034129215705953e-07,33.70827258090131,141.16440429527074,True,True
44789.42945646643,9.631821674313414e-08,36.89233707355249,134.3682883693993,True,True
49165.45336947157,9.646777339085672e-08,33.55659055468578,147.4963601084147,True,True
49302.84043079141,9.759404753803862e-08,33.07690463626105,147.90852129237422,True,True
45953.563269434264,1.0256900833508502e-07,33.76640168071183,137.8606898083028,True,True
47027.902047610565,9.503234166871452e-08,35.611731964093146,141.0837061428317,True,True
47941.827179314634,1.0126378020563403e-07,32.783205337871145,143.82548153794392,True,True
47481.526483682916,1.0236041338882018e-07,32.746389850534165,142.44457945104875,True,True
48334.54707793398,9.516032679958004e-08,34.60242639126259,145.00364123380194,True,True
48318.49508064573,9.731574877649334e-08,33.84726671899515,144.9554852419372,True,True
45078.42197592483,1.0327692283305554e-07,34.185988128939535,135.2352659277745,True,True
46369.695162606164,9.895513747177118e-08,34.685466855630914,139.1090854878185,True,True
49022.51168672795,9.90880767793899e-08,32.76447200351197,147.06753506018384,True,True
44702.488728495606,9.610068729945744e-08,37.047758380549375,134.10746618548683,True,True
48625.10453564785,1.0278535591519682e-07,31.844053111758214,145.87531360694356,True,True
48926.39230449448,1.045787780050438e-07,31.105227032175296,146.77917691348344,True,True
45558.25184483398,9.734642483385803e-08,35.886662840014154,136.67475553450194,True,True
47731.46558554253,1.0270342546239883e-07,32.46612327121275,143.19439675662758,True,True
48238.844658171285,9.557367595519366e-08,34.52112526874663,144.71653397451388,True,True
49157.364954227596,1.0363515007831877e-07,31.240966142882808,147.47209486268278,True,True
44932.71502104564,1.0418013323031063e-07,33.99950247208806,134.79814506313693,True,True
44667.57705550215,1.0022058894622396e-07,35.55255245161403,134.00273116650646,True,True
45574.052904429154,1.0265115066439394e-07,34.02034061944736,136.72215871328746,True,True
47947.42215492815,9.728692036150623e-08,34.1193236077918,143.84226646478444,True,True
49150.5500988676,9.644969259746459e-08,33.57305801748717,147.45165029660282,True,True
45367.38057889066,1.0377833600655874e-07,33.804126953122385,136.102141736672,True,True
47726.001581912744,9.765565168127784e-08,34.148190680295045,143.17800474573824,True,True
46463.655918321296,9.780456043584847e-08,35.02254060700226,139.3909677549639,True,True
46750.98580925158,9.775887842022139e-08,34.823558517861755,140.25295742775472,True,True
46797.22004775562,9.615078262601057e-08,35.37099307017657,140.39166014326685,True,True
46638.12503119052,1.0089546337913268e-07,33.822632750403784,139.91437509357155,True,True
47589.38435097486,9.9779209304392e-08,33.51737412597091,142.7681530529246,True,True
45679.251082104005,1.0296085597470272e-07,33.83989541976517,137.037753246312,True,True
46670.0313173848,1.0240942984655923e-07,33.299835726753436,140.0100939521544,True,True
45228.51312065161,1.0220441419469436e-07,34.430090772448345,135.68553936195482,True,True
49150.45987848172,9.61458670865072e-08,33.67921229826453,147.45137963544516,True,True
45123.04634316697,9.888567956313907e-08,35.66878509318235,135.3691390295009,True,True
47852.19870203401,9.757578666446511e-08,34.08601045884088,143.55659610610203,True,True
49079.468924239365,9.949398401857494e-08,32.59293386182083,147.2384067727181,True,True
49201.46566498074,9.665368634962186e-08,33.467530580256444,147.60439699494222,True,True
44824.984099604095,1.0212029055082331e-07,34.76865940612399,134.4749522988123,True,True
47794.08046738186,9.588767010856151e-08,34.72827845009956,143.38224140214555,True,True
48120.69835069021,9.786450747999645e-08,33.795820553091474,144.36209505207066,True,True
44772.24461670002,9.561307574831023e-08,37.17868070323634,134.31673385010006,True,True
46842.82378226447,1.0364551921487921e-07,32.781327211562896,140.52847134679342,True,True
45293.83430846048,9.889827593393787e-08,35.529764089329866,135.88150292538143,True,True
48132.8427384561,1.0109370564737787e-07,32.70803874341207,144.39852821536832,True,True
48167.82009447493,1.0478135157413516e-07,31.534005817568374,144.5034602834248,True,True
46241.24264890725,9.750769816486044e-08,35.29813265445618,138.72372794672177,True,True
47473.171691079275,9.874556253303769e-08,33.951134837751724,142.41951507323782,True,True
44884.97285956031,9.870741866037519e-08,35.92273297772131,134.65491857868093,True,True
48916.67000683575,1.0400225749388254e-07,31.28387057569723,146.7500100205073,True,True
45467.38368974125,9.975125834569684e-08,35.09148800039424,136.40215106922375,True,True
48952.40795177177,1.0219710384918623e-07,31.813209366570888,146.8572238553153,True,True
45527.653080946024,9.740259221364176e-08,35.89007395614444,136.5829592428381,True,True
45105.84095437326,9.927266825608848e-08,35.54329224065635,135.3175228631198,True,True
46601.45458887609,1.0253334998303017e-07,33.30853349307003,139.80436376662828,True,True
48648.99956317316,9.743536878762327e-08,33.576048587771254,145.9469986895195,True,True
45577.542758752425,1.0339330406708089e-07,33.77355761717703,136.7326282762573,True,True
47848.87625430021,1.0370642727998234e-07,32.07323128307956,143.54662876290064,True,True
44758.09009477114,9.537344429145492e-08,37.28388146519271,134.27427028431345,True,True
48901.27966974896,1.0055359036519289e-07,32.366990879644675,146.70383900924688,True,True
46029.34182714245,9.84738275577336e-08,35.11272603326283,138.08802548142737,True,True
45369.6890303161,1.0368041931119953e-07,33.83433025707543,136.10906709094832,True,True
45217.473387202845,1.0370655871567307e-07,33.93967010472683,135.65242016160852,True,True
44995.62246342727,1.021411691124061e-07,34.62972501682431,134.98686739028182,True,True
46311.84806701842,1.0169156014364055e-07,33.79427311222818,138.93554420105528,True,True
45495.843256791835,1.0402489068037479e-07,33.628782516557685,136.48752977037552,True,True
48222.4145145952,9.966687698720609e-08,33.1146622377305,144.6672435437856,True,True
46119.77435310062,9.895112625483868e-08,34.87483938651321,138.3593230593019,True,True
45397.31682306568,1.0258217694969895e-07,34.175748534732264,136.19195046919705,True,True
48737.14413644595,1.0371953554143851e-07,31.48469504762238,146.21143240933787,True,True
45410.59013053209,1.0421990199943645e-07,33.62887395237864,136.23177039159626,True,True
45586.828572105835,9.921276799138661e-08,35.18950723539383,136.76048571631753,True,True
46822.44913156855,1.0457134113301478e-07,32.50523627779389,140.46734739470566,True,True
45918.06185269224,9.751528110635561e-08,35.54380404015639,137.75418555807673,True,True
47067.42444382292,9.715043622197977e-08,34.8060662531695,141.20227333146875,True,True
44884.514244495,9.763468197978638e-08,36.3177961127516,134.653542733485,True,True
45029.41511595323,9.835146520936398e-08,35.93709695957089,135.08824534785967,True,True
48993.80841900576,1.001112871412878e-07,32.44859424632537,146.9814252570173,True,True
46046.75603239148,9.71743376539233e-08,35.56882368887373,138.14026809717444,True,True
45318.96399809814,9.903949633034238e-08,35.459428790492716,135.9568919942944,True,True
48705.568144833924,9.517491244215053e-08,34.333575401922054,146.11670443450177,True,True
46915.142234171006,1.0207711411747714e-07,33.23370120749287,140.74542670251302,True,True
45545.49345524573,1.0279447791750706e-07,33.99420857709357,136.63648036573719,True,True
46727.84551057718,1.0367838289490422e-07,32.851572259330496,140.18353653173153,True,True
45814.72901368357,9.7002635789681e-08,35.81223900844821,137.44418704105072,True,True
49294.23452953434,1.0111123093475516e-07,31.93188871657149,147.88270358860302,True,True
46408.186231894804,1.0139892354783937e-07,33.82144758787341,139.22455869568444,True,True
46200.06112560727,9.772606829718392e-08,35.25065205553244,138.6001833768218,True,True
48803.40290052819,1.0194411412017576e-07,31.98953081404854,146.4102087015846,True,True
46353.10949545934,1.0113656611053819e-07,33.94947436559189,139.05932848637804,True,True
47851.238920800235,1.033865928189368e-07,32.17086379446356,143.55371676240068,True,True
45582.21052315048,9.96712153422388e-08,35.03119844870398,136.74663156945147,True,True
46770.54626421329,9.81267076655827e-08,34.67851258107707,140.31163879263988,True,True
46868.906287407204,1.0138678528187917e-07,33.49299307175842,140.6067188622216,True,True
47247.2645002077,9.52197590575868e-08,35.37662389538008,141.7417935006231,True,True
45384.34735671927,9.531299914288633e-08,36.79272053786497,136.15304207015782,True,True
46174.903277906946,1.0034496055515498e-07,34.349353751721466,138.52470983372083,True,True
49233.86084375535,1.0080270126158085e-07,32.06890030752616,147.70158253126607,True,True
46517.46061775435,9.80764290101454e-08,34.88506112977649,139.55238185326306,True,True
47434.16504259742,1.0210276992491702e-07,32.86179992496889,142.30249512779227,True,True
46293.489969213166,9.546914869790933e-08,36.01116397340333,138.8804699076395,True,True
44833.285745408364,9.745281528807447e-08,36.42714824375647,134.4998572362251,True,True
46294.07006303918,1.0308177682092971e-07,33.35130800463845,138.88221018911753,True,True
49267.813516526054,1.0470528026711951e-07,30.85235068244383,147.80344054957817,True,True
44689.57612836426,1.0269392657789895e-07,34.67920527436973,134.06872838509275,True,True
46189.86072797721,9.903100608007609e-08,34.79383404572126,138.56958218393166,True,True
48152.780441120194,9.908442874819245e-08,33.35748907905684,144.45834132336057,True,True
48000.84984383695,1.0486277147008795e-07,31.619126887537547,144.00254953151085,True,True
44861.34433171093,9.89289665293623e-08,35.861163484688554,134.5840329951328,True,True
44905.766516122734,9.831954190820997e-08,36.0477507327453,134.7172995483682,True,True
47837.079714939944,1.0119621678165711e-07,32.87692532984779,143.51123914481983,True,True
48638.193504489354,1.0132631239198608e-07,32.293897160452445,145.91458051346805,True,True
48655.855078826586,9.805849164360008e-08,33.35798536665055,145.96756523647977,True,True
46596.795325547835,9.999742086111493e-08,34.15665109860661,139.7903859766435,True,True
45697.62212463826,9.746366060715516e-08,35.73417916976422,137.0928663739148,True,True
46331.29467612053,9.704737092629218e-08,35.39663037623144,138.9938840283616,True,True
46896.606999838696,9.801638553766917e-08,34.62422217795801,140.68982099951612,True,True
46933.918835651675,9.979121920143974e-08,33.981377904995654,140.80175650695503,True,True
45740.31348029592,9.719816920341545e-08,35.798341786613136,137.22094044088774,True,True
48600.66741398918,1.0049005104408745e-07,32.58778418615015,145.80200224196756,True,True
46636.38458153997,1.0220007801169295e-07,33.392122837300214,139.9091537446199,True,True
49135.631423539926,1.012391329431409e-07,31.994488633516802,147.40689427061977,True,True
45371.85808956475,1.0314207257933468e-07,34.0093015205527,136.11557426869425,True,True
48449.833074122136,9.960669532427142e-08,32.97913913273595,145.34949922236643,True,True
45457.863261583574,9.764616735176524e-08,35.855510642762674,136.37358978475072,True,True
47302.83347918151,1.0419322017971812e-07,32.291893764253665,141.90850043754452,True,True
46922.79559799561,1.0367317156959764e-07,32.71672835278781,140.76838679398685,True,True
46559.094726093776,9.914918099705028e-08,34.47676216982427,139.67728417828133,True,True
45636.817774810464,1.0424395513596245e-07,33.45445022328018,136.9104533244314,True,True
44954.990630470595,1.0100112904210272e-07,35.05225735032189,134.86497189141178,True,True
46078.829023465085,9.558828157226161e-08,36.133833860135056,138.23648707039527,True,True
48836.85196574259,1.0394217000723084e-07,31.35311466797518,146.5105558972278,True,True
48171.05166676954,9.549662970210506e-08,34.5975988744472,144.51315500030861,True,True
45350.21512310395,9.688081269498661e-08,36.224550642292336,136.05064536931187,True,True
44959.69816377077,1.0311160957914337e-07,34.33121538051252,134.87909449131232,True,True
47539.63488548644,1.0186327309451454e-07,32.86598576378389,142.61890465645934,True,True
46287.337688911335,1.0333444154826218e-07,33.27459917881047,138.86201306673402,True,True
48766.32834515305,9.53183429355262e-08,34.23919847328077,146.29898503545917,True,True
45706.792945428846,9.633296958393571e-08,36.14634868998643,137.12037883628656,True,True
46170.421303071096,1.0106457122588152e-07,34.10808655006022,138.51126390921328,True,True
47037.03957022911,9.783621477677625e-08,34.584421033234406,141.11111871068735,True,True
46261.886687705664,1.0208476690681083e-07,33.70046161007629,138.78566006311698,True,True
45518.03602925512,1.0308424085130347e-07,33.91910149396726,136.55410808776537,True,True
48868.27706630046,1.0357537151617011e-07,31.443914331690713,146.6048311989014,True,True
46088.19963276928,1.0038711629859065e-07,34.39952211488338,138.26459889830787,True,True
48654.46848759342,9.974386662398714e-08,32.79526912674,145.96340546278026,True,True
45031.90588699042,9.640336483632158e-08,36.661278904553896,135.09571766097125,True,True
49193.883916825805,1.0146757977443446e-07,31.88465469625781,147.58165175047742,True,True
44690.89669913743,9.900699773833695e-08,35.96956384369568,134.0726900974123,True,True
48558.446817295626,1.013968052216555e-07,32.32444470985895,145.67534045188688,True,True
48309.91245376677,9.942223747101824e-08,33.136020373986774,144.9297373613003,True,True
46077.00556575529,1.0241641548561457e-07,33.72611467461897,138.23101669726586,True,True
45765.33884578312,9.576517805152106e-08,36.31414546879829,137.29601653734935,True,True
49098.73535608949,1.0479425709997061e-07,30.932309170394443,147.29620606826848,True,True
47816.30619740597,1.0146878880106764e-07,32.80285402940139,143.4489185922179,True,True
48277.844110285754,1.0463085314115807e-07,31.507394961567826,144.83353233085728,True,True
47145.99737278951,1.0211435319512156e-07,33.0589087064584,141.43799211836856,True,True
48906.193218021464,1.0364026772924542e-07,31.399862485628546,146.7185796540644,True,True
47234.06389210328,1.0497757597418809e-07,32.0972835334765,141.70219167630984,True,True
46379.443677163705,9.843115664032352e-08,34.86277943340267,139.1383310314911,True,True
49183.35042549815,9.596860262663662e-08,33.718857456953856,147.55005127649446,True,True
48514.77521072871,9.545072372204207e-08,34.36899892886722,145.54432563218614,True,True
45036.23530702636,1.0113464497287599e-07,34.942831809077674,135.1087059210791,True,True
47557.88733408303,9.918711204242597e-08,33.73978668775936,142.6736620022491,True,True
49268.959648192176,1.0023642909922383e-07,32.227094540791434,147.80687894457654,True,True
45945.170033331764,9.860902151827449e-08,35.128824639347236,137.83551009999528,True,True
48966.68653986243,9.835010560887337e-08,33.047954474966474,146.9000596195873,True,True
46479.19077566336,1.0315368238972086e-07,33.19531830528266,139.43757232699008,True,True
46596.17229070905,9.99450559139368e-08,34.175003989651294,139.78851687212716,True,True
48207.135207205625,9.965404895333872e-08,33.129422026352174,144.62140562161687,True,True
46790.71500482344,1.019173061553786e-07,33.374326780444704,140.3721450144703,True,True
49080.124688709344,9.75278346295157e-08,33.24955922273411,147.24037406612803,True,True
48502.552382079775,9.859862467279199e-08,33.28010448768503,145.50765714623932,True,True
46550.33292598899,1.0094560138507916e-07,33.86959008819834,139.65099877796698,True,True
47857.93457515892,9.897545410168168e-08,33.599953550229124,143.57380372547675,True,True
48569.32768565559,9.634384659289585e-08,34.01214782567823,145.70798305696678,True,True
49080.392315696634,1.0222062515216738e-07,31.72295049408713,147.2411769470899,True,True
47570.870421943175,9.91114414687099e-08,33.75633134486022,142.7126112658295,True,True
49139.20254301173,1.0108845807400422e-07,32.03984859892466,147.4176076290352,True,True
46739.9303367204,9.775928222714564e-08,34.83165151430326,140.21979101016117,True,True
44718.27105003981,9.73983460789992e-08,36.54126227350054,134.15481315011942,True,True
48877.93565862097,9.660644693493411e-08,33.70553047614298,146.6338069758629,True,True
45835.42125771336,1.0124467607713984e-07,34.296255763187794,137.50626377314006,True,True
47890.73662174936,9.924697656780512e-08,33.48507909536317,143.67220986524808,True,True
45546.95847121925,1.027014615412349e-07,34.023902607531575,136.64087541365777,True,True
48954.98134491866,9.86560296037398e-08,32.95335286906798,146.864944034756,True,True
45667.76393930306,1.0256959648519139e-07,33.977524725430904,137.00329181790917,True,True
45600.290161129946,9.89953935654355e-08,35.25636542760099,136.80087048338984,True,True
48899.56953189655,1.0038008683579602e-07,32.424070020301414,146.69870859568965,True,True
46049.262342033166,9.82170682729999e-08,35.18928863038315,138.1477870260995,True,True
47229.18359952405,9.707134578101637e-08,34.7151177385705,141.68755079857215,True,True
44949.34910299012,1.0126474479667275e-07,34.965396052486255,134.84804730897037,True,True
45455.807547693665,1.0003191306763712e-07,35.00194510991543,136.367422643081,True,True
44992.3889447787,9.903332044070053e-08,35.71903668123806,134.97716683433612,True,True
48137.94910965534,1.0299066484448944e-07,32.102191896587776,144.41384732896603,True,True
48214.04315925352,1.0170250961923015e-07,32.45748832797459,144.64212947776056,True,True
45275.28559315251,9.616546708607922e-08,36.55441076983907,135.82585677945755,True,True
47313.42452452255,9.542937096083327e-08,35.2495589442778,141.94027357356765,True,True
49325.89834053698,9.884529720223482e-08,32.64292871101295,147.97769502161094,True,True
47367.16066901622,1.0020117854524338e-07,33.53281009474752,142.10148200704867,True,True
45049.124786062035,1.0375804083846839e-07,34.04959972897235,135.1473743581861,True,True
47623.63865869582,9.539919010971522e-08,35.03102698603665,142.87091597608745,True,True
45124.84572310086,1.0098599705590767e-07,34.92554917985181,135.37453716930258,True,True
47455.43170819704,9.888262166711116e-08,33.916750039553314,142.36629512459112,True,True
46085.7745306696,9.766650704156471e-08,35.35961966820713,138.25732359200882,True,True
45286.085795660736,9.892174407382964e-08,35.5274127779809,135.85825738698222,True,True
48705.54971857476,1.0277518038951563e-07,31.79460504522742,146.11664915572428,True,True
45848.97703066374,9.9033853814788e-08,35.05151564499763,137.5469310919912,True,True
46781.84607672956,9.580711468688438e-08,35.50953741467644,140.34553823018868,True,True
45038.90598374429,1.001909173408476e-07,35.269877063475114,135.11671795123286,True,True
48779.9556025502,9.829073277546082e-08,33.19450204432241,146.3398668076506,True,True
49303.25519742745,9.697166147868851e-08,33.288919645130974,147.90976559228233,True,True
46042.78417887381,1.0326260962784413e-07,33.4746047757144,138.12835253662143,True,True
45749.502924755194,9.541080046397446e-08,36.46164114593374,137.2485087742656,True,True
47213.621907893335,1.0483345764878174e-07,32.1553250230761,141.64086572368,True,True
48108.159216209206,9.884273613401024e-08,33.47007096106364,144.32447764862764,True,True
47797.22497195492,9.912932103302342e-08,33.59041095384528,143.39167491586477,True,True
48486.65081065537,1.0353515816863277e-07,31.703710516947346,145.45995243196612,True,True
45039.20861507803,9.676946417002512e-08,36.5166597098715,135.1176258452341,True,True
47566.5396146794,9.933193741163938e-08,33.68446601362779,142.6996188440382,True,True
47500.548827767736,1.0239992453626452e-07,32.72064586393972,142.5016464833032,True,True
48155.02791038928,9.531079627311973e-08,34.676590900245415,144.46508373116785,True,True
46223.87860880445,9.78665331920478e-08,35.18192054431356,138.67163582641336,True,True
45833.012197988086,1.0406530540639053e-07,33.36842958787219,137.49903659396426,True,True
44770.054889590414,9.90153314742816e-08,35.9029437861499,134.31016466877125,True,True
48631.14910927955,9.708283135421557e-08,33.71034259433701,145.89344732783866,True,True
45955.32917653832,9.563546105063371e-08,36.21306585677344,137.86598752961496,True,True
44955.81365611266,9.704619771676606e-08,36.48007688106493,134.86744096833797,True,True
47673.58623073399,1.0164797570425285e-07,32.843057044779776,143.02075869220198,True,True
44880.388315357064,9.679857777762175e-08,36.634861104829035,134.6411649460712,True,True
45500.2299328442,1.010033847765289e-07,34.63144496027164,136.50068979853262,True,True
46941.811726788415,9.608715652613059e-08,35.285391690343275,140.82543518036525,True,True
46607.955613452694,9.748978339815844e-08,35.026841123477936,139.82386684035808,True,True
48339.20469693896,1.0409439719892899e-07,31.629569156079253,145.0176140908169,True,True
45796.049262337125,9.734358545349022e-08,35.701361551226334,137.38814778701138,True,True
46274.63892401077,1.0212383374312025e-07,33.67828618168494,138.8239167720323,True,True
48940.599001124,9.969874861569423e-08,32.61828656634652,146.821797003372,True,True
45044.11092801941,1.0448365786105518e-07,33.81689616051501,135.13233278405824,True,True
45954.91935861937,1.0365782736223383e-07,33.41073435634207,137.86475807585813,True,True
47552.35485211649,9.770107393298385e-08,34.25695565642346,142.65706455634947,True,True
47575.34839984178,9.663195115518813e-08,34.61923011689863,142.72604519952534,True,True
46530.32977401964,9.854481599601057e-08,34.70964870439885,139.59098932205893,True,True
45286.28388464049,9.736314730646033e-08,36.09598045047097,135.85885165392148,True,True
49017.97871045975,9.666229029807912e-08,33.58981808204339,147.05393613137923,True,True
46810.833617153934,1.0257535795824517e-07,33.14596864816773,140.4325008514618,True,True
46743.3959026371,9.682172392988843e-08,35.16633103051144,140.2301877079113,True,True
46973.14591372744,9.869811321527492e-08,34.329038063070826,140.91943774118235,True,True
47295.686087174174,1.0037040268137592e-07,33.526864192436754,141.88705826152253,True,True
47160.865585591644,9.821275857141898e-08,34.361368703997165,141.48259675677494,True,True
48301.60414978736,9.742173386583264e-08,33.82226769700852,144.90481244936208,True,True
45633.76021057002,9.901509028491462e-08,35.22349839179689,136.90128063171005,True,True
48057.69141539551,1.0182700212514039e-07,32.5232748454821,144.17307424618653,True,True
47625.43652646821,9.95735517477849e-08,33.56117549363663,142.87630957940465,True,True
46025.50371141202,9.89165437768833e-08,34.95848860503514,138.07651113423606,True,True
46836.83361723256,9.841063752273908e-08,34.529521436887634,140.51050085169766,True,True
47389.33690819745,9.800249460285307e-08,34.26907398706118,142.16801072459236,True,True
48287.04406498803,1.0278133553754222e-07,32.068249550948245,144.8611321949641,True,True
48300.51107511036,9.844781061397312e-08,33.470511030019225,144.9015332253311,True,True
47065.28675616024,1.0048606979672029e-07,33.65220780890448,141.19586026848071,True,True
45395.24298986138,9.898049208128558e-08,35.420947801158576,136.18572896958415,True,True
47121.873961653735,1.0371672415134423e-07,32.564827875726465,141.3656218849612,True,True
48126.903664321326,1.0289190454112459e-07,32.14037977116263,144.380710992964,True,True
47738.88411305502,9.694194902189626e-08,34.39031243689993,143.21665233916505,True,True
47267.29674557291,9.981382162524302e-08,33.73406538025775,141.80189023671875,True,True
46505.59487984384,1.0073945377282709e-07,33.971547908052436,139.51678463953152,True,True
46145.84217379871,9.731649922047669e-08,35.440600969761995,138.43752652139614,True,True
47771.416196743194,1.0035527576703862e-07,33.19799129456264,143.3142485902296,True,True
48226.933814696495,9.720922872954409e-08,33.948687076619635,144.6808014440895,True,True
45868.02790047439,1.0242928370447818e-07,33.875516682458205,137.60408370142318,True,True
46234.62879996931,1.0274324057103309e-07,33.504218862386786,138.70388639990793,True,True
45967.38686824588,9.811591234402045e-08,35.2883107501466,137.90216060473765,True,True
47173.2051777523,1.0150099151442399e-07,33.239498413323886,141.5196155332569,True,True
45701.05615026289,1.0014336530401692e-07,34.77536629654505,137.10316845078867,True,True
46754.91012953155,1.0005440777987215e-07,34.02175238229393,140.26473038859467,True,True
46668.14695358695,1.0133340578898385e-07,33.654793912872464,140.00444086076087,True,True
48338.393453117336,9.656909694817947e-08,34.09492575848335,145.015180359352,True,True
46756.83558714546,9.994552878901927e-08,34.05741256136604,140.2705067614364,True,True
46210.30065958775,9.974712554794428e-08,34.528757291952424,138.63090197876326,True,True
45785.01036485668,9.75421607931062e-08,35.637271259539666,137.35503109457002,True,True
46673.674754293075,9.781924351012312e-08,34.859715330845866,140.02102426287925,True,True
45106.1229256412,9.554658735447369e-08,36.92916198800755,135.3183687769236,True,True
48375.79261648926,1.0295908188250714e-07,31.95415788107143,145.1273778494678,True,True
46795.067884180746,1.016139943457226e-07,33.47083343913016,140.38520365254223,True,True
45781.86823108316,9.729304452133607e-08,35.7309716968958,137.34560469324947,True,True
45237.957076940285,9.605472976469623e-08,36.62675074257976,135.71387123082084,True,True
47162.39897149705,1.0102633693690548e-07,33.40332025261053,141.48719691449116,True,True
47960.82721745193,1.0062219289550555e-07,32.97916751891277,143.88248165235578,True,True
49140.10952683706,1.0141484943423617e-07,31.936142783050478,147.42032858051118,True,True
49281.0819940461,9.758277959975903e-08,33.09532974787552,147.8432459821383,True,True
46354.200143736656,1.0271011485463377e-07,33.42857202825743,139.06260043120997,True,True
45237.128186279304,1.0472368051960312e-07,33.595430294231306,135.71138455883792,True,True
44776.82456237626,9.556593357915504e-08,37.19321609540544,134.3304736871288,True,True
46000.72880298899,1.0457250276647356e-07,33.085516360759364,138.00218640896696,True,True
46797.73950578986,9.713699478683589e-08,35.01148993401038,140.39321851736958,True,True
45220.10269430492,9.943497239915088e-08,35.39561232831511,135.66030808291475,True,True
46988.25510701121,1.0483478091744402e-07,32.30914175331343,140.96476532103364,True,True
46731.31022303808,9.626730216776607e-08,35.37800775711126,140.19393066911425,True,True
47961.26027524778,1.0353578364726192e-07,32.05081446709252,143.88378082574334,True,True
46859.08243875528,9.537858713549708e-08,35.61028639559568,140.57724731626584,True,True
48079.91125699076,9.91879071446875e-08,33.3731920340801,144.2397337709723,True,True
44717.11211019797,9.874991291197218e-08,36.04206469410368,134.15133633059392,True,True
45112.15007233163,9.671000829959811e-08,36.48002982752407,135.3364502169949,True,True
48492.60802910546,9.785469211374379e-08,33.539990468038326,145.47782408731638,True,True
47559.81061491933,1.0303480041165286e-07,32.47850878752301,142.679431844758,True,True
44945.42360429573,1.0394912170999386e-07,34.065426404157826,134.8362708128872,True,True
45933.8090142074,9.962833469914666e-08,34.77801578144385,137.8014270426222,True,True
48973.4839993034,9.740938146690017e-08,33.362481419879636,146.92045199791022,True,True
48348.64532500041,1.0161923856412624e-07,32.39364996904899,145.04593597500124,True,True
45029.881793723376,9.888775198552697e-08,35.741832937925146,135.08964538117013,True,True
48362.808736518644,9.933875848788723e-08,33.127593505694755,145.08842620955596,True,True
44816.85743190514,9.992201307919495e-08,35.54001086450027,134.4505722957154,True,True
45678.46527742942,9.559928660994488e-08,36.44634453191477,137.03539583228826,True,True
46939.66869384676,1.0454612045525412e-07,32.43188491246569,140.8190060815403,True,True
47425.05690090322,9.672403974194935e-08,34.69587497558793,142.27517070270966,True,True
47621.8333661719,9.951925017345398e-08,33.582028465749644,142.8655000985157,True,True
44675.44926175942,9.509736670911608e-08,37.46128856590386,134.0263477852783,True,True
48500.61552581115,1.0134653596471761e-07,32.37904029731418,145.50184657743344,True,True
49212.34917927662,9.838059736032248e-08,32.8727910766313,147.63704753782986,True,True
45851.0759397899,9.928062917409188e-08,34.962789834619585,137.5532278193697,True,True
45465.30930882946,9.509590019179327e-08,36.81104849823948,136.39592792648838,True,True
44828.94733121909,1.0254073514300554e-07,34.623037332090846,134.48684199365726,True,True
45809.89053772219,9.532640802079138e-08,36.445813531991746,137.4296716131666,True,True
48129.676822020105,1.0477925212862301e-07,31.559629189805676,144.38903046606032,True,True
44651.07625828557,1.0220229713805487e-07,34.87607017834109,133.9532287748567,True,True
47928.32107466024,1.0208888158192155e-07,32.52740893587862,143.78496322398072,True,True
46010.0805375026,1.0400804541093588e-07,33.25831200869049,138.0302416125078,True,True
45109.4888065205,1.0182879083009681e-07,34.64827672516221,135.3284664195615,True,True
48812.27621946386,1.0200457335111965e-07,31.964758511232972,146.4368286583916,True,True
45579.61237248888,9.793971974093972e-08,35.65255407583729,136.73883711746666,True,True
46863.43550641345,1.0088860337392549e-07,33.66230871318294,140.59030651924036,True,True
46075.49463357025,1.0023285164754816e-07,34.461965168077725,138.22648390071075,True,True
45306.050881429575,1.0083100624063845e-07,34.839332211712545,135.9181526442887,True,True
45988.45780991887,1.0421978040738615e-07,33.20634928819176,137.96537342975662,True,True
45542.897171552766,9.733692931478815e-08,35.902263973632955,136.6286915146583,True,True
45215.26002392006,9.589891705191491e-08,36.70467610291812,135.6457800717602,True,True
45131.84353567055,9.683954720576897e-08,36.41533483986616,135.39553060701164,True,True
46686.1379653741,9.741236687926286e-08,34.995974126570786,140.05841389612232,True,True
46147.36183921762,9.662276242118433e-08,35.693883653079176,138.44208551765286,True,True
47422.724203145066,9.612912222850607e-08,34.91231573050006,142.2681726094352,True,True
46127.91044812344,9.526413834598124e-08,36.21820362357722,138.38373134437032,True,True
48273.72051463316,1.0227548566390978e-07,32.23575226134833,144.82116154389948,True,True
46324.13802012717,1.0241189974469848e-07,33.54767000219802,138.97241406038148,True,True
48026.68875996161,1.0061838602316846e-07,32.93518748714438,144.08006627988485,True,True
46415.20488952839,1.0319141257163276e-07,33.22892582374094,139.24561466858518,True,True
48768.23634948495,1.0138011736283658e-07,32.190690453623546,146.30470904845487,True,True
46028.79241595032,9.588320835707523e-08,36.061849196712615,138.08637724785098,True,True
47357.785876552436,1.013114560082304e-07,33.17188760106746,142.07335762965732,True,True
44662.10543797487,9.824820510931451e-08,36.270731474508,133.9863163139246,True,True
48871.86016557367,1.0111570528104992e-07,32.2064344253421,146.615580496721,True,True
45258.767828326,9.60090519653767e-08,36.62732687301865,135.77630348497803,True,True
45841.825603100275,1.0199328015135296e-07,34.039773990256634,137.52547680930084,True,True
47361.04450338033,9.683973415640904e-08,34.70126216048336,142.083133510141,True,True
45027.548086943505,9.934988949342511e-08,35.57741949187656,135.08264426083053,True,True
45949.23976237388,1.0028806184079593e-07,34.53763242268029,137.84771928712163,True,True
48746.76078892913,1.0168128533396866e-07,32.109485145961486,146.2402823667874,True,True
44665.68037827414,9.597724482845753e-08,37.125977667905985,133.9970411348224,True,True
48179.985891504846,1.0383360332212137e-07,31.813799348204096,144.53995767451454,True,True
46886.56098646034,1.0466264764571593e-07,32.432470765980014,140.65968295938103,True,True
45375.42751985176,9.57680550840163e-08,36.62509283061904,136.12628255955528,True,True
48314.02475151897,9.676368886758553e-08,34.04352308090675,144.9420742545569,True,True
49297.76516176383,9.593417963481189e-08,33.652670547572875,147.8932954852915,True,True
45244.15324809573,1.0393300905152824e-07,33.845751838717646,135.73245974428718,True,True
46422.2913946094,1.0453965515851125e-07,32.79536698892889,139.26687418382818,True,True
47819.98714076491,9.830709183528985e-08,33.855234620389844,143.45996142229475,True,True
46809.39521231176,9.565097698562025e-08,35.54656923944447,140.4281856369353,True,True
49137.35820061395,1.0032083406941157e-07,32.28621941329894,147.41207460184185,True,True
45058.089984296144,1.0295149544881036e-07,34.309524106938454,135.17426995288844,True,True
47300.49404341015,1.0370054326727213e-07,32.44691590424232,141.90148213023045,True,True
45126.33918101191,1.0206119531857058e-07,34.556470456073804,135.37901754303573,True,True
48963.60069006893,9.773817383952504e-08,33.25696120510569,146.8908020702068,True,True
49129.49765008332,9.891619927220009e-08,32.749930851077615,147.38849295024997,True,True
47803.581018146615,1.0331211139836233e-07,32.22615287598918,143.41074305443985,True,True
48684.120317111265,1.0160795876738578e-07,32.17400150533448,146.0523609513338,True,True
47980.400552135936,9.723074201531374e-08,34.11557239503179,143.9412016564078,True,True
48366.59991867849,1.0477138701740358e-07,31.407392351376668,145.09979975603548,True,True
47709.898414379575,9.632016174941807e-08,34.63334479600136,143.12969524313874,True,True
45121.67770728315,1.0046736382691265e-07,35.10830685853519,135.36503312184945,True,True
49036.65970602043,1.0076591121230836e-07,32.20962110126196,147.1099791180613,True,True
49005.83206557399,1.0301970311869696e-07,31.52478041587808,147.01749619672196,True,True
48553.92197809192,1.0348066953974986e-07,31.676455946195688,145.66176593427576,True,True
44693.80141757711,1.0186140289411938e-07,34.959336653652805,134.08140425273132,True,True
49348.17129394598,9.829101869453005e-08,32.812191077009835,148.04451388183796,True,True
47919.792164717306,9.650321129447319e-08,34.41624149474796,143.75937649415192,True,True
45290.28899361052,1.0380146898830488e-07,33.854120843659125,135.87086698083155,True,True
45028.91595339067,9.540159755052066e-08,37.0487016254304,135.086747860172,True,True
46090.74794095526,9.597457184117285e-08,35.97909147576127,138.2722438228658,True,True
45284.77095701117,1.004287595074182e-07,34.99531103325913,135.8543128710335,True,True
44851.11838440626,9.958846137473681e-08,35.631805753059936,134.55335515321877,True,True
45940.512461837745,9.983172786994145e-08,34.70209611877979,137.82153738551324,True,True
48350.40494468233,9.727926220541234e-08,33.83761523449593,145.051214834047,True,True
47008.594841022816,1.0072506812255805e-07,33.612846499973806,141.02578452306844,True,True
47368.20540434718,1.0084184415188668e-07,33.319035487614116,142.10461621304154,True,True
47077.720533936044,1.0263142433470339e-07,32.940057201806454,141.23316160180812,True,True
48451.83905438951,1.0122173958018194e-07,32.451596619522725,145.3555171631685,True,True
45951.592303274396,1.0444897248630062e-07,33.16006663679067,137.85477690982322,True,True
45456.31782071029,9.613590501783045e-08,36.42002668587667,136.3689534621309,True,True
44963.76405163305,1.0197802604989406e-07,34.70970081491016,134.89129215489913,True,True
48357.58495591508,9.946966309797225e-08,33.08757061513998,145.07275486774523,True,True
46771.05744093334,1.0341954940081741e-07,32.90336396472303,140.31317232280003,True,True
46799.6234129634,1.0375572667567947e-07,32.77673552428035,140.39887023889023,True,True
44865.26241907369,1.0271293272959251e-07,34.537014241215395,134.59578725722108,True,True
47547.079582545535,9.663723188484301e-08,34.637919874246954,142.64123874763663,True,True
45788.42752409269,1.0054414478438378e-07,34.5706557968003,137.36528257227806,True,True
46314.063448646804,9.977729272237742e-08,34.44098228539385,138.94219034594042,True,True
47489.338524223356,9.672033867693239e-08,34.650236461770376,142.46801557267008,True,True
47051.783031470644,9.623339305699078e-08,35.149426808245174,141.15534909441195,True,True
44687.59697938588,1.0125002461878518e-07,35.175314775427815,134.06279093815766,True,True
44724.730601616546,9.680820873897027e-08,36.75870593924737,134.17419180484964,True,True
48170.37897631006,1.0442824593562857e-07,31.638951682107813,144.51113692893017,True,True
47088.535523535924,9.637796217092409e-08,35.069308982484095,141.26560657060776,True,True
46643.02075079337,9.712199816450337e-08,35.133050001912075,139.9290622523801,True,True
46891.082307943565,9.89713664780844e-08,34.294170932252435,140.6732469238307,True,True
46342.76648418166,9.745056881814235e-08,35.241452291495506,139.02829945254496,True,True
46973.05200420625,1.0059380438973779e-07,33.68217436112713,140.91915601261877,True,True
45933.297125945406,9.56553115233713e-08,36.22291699659972,137.79989137783622,True,True
46796.32667838606,1.0432489019624783e-07,32.60021252519004,140.38898003515817,True,True
48390.70871388529,9.715986558798444e-08,33.85097979903642,145.17212614165587,True,True
47648.362383057036,9.590363490782811e-08,34.828685575695296,142.94508714917112,True,True
49251.3074372566,1.0069228767680011e-07,32.092692866666525,147.7539223117698,True,True
47266.01403583088,1.0183434943739264e-07,33.06563434203439,141.79804210749265,True,True
46662.268473198084,1.0285978311969187e-07,33.15955389974666,139.98680541959428,True,True
46183.730446218186,9.808464875404125e-08,35.1342009355177,138.55119133865458,True,True
45468.60199209909,9.7600001434908e-08,35.8639983838546,136.40580597629724,True,True
49050.08354690916,1.0117544360572828e-07,32.070465443233715,147.15025064072748,True,True
44989.57632844244,1.0125724402518264e-07,34.93671969683893,134.96872898532732,True,True
44688.41812851279,9.836336526042324e-08,36.20693573273913,134.06525438553837,True,True
46931.79596140679,1.0076339995611771e-07,33.65504260888604,140.79538788422036,True,True
49111.98985567294,1.0345092138227359e-07,31.325516318687328,147.33596956701882,True,True
48821.14257599712,1.0486840550314538e-07,31.086192196960326,146.46342772799136,True,True
47415.76516641822,1.0332082136697701e-07,32.486993257519174,142.24729549925465,True,True
45488.807926774665,1.0102666815384582e-07,34.63215730693241,136.466423780324,True,True
44951.634570627924,1.0453603320731157e-07,33.86948764973349,134.85490371188376,True,True
46640.57652067795,9.734858770628335e-08,35.05311085008941,139.92172956203382,True,True
48737.48530242276,9.890402428284945e-08,33.017413713913044,146.2124559072683,True,True
47733.00088935866,1.021362935315703e-07,32.645347777135036,143.19900266807596,True,True
46948.30881017327,1.0277442423586855e-07,32.98489657139725,140.84492643051982,True,True
46967.341134166876,9.532523427787554e-08,35.54809034793325,140.90202340250062,True,True
49079.491545307246,9.768759100941558e-08,33.19561177248387,147.23847463592173,True,True
47268.67996491189,1.0325974214934263e-07,32.607358710715786,141.80603989473568,True,True
49323.97745267486,1.0043737524642613e-07,32.12674205949978,147.9719323580246,True,True
47557.94794237025,9.66167569916189e-08,34.63734285658047,142.67384382711077,True,True
46246.22057521555,1.0494052524893861e-07,32.79447266081877,138.73866172564664,True,True
48302.76438778648,9.519182681796992e-08,34.61373655282579,144.90829316335945,True,True
45845.88574439593,9.932012830114399e-08,34.9528418549729,137.5376572331878,True,True
48470.535303702956,9.774432527465021e-08,33.59315258250909,145.4116059111089,True,True
45173.4353221531,1.0125477557263115e-07,34.795373083712505,135.52030596645932,True,True
45836.47425072903,1.0134405933620858e-07,34.26183596079682,137.50942275218708,True,True
45678.616886386626,9.512104427110182e-08,36.629465111098064,137.03585065915988,True,True
46976.90760052667,9.765070921946955e-08,34.69447380970438,140.93072280158,True,True
44733.546090680764,1.0386238930048065e-07,34.255356834599816,134.20063827204228,True,True
48419.567651274934,9.520224489219593e-08,34.52645862937503,145.2587029538248,True,True
46899.81242348409,1.0441435309295123e-07,32.500408805193686,140.69943727045225,True,True
47378.4080565027,9.718057491332666e-08,34.566881719723185,142.13522416950812,True,True
47031.27129351592,9.603027877563456e-08,35.23913373039431,141.09381388054777,True,True
46129.62367064745,1.0241641884395453e-07,33.68764362162635,138.38887101194237,True,True
48699.95236097854,9.751195249022088e-08,33.51457703456588,146.09985708293564,True,True
46389.142177465,1.0396586507941665e-07,32.999929979374066,139.167426532395,True,True
47134.251426522365,9.61452939040587e-08,35.12007916277988,141.40275427956712,True,True
46026.82849036227,9.843161740725671e-08,35.12970150819809,138.0804854710868,True,True
48599.92959497214,1.0252719445335165e-07,31.94077268254216,145.79978878491642,True,True
46396.05268371782,9.835546965991793e-08,34.87711731676229,139.18815805115344,True,True
49057.85378500038,9.886642840123634e-08,32.814269593119704,147.17356135500114,True,True
45359.952935171896,9.518565747082106e-08,36.86175619415958,136.07985880551567,True,True
48293.96470640501,1.0136488108616354e-07,32.51170577658433,144.88189411921505,True,True
45231.862540097274,9.617686736756982e-08,36.58516625974373,135.69558762029183,True,True
48000.45918300341,9.818930562857357e-08,33.76840523383266,144.00137754901024,True,True
47632.35529364247,1.0186399099846447e-07,32.801778165017716,142.8970658809274,True,True
47519.97794935414,9.77967225908291e-08,34.24676868833518,142.55993384806243,True,True
49075.094535305885,1.0187319336452693e-07,31.834575770353716,147.22528360591767,True,True
46686.37186013225,9.606290447769195e-08,35.487409114327924,140.05911558039674,True,True
47589.44535042009,1.0482865708265464e-07,31.90284884495151,142.76833605126026,True,True
44768.64333320589,9.619757898428995e-08,36.95575299114721,134.30592999961766,True,True
48101.38936247599,1.0407755964573737e-07,31.79108939972989,144.30416808742797,True,True
48953.59020680332,1.0300934571599902e-07,31.56159589391208,146.86077062040994,True,True
47004.791800909436,9.659824626745237e-08,35.05167339276447,141.01437540272832,True,True
46508.586618192305,1.0473251976338804e-07,32.67423570582789,139.5257598545769,True,True
48413.76789683212,9.664567543223635e-08,34.014870531586595,145.24130369049638,True,True
48471.75694904159,9.895632207548284e-08,33.18087423128578,145.41527084712476,True,True
47566.19088104587,9.536150809936946e-08,35.08719469132906,142.69857264313762,True,True
45566.44861415835,1.0267272625066845e-07,34.01886784692685,136.69934584247503,True,True
46998.87983751978,1.0024178614880262e-07,33.78188101875022,140.99663951255934,True,True
46610.202153640996,1.0301451911586565e-07,33.14673113466727,139.83060646092298,True,True
44764.10538758821,1.0035181299453351e-07,35.429498018567834,134.29231616276462,True,True
47172.26540961857,1.0106556730480905e-07,33.38337032297055,141.51679622885572,True,True
47957.31483361359,9.894252597390678e-08,33.54148445811292,143.87194450084078,True,True
44987.83360542133,9.775310684555431e-08,36.19049157722331,134.96350081626397,True,True
46267.50156074958,1.0107876782439905e-07,34.031739188304094,138.80250468224875,True,True
44954.5224347636,9.9803769614477e-08,35.473153504076485,134.8635673042908,True,True
47053.02138715996,9.948834556565197e-08,33.998550921660375,141.15906416147988,True,True
45164.080144522806,9.756768685675064e-08,36.11777210958774,135.4922404335684,True,True
45766.82378836977,9.88987096135016e-08,35.16241804960729,137.3004713651093,True,True
45243.52747334938,1.0393975003524811e-07,33.844024880699614,135.73058242004817,True,True
48196.23049387557,1.0150668940914733e-07,32.532122221466885,144.5886914816267,True,True
47585.82396446882,1.0261931635194919e-07,32.592180804871596,142.75747189340646,True,True
47815.59158541222,1.0493985752893439e-07,31.718316476097165,143.44677475623666,True,True
46535.94136894543,9.943944840164675e-08,34.39322663046159,139.6078241068363,True,True
48247.70598108183,9.879215135069474e-08,33.39035372051342,144.7431179432455,True,True
46589.23686095717,9.693296522448876e-08,35.242202048802646,139.76771058287153,True,True
44674.578168279186,1.0282452507522083e-07,34.64678642431572,134.02373450483756,True,True
45553.70960592978,9.699362558255329e-08,36.020786339993926,136.66112881778932,True,True
48934.60516359787,9.626569295824686e-08,33.7856673513845,146.80381549079362,True,True
48389.02712346947,9.937569618504683e-08,33.097337374018046,145.1670813704084,True,True
47956.568762398994,1.0037212651812541e-07,33.06426735958135,143.86970628719698,True,True
47760.376572212685,9.828845523793576e-08,33.90391728157763,143.28112971663805,True,True
45759.76663321779,1.0481307119845237e-07,33.18340013700483,137.27929989965338,True,True
48768.69896095528,9.517179455138497e-08,34.290254109445314,146.30609688286583,True,True
46608.285705657254,1.0240054007512575e-07,33.3468453146539,139.82485711697177,True,True
45550.417033682956,1.0286284935772309e-07,33.967941104054724,136.65125110104887,True,True
49097.907431666245,1.0104031446665544e-07,32.08207573387323,147.29372229499873,True,True
49023.82014470079,9.663488829655879e-08,33.59533935440201,147.0714604341024,True,True
48238.639147918155,1.0059971313331517e-07,32.79656366086614,144.71591744375448,True,True
47501.984429312186,1.0466416583816185e-07,32.01181970041681,142.50595328793656,True,True
48641.703467090854,9.75787912647886e-08,33.53172700387335,145.92511040127258,True,True
46612.01306717537,9.877499740768806e-08,34.56807894725535,139.83603920152612,True,True
48056.191686744896,9.900208214909959e-08,33.45233612581259,144.1685750602347,True,True
49044.769001577224,9.928371593983457e-08,32.68506966262453,147.13430700473168,True,True
44674.84320478368,1.0133392857312126e-07,35.15622333627822,134.02452961435105,True,True
48652.26969197242,1.0269479866643038e-07,31.854337588652037,145.95680907591728,True,True
44729.781933466096,9.662780383063252e-08,36.82317583811327,134.18934580039829,True,True
45629.904841203854,9.849707128908802e-08,35.411738719980754,136.88971452361156,True,True
46590.581385104706,9.534884636019433e-08,35.826679528451166,139.77174415531414,True,True
49304.92469484547,9.89819578393741e-08,32.611726543811514,147.91477408453642,True,True
45939.39082258425,9.946833586341223e-08,34.829725167933475,137.81817246775276,True,True
48899.99712275501,9.54103336365603e-08,34.11268339779872,146.69999136826502,True,True
49214.97516289449,9.626805947577112e-08,33.59236989271334,147.64492548868347,True,True
48325.77151185302,9.64905354539936e-08,34.131597774117616,144.97731453555906,True,True
48443.99118496965,1.0014780896191498e-07,32.804903381366906,145.33197355490896,True,True
48482.49651100819,9.905618598401233e-08,33.140080168830806,145.4474895330246,True,True
48113.89350453133,9.999808392169603e-08,33.079424900142996,144.34168051359399,True,True
47893.62173364806,1.0162075934331548e-07,32.70092338073624,143.6808652009442,True,True
45788.65748511057,9.976153950306797e-08,34.84167929240237,137.36597245533173,True,True
47917.36176292227,9.970177910772312e-08,33.313811570538924,143.7520852887668,True,True
46714.17522757278,1.0257785426435322e-07,33.21374415447962,140.14252568271834,True,True
48141.73517743146,9.872341692925882e-08,33.48715202281556,144.42520553229437,True,True
44731.05552955711,1.0177235283651043e-07,34.96078457096578,134.19316658867135,True,True
47077.882798143546,1.0397977426163677e-07,32.51279741685258,141.23364839443065,True,True
44833.75090954352,1.0211715764338317e-07,34.76292720618509,134.50125272863056,True,True
44789.29594611259,1.024729291588619e-07,34.67661888615895,134.36788783833777,True,True
44978.67263370446,1.0131200359974616e-07,34.92630100390702,134.9360179011134,True,True
46766.62198890272,9.883864921496222e-08,34.431609862261496,140.29986596670815,True,True
48926.01914886704,1.0389804252622601e-07,31.309265925676293,146.7780574466011,True,True
45863.89492193177,1.0470678994879079e-07,33.141667242095075,137.59168476579535,True,True
47092.99766132068,9.795150943088374e-08,34.50266670012232,141.27899298396204,True,True
46646.408277343646,9.834955546513409e-08,34.692014656994075,139.93922483203096,True,True
47798.52827012882,9.800762383735891e-08,33.97392681188589,143.39558481038648,True,True
47533.64456600879,9.753548740527445e-08,34.3286210586653,142.60093369802638,True,True
45412.920995916196,9.965811372944216e-08,35.16640972941138,136.2387629877486,True,True
49072.616733799114,1.0464646316034254e-07,30.992482182957033,147.21785020139737,True,True
46687.620542356606,1.0220268537581617e-07,33.35462667587013,140.06286162706982,True,True
46776.860089141395,1.0409028726425886e-07,32.68728564690644,140.33058026742418,True,True
44821.999998009276,1.034298138809502e-07,34.33073940396566,134.46599999402784,True,True
44946.69887705918,9.500735432232008e-08,37.27049037233177,134.84009663117754,True,True
48059.842365801465,9.995193467980143e-08,33.13191853601689,144.1795270974044,True,True
47456.4196052585,1.0338987912888909e-07,32.437482036390115,142.3692588157755,True,True
49125.91843754672,9.767195837420483e-08,33.16954797772909,147.37775531264018,True,True
46945.11864171182,9.507526149694329e-08,35.65842542912575,140.83535592513547,True,True
45138.64340222002,1.0199145523612334e-07,34.570673506976455,135.41593020666008,True,True
45841.046877497625,9.758867732250578e-08,35.576741870851706,137.52314063249287,True,True
48506.196709728,1.0391363915398044e-07,31.575508516357925,145.518590129184,True,True
46899.98282910278,9.68983667310888e-08,35.02119741758416,140.69994848730835,True,True
44694.501209772316,1.0499069087668449e-07,33.9168291068374,134.08350362931697,True,True
45980.4716424934,1.0346232014556515e-07,33.45526672520166,137.94141492748022,True,True
46484.57220261549,9.710342346189549e-08,35.25954888229564,139.45371660784647,True,True
44748.29696315316,1.0217081044230643e-07,34.81102264788543,134.2448908894595,True,True
46271.003049147745,9.672584183081098e-08,35.56056882797097,138.81300914744324,True,True
44945.79506603123,9.642783897989952e-08,36.72219482566644,134.83738519809367,True,True
47457.03081886026,9.669175886348246e-08,34.68407435116707,142.37109245658078,True,True
45178.877378593985,9.836784693464595e-08,35.81224366340469,135.53663213578196,True,True
45422.556987419346,1.0400043907587992e-07,33.690959556044916,136.26767096225802,True,True
45557.551912614705,1.0294806360996983e-07,33.93450907480101,136.6726557378441,True,True
46703.59318678349,9.764921816286618e-08,34.89804244286181,140.11077956035047,True,True
45245.56086764499,1.0370055533648818e-07,33.920564678650436,135.736682602935,True,True
45993.03809083924,9.632142982819603e-08,35.92568956521649,137.9791142725177,True,True
45972.62886476213,1.0270778603587893e-07,33.70679231369265,137.91788659428641,True,True
49205.55681170537,1.0261967728927292e-07,31.519210916893062,147.6166704351161,True,True
46092.39341130227,9.635154304570562e-08,35.837045445204694,138.27718023390682,True,True
48588.14536523172,1.0480690001204113e-07,31.253591681916888,145.76443609569517,True,True
45746.565617485816,1.041276672210436e-07,33.41146335749146,137.23969685245746,True,True
47639.54929519846,1.0443137563643938e-07,31.990533935970966,142.9186478855954,True,True
45182.633285215285,1.0185250879133895e-07,34.58413058768093,135.54789985564585,True,True
46853.0007359344,9.96951237209988e-08,34.07287689467175,140.55900220780322,True,True
46716.639624983116,9.569548098799025e-08,35.600582665022024,140.14991887494935,True,True
47921.409650048154,1.0452941654738956e-07,31.772546254954324,143.76422895014446,True,True
45449.47468305776,9.728403531461156e-08,35.995622373568516,136.34842404917327,True,True
47467.49656655476,9.702852650683711e-08,34.55607181048304,142.40248969966427,True,True
48606.17214497755,9.918462561466804e-08,33.01295140493707,145.81851643493266,True,True
46304.46974384217,1.017580115333782e-07,33.77758570627869,138.91340923152651,True,True
45254.67324078604,9.904674017357904e-08,35.50720696647288,135.76401972235814,True,True
48642.54747805109,1.0248681875312062e-07,31.925360321431377,145.92764243415328,True,True
46252.3618372863,1.0202726192946696e-07,33.72639990871736,138.7570855118589,True,True
46871.6103283486,9.657797326420466e-08,35.158648295516954,140.6148309850458,True,True
46631.69569915375,9.746527803701842e-08,35.0178112369964,139.89508709746127,True,True
45610.54945879559,1.0217843404503395e-07,34.150383495161314,136.8316483763868,True,True
44934.296659904016,9.574015895353148e-08,36.99542656786893,134.80288997971203,True,True
45397.55171009752,9.590843999367651e-08,36.55366039396777,136.19265513029256,True,True
44980.71237128991,1.0468378279166312e-07,33.799820570504245,134.94213711386973,True,True
48544.10265150381,1.0258210879221194e-07,31.96038715293879,145.63230795451142,True,True
48065.36787702548,9.783693704971688e-08,33.84425924877858,144.19610363107643,True,True
47432.37300113909,9.995214831953135e-08,33.570139504378204,142.29711900341727,True,True
47745.221856229175,9.780631474747476e-08,34.081862542854296,143.23566556868752,True,True
46486.13931203515,9.665580070471282e-08,35.42164525687058,139.45841793610543,True,True
46634.568368420434,9.518075052971446e-08,35.856099567054,139.9037051052613,True,True
46341.79227438993,9.605998098052049e-08,35.7523677759422,139.02537682316978,True,True
46233.22005202732,1.0202738798220105e-07,33.740321851595425,138.69966015608196,True,True
45376.47003946306,1.0458249677501223e-07,33.537479320689,136.1294101183892,True,True
47732.69684448464,1.0257393228690674e-07,32.50627120488561,143.19809053345392,True,True
48299.669932958,1.0138296438996256e-07,32.502067139549666,144.899009798874,True,True
48507.61162472648,1.0180164209079294e-07,32.22964014883206,145.52283487417944,True,True
48716.980674027174,1.0351867540466234e-07,31.558842148095763,146.15094202208152,True,True
47416.4901626472,9.941466282501773e-08,33.762942102431225,142.24947048794158,True,True
48027.73746624631,1.0131923955189452e-07,32.70665140077157,144.08321239873894,True,True
46604.97112860981,9.648255675164189e-08,35.39476920239517,139.81491338582944,True,True
44656.123097228396,1.0343740253077613e-07,34.45573424797092,133.96836929168518,True,True
45241.147845079984,1.0131448920228023e-07,34.722817463919085,135.72344353523997,True,True
45485.297002714615,1.0017077208953262e-07,34.93076327818147,136.45589100814385,True,True
48362.73827973334,1.0324138126956404e-07,31.87538527989414,145.08821483920005,True,True
46382.153487873744,1.0475262208029269e-07,32.75701504966861,139.14646046362122,True,True
47974.5248234958,1.0155150974206652e-07,32.668039005127056,143.9235744704874,True,True
48168.18085206367,1.0124609231089476e-07,32.63484968095458,144.504542556191,True,True
47431.0740456088,9.565404725209249e-08,35.07953454152123,142.29322213682642,True,True
46854.07105689836,1.0132531817431547e-07,33.523922164238755,140.5622131706951,True,True
48767.409049446986,1.026976726655529e-07,31.77824048070519,146.30222714834096,True,True
46780.73195004749,9.529156545445717e-08,35.70250242733992,140.34219585014247,True,True
47534.579975453504,1.0205602691029474e-07,32.8074000090692,142.60373992636053,True,True
47257.73654943944,9.806549785449809e-08,34.34242648734614,141.77320964831833,True,True
49133.265064187595,9.960138377594353e-08,32.522141428905805,147.3997951925628,True,True
45782.154533435256,9.702184357356838e-08,35.83062485998252,137.34646360030578,True,True
48707.058368470374,1.0262687968139047e-07,31.83956352981363,146.1211751054111,True,True
46865.81322783278,9.528197256818067e-08,35.64127524527767,140.59743968349835,True,True
46494.47192207758,1.0265082323003316e-07,33.3469697517169,139.48341576623275,True,True
44977.94682925375,1.0423867122712451e-07,33.94623694866871,134.93384048776124,True,True
48252.23484288304,1.0306711068388798e-07,32.00240354502443,144.75670452864912,True,True
47760.40160341907,1.0081108779635019e-07,33.05550988957066,143.2812048102572,True,True
49179.92636397494,9.553720896114815e-08,33.873471547418696,147.53977909192483,True,True
44781.53759414336,9.622121328659991e-08,36.93603743263525,134.3446127824301,True,True
48624.08660907426,1.0407572141099883e-07,31.449898301339285,145.87225982722276,True,True
44894.128833402254,1.0376293208271983e-07,34.16554459953658,134.68238650020675,True,True
48296.90305580217,9.697175341433536e-08,33.98252145895404,144.8907091674065,True,True
44926.61797668156,9.706305787887474e-08,36.49744273042113,134.77985393004468,True,True
48509.157166475794,9.835691461384442e-08,33.3573472459651,145.52747149942738,True,True
49059.08341819538,1.0221119701278506e-07,31.739656863718118,147.17725025458617,True,True
45073.896785033634,1.0451062298176792e-07,33.78582974583566,135.2216903551009,True,True
46814.46787418629,9.518425892543742e-08,35.716994541446645,140.44340362255886,True,True
45209.43968293842,9.957786323422048e-08,35.35315719406887,135.62831904881526,True,True
47798.51883912037,9.540332068529993e-08,34.901348006705405,143.39555651736111,True,True
46048.36524389102,9.878420429632257e-08,34.98794286768065,138.14509573167308,True,True
47899.6039876734,9.569953599911664e-08,34.719892885761695,143.6988119630202,True,True
49240.24086279,1.0428393508681512e-07,30.994351385526805,147.72072258837002,True,True
48682.570984597245,1.0496681976705286e-07,31.145448308819606,146.04771295379174,True,True
46559.95252759583,9.601730255039378e-08,35.60066429305487,139.6798575827875,True,True
46337.127021318964,9.760629931288285e-08,35.18950690274357,139.0113810639569,True,True
48522.81010628255,1.0379501143369409e-07,31.60077300673972,145.56843031884767,True,True
46699.01560829466,9.840876674298778e-08,34.63208322106813,140.097046824884,True,True
46437.37205748233,9.602306997177055e-08,35.69249524401895,139.312116172447,True,True
45018.31014398362,1.0358880432360968e-07,34.12857243763056,135.05493043195085,True,True
48315.43745294949,1.0215042974024437e-07,32.2473489819164,144.94631235884847,True,True
48050.680701585836,1.0010354092610018e-07,33.08804801880025,144.15204210475753,True,True
48136.2631283716,1.039409554376032e-07,31.809808497900512,144.40878938511477,True,True
48722.180807004086,1.0396133048941113e-07,31.42111437712628,146.16654242101225,True,True
45742.00844413691,9.686476216898078e-08,35.92022806476496,137.22602533241073,True,True
44986.51710658351,9.964236885849505e-08,35.50534335687775,134.95955131975055,True,True
47676.6763840341,1.0261885228993885e-07,32.53022042660941,143.03002915210232,True,True
46840.07063095589,9.783376124827291e-08,34.730724254567505,140.52021189286768,True,True
47875.25424870782,1.0254427818085796e-07,32.4188500677394,143.62576274612346,True,True
45369.71007643971,1.0320461046355759e-07,33.99030242096391,136.10913022931913,True,True
46499.21218265062,1.0207065132825099e-07,33.53309587891707,139.49763654795186,True,True
48542.385246711696,1.0390701664841484e-07,31.553979814224093,145.6271557401351,True,True
45757.32148076021,1.0220695552363736e-07,34.0313427939064,137.27196444228065,True,True
44928.008331711164,9.756486918277919e-08,36.30859957044628,134.7840249951335,True,True
47648.445403381214,9.551773687676693e-08,34.96933486063774,142.94533621014367,True,True
47339.63830896691,1.0325532093798859e-07,32.5598769763765,142.01891492690075,True,True
45141.26484930193,1.0152772008190822e-07,34.72656078074692,135.4237945479058,True,True
47329.85197329315,9.691093528204433e-08,34.69861981747752,141.98955591987948,True,True
47362.60613632793,1.0404141947655526e-07,32.29819641820455,142.0878184089838,True,True
47415.73769313623,9.874694441544254e-08,33.99178366305198,142.24721307940868,True,True
47068.52281906318,1.0076000979121589e-07,33.558408925188566,141.20556845718954,True,True
45326.11889113379,9.756414129904212e-08,35.98996062629112,135.97835667340135,True,True
47521.78681368001,1.0096715390341757e-07,33.17013625859903,142.56536044104004,True,True
45025.63859085901,9.616849627444896e-08,36.75593080480183,135.07691577257702,True,True
44764.967723646354,9.543522788674461e-08,37.25401980136243,134.29490317093905,True,True
47330.82264771301,9.88092081302733e-08,34.03130943356035,141.99246794313902,True,True
47535.32956222091,1.0105100584826214e-07,33.13316945507982,142.60598868666276,True,True
45109.16311248644,9.816185272689275e-08,35.94285864889755,135.32748933745933,True,True
48085.262525235856,9.722904071735697e-08,34.04177048133463,144.25578757570756,True,True
48012.78987369248,9.614587403007666e-08,34.47724361803676,144.03836962107746,True,True
48928.71756658118,1.0360982405795129e-07,31.394629523614146,146.78615269974355,True,True
45644.05921537379,1.0146725120324564e-07,34.36449579708571,136.93217764612137,True,True
48833.98828918726,1.0404781711598576e-07,31.323116345682894,146.50196486756178,True,True
47706.20656507305,9.630806298121995e-08,34.640376148276474,143.11861969521917,True,True
46385.049467715326,1.0078909780046118e-07,34.04305683527224,139.15514840314597,True,True
45520.397089092985,1.0476063172896342e-07,33.37459322080536,136.56119126727896,True,True
47829.449365739296,9.923051084382888e-08,33.53354933094654,143.48834809721788,True,True
49339.71709963836,1.019782157865326e-07,31.631229073636813,148.01915129891506,True,True
48921.10805647324,1.0139181970628609e-07,32.08639524712563,146.76332416941972,True,True
46543.16478004043,9.880989462419127e-08,34.606986614192984,139.62949434012128,True,True
44868.1061747011,9.77890383384543e-08,36.27373011773434,134.6043185241033,True,True
46077.49067871383,1.0062873383439682e-07,34.32490180572104,138.2324720361415,True,True
48932.24370959534,1.039148965070189e-07,31.300205733315906,146.79673112878604,True,True
46548.696016997535,9.971191591376414e-08,34.28984729862952,139.6460880509926,True,True
47860.29192466089,1.0195399432696379e-07,32.61673936402742,143.58087577398265,True,True
47254.167075875834,1.0115519771898301e-07,33.29598106220811,141.76250122762752,True,True
48731.809752678055,9.651046524563368e-08,33.84022035586188,146.19542925803415,True,True
49094.52395782277,9.60190736487217e-08,33.76210891892842,147.28357187346833,True,True
47332.96198428456,1.042695359772718e-07,32.24771956139285,141.99888595285367,True,True
49136.01731140465,9.900115465323498e-08,32.71748558344069,147.40805193421394,True,True
45022.87871026846,1.0252827411794982e-07,34.478092061010315,135.06863613080537,True,True
47164.080453166884,1.0474145592397841e-07,32.217375116414196,141.49224135950064,True,True
47526.48970961489,1.0402883019095159e-07,32.190719082792505,142.57946912884466,True,True
49094.91674708467,1.0095075874366647e-07,32.1124925333815,147.28475024125405,True,True
46121.01646600096,1.001534049207533e-07,34.45526090290497,138.3630493980029,True,True
47145.80413694814,1.0025900786747859e-07,33.67081909146446,141.43741241084442,True,True
47444.299426056095,9.806997666527463e-08,34.20582122344598,142.33289827816827,True,True
49129.49117386853,1.040291818442209e-07,31.14029213548367,147.38847352160562,True,True
44955.51687908057,9.823099051970999e-08,36.04031788971794,134.86655063724172,True,True
45021.59324659117,9.805029712706366e-08,36.053742913225854,135.0647797397735,True,True
46624.749901894495,1.0434240706013675e-07,32.71468667686162,139.8742497056835,True,True
47874.153379711315,9.969458066609982e-08,33.34628624211577,143.62246013913395,True,True
45207.3299959925,1.0351272283368771e-07,34.010854332153194,135.6219899879775,True,True
47942.73036713312,1.0088868725163959e-07,32.904469765386885,143.82819110139937,True,True
47428.70251142946,9.753772342434721e-08,34.40378879869428,142.2861075342884,True,True
45692.67977132254,1.0328102362577382e-07,33.72507847105514,137.07803931396762,True,True
45861.64157791868,9.996374609189472e-08,34.71586677381748,137.58492473375605,True,True
47277.69012018653,1.0075140137169726e-07,33.41279347613871,141.83307036055962,True,True
46589.209989115036,9.769926062005329e-08,34.96580316283949,139.7676299673451,True,True
48259.86621617441,9.522729620259213e-08,34.631600620976954,144.7795986485232,True,True
48538.910137489496,1.0147732742993889e-07,32.31179539027632,145.6167304124685,True,True
48758.517186338846,1.0408549062669638e-07,31.360245099872078,146.27555155901652,True,True
48120.8963508473,1.0330282669180943e-07,32.01652685043559,144.3626890525419,True,True
47700.2246069088,1.0072611556842812e-07,33.12513230884503,143.10067382072643,True,True
45384.87836913911,9.895754092111265e-08,35.437253976596764,136.15463510741733,True,True
45961.74996100337,9.813844835491486e-08,35.28453420919349,137.88524988301012,True,True
45170.94420669559,1.0018136560747352e-07,35.17013339457173,135.51283262008675,True,True
46878.885857052395,1.0390050386382218e-07,32.67572229883402,140.6366575711572,True,True
44799.18745658316,9.80747868744576e-08,36.22368441215217,134.39756236974947,True,True
46912.21353809101,9.677246287572188e-08,35.05761861404303,140.73664061427306,True,True
46754.63133725121,1.0041973635169789e-07,33.89818284449563,140.26389401175362,True,True
45227.881028787284,9.889829485654538e-08,35.58156834158658,135.68364308636185,True,True
45004.172653131645,1.0304567586078705e-07,34.31923333225796,135.01251795939496,True,True
45928.76211766948,9.74786944893277e-08,35.54886073896904,137.78628635300845,True,True
44980.74627131565,1.0115223852978889e-07,34.97985274246546,134.94223881394697,True,True
47152.065457049655,9.800626206524776e-08,34.440193640589925,141.456196371149,True,True
47557.7966586101,1.0450146490828884e-07,32.02403321412242,142.6733899758303,True,True
47321.23876891159,1.00566913156845e-07,33.443283217296546,141.9637163067348,True,True
45797.372904169744,9.522046131004218e-08,36.49633752672606,137.39211871250922,True,True
48077.93047108704,9.918698834731414e-08,33.37487615049161,144.23379141326112,True,True
46283.83341528685,9.509302695763085e-08,36.161142045198595,138.85150024586054,True,True
46131.71182865911,9.597136298986481e-08,35.94834478991376,138.3951354859773,True,True
47386.80714523923,1.0409854291656877e-07,32.263986956607354,142.1604214357177,True,True
46332.52578680608,1.0152641231010153e-07,33.834137969188255,138.99757736041823,True,True
49338.03497166049,9.786693734669822e-08,32.96114467474901,148.0141049149815,True,True
46737.45678112231,9.509570964161419e-08,35.809159821382,140.21237034336693,True,True
45294.22839648787,9.548610178456666e-08,36.79909195758347,135.88268518946361,True,True
46479.55601036459,1.0095426656366167e-07,33.91825358600022,139.43866803109378,True,True
48837.89742236808,9.587056473784789e-08,33.99209154099599,146.51369226710423,True,True
47768.61982083495,9.987432499864448e-08,33.3598109711731,143.30585946250486,True,True
44841.819048041936,1.010185894444908e-07,35.13464823676224,134.52545714412582,True,True
45706.15048753516,9.594483168917568e-08,36.29308627404279,137.1184514626055,True,True
47014.86744619623,1.0433873060124196e-07,32.44437159881029,141.0446023385887,True,True
47924.733733362205,9.707663874696193e-08,34.209418531774745,143.77420120008662,True,True
47536.33271275291,1.0090964279083287e-07,33.17888511535711,142.60899813825876,True,True
45167.82974367521,9.825596243466282e-08,35.86179254309937,135.50348923102564,True,True
44874.84112971859,1.0166620621916775e-07,34.88514961193853,134.62452338915577,True,True
48314.058996244035,9.816086388984745e-08,33.55893998814486,144.94217698873211,True,True
48494.672605794425,1.0445604813645428e-07,31.41901088446978,145.48401781738326,True,True
45202.41333835608,1.0200135367729134e-07,34.518552363152025,135.60724001506824,True,True
49148.205612608544,1.0046223640516624e-07,32.233660197279264,147.44461683782563,True,True
48987.872816422714,9.656406382329695e-08,33.64465006297571,146.96361844926815,True,True
44955.963168097966,1.0099957192573827e-07,35.052039451755626,134.8678895042939,True,True
47369.369179099194,1.0331295187696883e-07,32.521289686110975,142.10810753729757,True,True
46306.40418172394,1.0179157962528327e-07,33.7650361935821,138.91921254517183,True,True
45359.556312072804,9.726599555008613e-08,36.073667463377554,136.07866893621843,True,True
49087.12243645601,1.029271967526375e-07,31.500860176802963,147.26136730936804,True,True
48685.834703627115,1.021726894651846e-07,31.995042105571674,146.05750411088133,True,True
49249.318009731345,9.67310384782052e-08,33.408275660891654,147.74795402919406,True,True
48027.059574566185,9.773294457177646e-08,33.90729540072523,144.08117872369854,True,True
47416.768299622585,1.0392811382067054e-07,32.29647583294477,142.25030489886774,True,True
45740.23113523672,9.66238567693487e-08,36.01118463532916,137.22069340571016,True,True
49188.07608727996,1.0202314718998421e-07,31.714770939854656,147.56422826183987,True,True
45324.32675780664,9.617882220745064e-08,36.509788350504756,135.97298027341992,True,True
46861.371347910725,1.0117843199931852e-07,33.56736054574833,140.58411404373217,True,True
44743.930303814384,9.880294633098655e-08,36.001127817502706,134.23179091144317,True,True
47071.26351441146,1.0495986041709761e-07,32.21373124617489,141.21379054323438,True,True
45909.262672422185,9.697135123649964e-08,35.7500263750442,137.72778801726656,True,True
46947.21795193135,1.0110670315956761e-07,33.529750424695564,140.84165385579405,True,True
48995.935572767514,9.801173948026281e-08,33.142249297063344,146.98780671830255,True,True
47104.621968462816,9.755347645779707e-08,34.63489362816433,141.31386590538844,True,True
45173.56875589204,9.622285384374746e-08,36.6148700126176,135.52070626767613,True,True
48485.33520326548,9.601326183263276e-08,34.188378632694295,145.45600560979642,True,True
47183.50684574456,1.0392532392951763e-07,32.457011450859866,141.5505205372337,True,True
45184.51490052565,1.0112319742783593e-07,34.83210448177015,135.55354470157695,True,True
45594.23857817487,9.618956591864612e-08,36.28960151464806,136.7827157345246,True,True
46070.57724175959,1.0274962588216632e-07,33.62143367874257,138.21173172527875,True,True
46806.31080545102,9.746145651647674e-08,34.88854212347398,140.41893241635307,True,True
48097.51173364671,1.0018603130868084e-07,33.0286139797059,144.29253520094014,True,True
45395.59706629147,1.017589573684669e-07,34.45353203350602,136.18679119887443,True,True
45481.4216821029,1.0011431590606758e-07,34.95343934849047,136.4442650463087,True,True
46935.29284897152,1.0032165626870517e-07,33.8007164741166,140.80587854691456,True,True
45700.06077705179,9.565582462166725e-08,36.40759018801583,137.10018233115537,True,True
47301.288478376824,1.0264067798089846e-07,32.781411433712876,141.90386543513048,True,True
44726.06197468183,1.0265325413431516e-07,34.664644383379844,134.1781859240455,True,True
44718.419677107486,9.886466127901798e-08,35.999179424412766,134.15525903132246,True,True
48604.01798531514,9.72410167857809e-08,33.67429153007872,145.81205395594543,True,True
47439.39662682582,1.0498426152504977e-07,31.956321169004653,142.3181898804775,True,True
46194.76160220021,1.0197614236146513e-07,33.78538111778446,138.58428480660064,True,True
45611.41016853441,9.833286023816786e-08,35.485257438972326,136.83423050560322,True,True
45705.965716753126,9.820769669491255e-08,35.456977895781094,137.11789715025938,True,True
48356.300145474335,1.0424167934786754e-07,31.573713784401335,145.068900436423,True,True
47979.04793417768,9.969765448414075e-08,33.27235680807703,143.93714380253306,True,True
48784.921336465064,9.889326838006039e-08,32.988896793602734,146.3547640093952,True,True
47736.90279935665,9.993321280314006e-08,33.36230461482228,143.21070839806995,True,True
45419.90363194038,1.0365351731109759e-07,33.805695823563816,136.25971089582114,True,True
48533.6470486406,1.0113900551437105e-07,32.423397840044075,145.6009411459218,True,True
48353.95724056594,9.775961831432855e-08,33.66887554210365,145.06187172169783,True,True
44725.40311731995,9.652677762918247e-08,36.86532438681371,134.17620935195984,True,True
48913.85937047437,1.0289107233499665e-07,31.623541709704686,146.7415781114231,True,True
45123.95209051886,9.877550080097022e-08,35.70785494804,135.3718562715566,True,True
47128.41171309631,1.0472264551118679e-07,32.24754986953468,141.38523513928894,True,True
46150.81139550208,9.891829325664563e-08,34.86295347259278,138.45243418650625,True,True
46738.19278130519,1.0446565943374269e-07,32.59677734399394,140.21457834391558,True,True
48978.97297123208,9.819022897689423e-08,33.0934606501033,146.93691891369622,True,True
47428.26356869802,1.0457755468586976e-07,32.08813117655191,142.28479070609407,True,True
48317.12522015576,1.0489809711429565e-07,31.40157525691964,144.95137566046728,True,True
46149.64824005038,9.865268228775721e-08,34.957699005301976,138.44894472015116,True,True
44902.73889272717,1.046141048827045e-07,33.88106522394738,134.70821667818151,True,True
49294.79143598504,9.720423966023978e-08,33.21497199768462,147.8843743079551,True,True
48065.357158246115,1.0350495168675952e-07,31.99092744909215,144.19607147473835,True,True
46126.85760058484,1.0238518506736753e-07,33.69994117337423,138.3805728017545,True,True
46680.57153473847,9.538694679616689e-08,35.743330685327514,140.0417146042154,True,True
47456.7873045256,9.671579967451431e-08,34.675630801394604,142.3703619135768,True,True
47119.12693726528,1.0268174494157345e-07,32.89498225333874,141.35738081179585,True,True
47267.925159366016,1.0404160028652344e-07,32.3628357338995,141.80377547809806,True,True
49336.315070755685,1.0174249352764652e-07,31.706700149885464,148.00894521226707,True,True
45097.39968815856,9.574724628598062e-08,36.85889726912352,135.2921990644757,True,True
46995.211472676805,9.791079755682153e-08,34.588835045635705,140.9856344180304,True,True
46877.961246256644,9.726028290567432e-08,34.907270185272864,140.63388373876992,True,True
45684.07128045243,9.701243604583523e-08,35.9110349013418,137.0522138413573,True,True
46888.87930092083,1.0076659234268259e-07,33.68477934353457,140.6666379027625,True,True
48540.02716581709,1.0318781967067774e-07,31.775447868218517,145.62008149745125,True,True
45829.51231703817,1.0237040682966263e-07,33.923485400111694,137.48853695111453,True,True
47525.33395157293,1.0061886022125119e-07,33.28247089705347,142.5760018547188,True,True
49334.77603887728,9.584515934029622e-08,33.6586572729968,148.00432811663183,True,True
48512.036308836105,9.7300560907014e-08,33.71749355264001,145.53610892650832,True,True
45064.076160250974,9.875098358858189e-08,35.764176492991,135.19222848075293,True,True
46486.84150227239,9.721496481772748e-08,35.217373944641906,139.46052450681717,True,True
45123.71476206194,1.0152687967814349e-07,34.7403546410857,135.37114428618582,True,True
49241.826740121556,9.707926481589714e-08,33.29350338355338,147.72548022036466,True,True
45209.88258366546,1.044124415995697e-07,33.715880122662874,135.62964775099636,True,True
46309.91495282154,1.027414126014444e-07,33.45034610012685,138.92974485846463,True,True
48963.40436823407,9.64378151942751e-08,33.705530160263606,146.8902131047022,True,True
46640.18264243146,1.0477520069818106e-07,32.568772293826406,139.9205479272944,True,True
46800.04484965924,9.941806522345337e-08,34.20649336313455,140.40013454897775,True,True
48985.52608816365,9.839126801173203e-08,33.021423989831604,146.95657826449096,True,True
45479.100159582595,1.0177707286483268e-07,34.38415153282773,136.43730047874777,True,True
44789.356551202945,1.0318194987972535e-07,34.4382899001063,134.36806965360884,True,True
45977.66830491352,1.0063135485666536e-07,34.398528832852286,137.93300491474056,True,True
45995.22475075195,9.519551843861282e-08,36.348867379874655,137.98567425225585,True,True
47767.39196973725,9.988140634610113e-08,33.35830328851699,143.30217590921174,True,True
46491.20483560242,9.769028022615579e-08,35.042733433993085,139.47361450680725,True,True
49098.504314190526,9.80040948892669e-08,33.07559359799279,147.2955129425716,True,True
46434.89235040082,9.706183373115203e-08,35.3123968576885,139.30467705120248,True,True
46865.64242644113,1.0372981738536035e-07,32.738738700210156,140.5969272793234,True,True
46109.463584657446,9.518907016897065e-08,36.261267215034984,138.32839075397234,True,True
46096.40816766328,9.522577159556251e-08,36.2575575359726,138.28922450298984,True,True
48881.30925077606,9.755511018762528e-08,33.3754613897628,146.64392775232818,True,True
46727.29932237217,9.799958299795725e-08,34.75563461997796,140.18189796711653,True,True
45960.42052931232,9.951565909394013e-08,34.7972332429807,137.881261587937,True,True
45328.412947844845,1.035629199195466e-07,33.90356219515741,135.98523884353452,True,True
48945.69570613575,9.79633089795243e-08,33.19266933919795,146.83708711840725,True,True
45667.741657605824,9.856412801269601e-08,35.35832732773128,137.00322497281746,True,True
47162.25381201585,9.966744596681712e-08,33.858853716544694,141.48676143604754,True,True
48676.21884614883,1.0084871011102323e-07,32.421488425388496,146.0286565384465,True,True
46464.59786827468,1.0343940410663181e-07,33.1140224421041,139.39379360482403,True,True
45770.80497513295,1.0405790872175471e-07,33.416155840653964,137.31241492539885,True,True
44920.0209447121,1.0005338217546624e-07,35.41183301009407,134.7600628341363,True,True
46754.56844361172,9.954736473529842e-08,34.195291579810196,140.2637053308352,True,True
48761.36021196602,9.558229274039752e-08,34.14812606100463,146.28408063589808,True,True
47865.755634923546,1.0152992744972696e-07,32.749233254915914,143.59726690477063,True,True
47617.59978412985,1.0280281079912643e-07,32.51229612989352,142.85279935238955,True,True
47053.344614433714,1.011760047535126e-07,33.4312108455748,141.16003384330114,True,True
45385.72114315789,9.512416397615442e-08,36.86464349300246,136.15716342947368,True,True
48556.3528109888,1.0154592224589631e-07,32.27836922320461,145.6690584329664,True,True
45554.91172290326,1.0260330810761668e-07,34.050505122824795,136.6647351687098,True,True
45633.020889778134,9.975713225093764e-08,34.96205534188414,136.8990626693344,True,True
46548.296639580745,9.581293142860173e-08,35.68553487485618,139.64488991874225,True,True
44721.907008797054,9.899927235604312e-08,35.94742736525551,134.16572102639117,True,True
48766.937125712844,9.989497724484113e-08,32.670140287124916,146.30081137713856,True,True
48131.48047918415,9.828517768891429e-08,33.64363278790974,144.39444143755244,True,True
46265.52235653259,1.0498086229875815e-07,32.76819550243455,138.79656706959776,True,True
47317.690097896455,1.0322410944702782e-07,32.58482938263244,141.95307029368936,True,True
47979.19707936815,9.814126826527484e-08,33.79990578875257,143.93759123810446,True,True
47940.267687842905,1.026039252470965e-07,32.35606515938471,143.8208030635287,True,True
47630.350550729905,1.0003101544014163e-07,33.404246231950644,142.8910516521897,True,True
44881.297612225564,9.703058091789031e-08,36.54652556214988,134.64389283667668,True,True
45365.77995712123,9.651467169831864e-08,36.349497539677934,136.0973398713637,True,True
45706.81808581597,9.94034793696834e-08,35.02979187178479,137.1204542574479,True,True
44898.49287629948,9.803330684576114e-08,36.15885885805991,134.69547862889843,True,True
47643.32200362863,9.802934590663984e-08,34.07704996766213,142.9299660108859,True,True
48705.337612505224,9.537581125804314e-08,34.26141760967239,146.11601283751568,True,True
46084.569654638115,9.662580544114718e-08,35.74139245340723,138.25370896391433,True,True
45070.67241272924,1.0431276911222387e-07,33.852334208032985,135.21201723818774,True,True
45028.98033740751,9.570402297252835e-08,36.93157464752985,135.08694101222255,True,True
45206.51200564549,1.0144874187036756e-07,34.703435209770284,135.61953601693648,True,True
47587.37620709737,1.0003678209046104e-07,33.43248499536604,142.7621286212921,True,True
48611.73373075735,9.862903341927358e-08,33.19512009903407,145.83520119227205,True,True
46998.23394568309,1.0298364867854064e-07,32.88291563348707,140.99470183704926,True,True
49009.979127340805,9.855340133448237e-08,32.95065079438984,147.0299373820224,True,True
45048.4625852022,9.558798859864791e-08,36.960414629726955,135.1453877556066,True,True
48971.704678570335,1.0493556362945071e-07,30.97078478140283,146.915114035711,True,True
47384.870633300496,1.0012325362416849e-07,33.54636579437541,142.1546118999015,True,True
45077.774745684306,9.703621291653198e-08,36.38512102666063,135.23332423705293,True,True
45010.168483589245,1.0041678982683495e-07,35.2130107673329,135.03050545076772,True,True
45564.10450206012,9.783840360301723e-08,35.7016209371115,136.6923135061804,True,True
46377.64729729013,9.583467358714443e-08,35.808716124933525,139.1329418918704,True,True
48708.67051689634,9.748227170300144e-08,33.518780884837206,146.12601155068901,True,True
48978.12662425628,9.80828247679575e-08,33.13027166031123,146.93437987276883,True,True
44710.931773040975,1.0242788979947425e-07,34.75267071999397,134.13279531912292,True,True
48421.00315790004,1.0439433775870375e-07,31.48541379518647,145.26300947370012,True,True
48345.55831813659,1.0492230235750666e-07,31.375867308620794,145.0366749544098,True,True
48415.46921129604,1.0475112739327672e-07,31.381758846203624,145.24640763388814,True,True
46333.94878834589,9.958818643864885e-08,34.49157241866373,139.0018463650377,True,True
45862.563684507055,9.63279008456038e-08,36.02547431347423,137.58769105352118,True,True
49328.32496618681,1.0048146788764926e-07,32.10981418315045,147.98497489856044,True,True
47199.707292980376,1.0034165979869351e-07,33.604663088589156,141.59912187894113,True,True
45491.21620298105,9.963298069969908e-08,35.11474028360548,136.47364860894314,True,True
45036.826311665485,9.972685749158728e-08,35.435634928642486,135.11047893499645,True,True
45868.893955911786,9.968699739292685e-08,34.80673994741895,137.60668186773538,True,True
48903.4629155255,9.716629813239717e-08,33.4938338263295,146.7103887465765,True,True
45326.357007718245,9.890348177877355e-08,35.50240188100999,135.97907102315475,True,True
47036.758142485065,9.807336124235561e-08,34.50100053569887,141.11027442745518,True,True
45945.75021025829,9.566995241519646e-08,36.20755729101193,137.83725063077486,True,True
48710.11169427925,9.992339670758551e-08,32.698950781053775,146.13033508283777,True,True
45304.424891749484,1.0351991433541191e-07,33.935605769455115,135.91327467524846,True,True
45318.21276035982,9.668358590863805e-08,36.32407870364822,135.95463828107944,True,True
46240.981979451935,9.931055462348649e-08,34.657535445512316,138.7229459383558,True,True
46019.61659820037,1.019525544554157e-07,33.92181051436708,138.05884979460112,True,True
48288.41114161942,9.849497245799938e-08,33.46286741876737,144.86523342485827,True,True
46436.86472038257,1.0250555870475075e-07,33.435654182419604,139.31059416114772,True,True
47622.502182038246,9.995814474781993e-08,33.434107489665614,142.86750654611475,True,True
47182.52427632119,1.0034898565246911e-07,33.6144471349442,141.54757282896358,True,True
48101.15921595113,1.0160607208090537e-07,32.56453838388275,144.30347764785338,True,True
45379.432050360745,1.0356973053120732e-07,33.86321821410105,136.13829615108224,True,True
47001.94496972948,1.0455069027641199e-07,32.38749787112009,141.00583490918845,True,True
49274.01572460442,9.648213185223568e-08,33.47767453300098,147.82204717381325,True,True
46157.97900725266,1.0047982187442665e-07,34.31582859096559,138.47393702175796,True,True
47063.861303180085,9.89179216749669e-08,34.18673244883982,141.19158390954027,True,True
46530.00817198785,9.682571272286592e-08,35.32614932418627,139.59002451596356,True,True
47529.342807088025,1.0122046038165786e-07,33.081867209431614,142.58802842126408,True,True
48988.94005891086,9.547264329789728e-08,34.02852635104374,146.9668201767326,True,True
45226.71176899618,9.701901925014132e-08,36.271727349370074,135.68013530698855,True,True
46234.761164662865,1.043148628264332e-07,32.99934516002651,138.7042834939886,True,True
47703.24759875377,9.549244049124649e-08,34.93841446741078,143.10974279626132,True,True
45757.008229148734,9.659958245568342e-08,36.007026768535844,137.27102468744621,True,True
47356.42740253273,1.0479740587439518e-07,32.06938767917826,142.0692822075982,True,True
44780.1179680079,1.019693863962934e-07,34.85500042499865,134.34035390402371,True,True
44880.65713706534,1.0384611754497258e-07,34.14842360188123,134.641971411196,True,True
47862.36163422573,9.564751822269503e-08,34.76580596633477,143.5870849026772,True,True
46859.55966398304,1.0094483075670328e-07,33.646341158472204,140.57867899194912,True,True
45604.39352918595,9.822008006490082e-08,35.53146900219677,136.81318058755787,True,True
47331.70755834541,1.0370339763436732e-07,32.42462586941942,141.99512267503624,True,True
46211.23917563864,9.572424666114853e-08,35.97912191240472,138.63371752691592,True,True
47199.19703894725,1.0265144312830396e-07,32.84887208082193,141.59759111684176,True,True
45101.02820074874,1.0155784188157203e-07,34.74723290272947,135.3030846022462,True,True
44890.01358950006,1.0246281863977637e-07,34.60223060157984,134.67004076850017,True,True
49332.72835155109,9.86711960384515e-08,32.6959984639075,147.99818505465328,True,True
44785.078025978924,1.0340941386956335e-07,34.36582070321652,134.35523407793679,True,True
49304.75069442305,1.0362430641683638e-07,31.150837532442672,147.91425208326913,True,True
47276.58001709393,1.000674471478717e-07,33.6419575860254,141.8297400512818,True,True
45843.88269349318,9.999675163353775e-08,34.71785194542956,137.53164808047956,True,True
46128.57333361638,9.643282379626823e-08,35.778755020564994,138.38572000084915,True,True
48976.78152350651,9.869173099580932e-08,32.926769463915385,146.93034457051954,True,True
46732.8731550543,1.0016559193504193e-07,34.00001333260151,140.1986194651629,True,True
46639.24454305247,9.684372106964227e-08,35.236856377680105,139.9177336291574,True,True
45732.98505233926,9.501543475553123e-08,36.62658456297685,137.19895515701776,True,True
47953.26608822175,9.836562090291387e-08,33.74105064715223,143.85979826466527,True,True
46856.80099798529,9.649839381949963e-08,35.19876385312691,140.57040299395587,True,True
48378.09724987933,1.0185473838515919e-07,32.299076925220895,145.13429174963798,True,True
46254.45495826928,9.856305896348206e-08,34.91020428803279,138.76336487480785,True,True
48808.32996728747,1.0134519547910099e-07,32.17533067040022,146.42498990186243,True,True
46407.64780424471,1.0155722959126656e-07,33.76911895953625,139.22294341273414,True,True
44948.98058145424,9.81172321126266e-08,36.087350419936655,134.84694174436274,True,True
45835.100750103564,1.0170491893131667e-07,34.14129446706297,137.50530225031068,True,True
44857.695566664086,1.0155971097566951e-07,34.935077913496634,134.57308669999227,True,True
48424.029081949724,9.666421879512468e-08,34.00113890340343,145.27208724584918,True,True
48428.907171982275,9.506264572649136e-08,34.57049240450342,145.28672151594682,True,True
47481.69756386386,1.0408394876399813e-07,32.2040234313003,142.44509269159158,True,True
47857.40560296963,1.0384263767112366e-07,32.02545209600737,143.57221680890888,True,True
44783.45653897497,1.0189476082548932e-07,34.87792717566504,134.35036961692492,True,True
47610.047772042424,1.0277778079726971e-07,32.525372445642425,142.83014331612728,True,True
47588.477743909716,1.0398670042266673e-07,32.16181288134941,142.76543323172916,True,True
49217.0729058972,1.0290051181951632e-07,31.42583424155446,147.6512187176916,True,True
45072.52469081991,9.743920982602772e-08,36.238857137212726,135.21757407245974,True,True
46870.73123744003,9.953824451546242e-08,34.11366854395078,140.61219371232008,True,True
45206.17310630511,1.0021649370781626e-07,35.130407216993504,135.61851931891533,True,True
46632.65601971283,1.0282497914852208e-07,33.1918416258741,139.8979680591385,True,True
44930.84119353791,9.559113737379232e-08,37.05595011966958,134.79252358061376,True,True
48531.8671498317,1.0310175171111382e-07,31.807320683176496,145.5956014494951,True,True
49126.970409818736,9.915644681508226e-08,32.67226125890912,147.38091122945622,True,True
46956.08705163785,1.0387504078431733e-07,32.62999635303413,140.86826115491354,True,True
46598.95210244407,1.0101469158684542e-07,33.81111079540947,139.7968563073322,True,True
48752.47243983978,1.0423129071283037e-07,31.320260851935682,146.25741731951936,True,True
48149.05569890256,9.927426222748564e-08,33.29627802674013,144.4471670967077,True,True
46639.73160805712,9.916711692692343e-08,34.41092934121843,139.91919482417137,True,True
45928.10437990209,9.693047558903231e-08,35.750429783850436,137.78431313970626,True,True
45278.259757173,9.824449822316636e-08,35.77850306015261,135.83477927151898,True,True
47521.54077935849,9.957235329938872e-08,33.63495469358786,142.56462233807545,True,True
46758.773814970744,1.0226180019355647e-07,33.284618543092186,140.27632144491224,True,True
45700.17465801992,1.044116674453831e-07,33.35440826480829,137.10052397405974,True,True
48276.92118520983,9.940948389872678e-08,33.162918755851855,144.8307635556295,True,True
45657.12867819192,9.591481068148526e-08,36.34342577089807,136.97138603457577,True,True
46664.22177648406,9.789642198810549e-08,34.83928914081583,139.99266532945217,True,True
45584.50731820234,1.0114648597247367e-07,34.51851208503129,136.753521954607,True,True
46880.91782443457,9.99241066864505e-08,33.974553012799525,140.6427534733037,True,True
48891.43719152337,9.845596506613498e-08,33.06323122804759,146.6743115745701,True,True
44758.343738073556,9.559781434430867e-08,37.1961646321645,134.27503121422066,True,True
48989.174637857795,1.0271936903846092e-07,31.627704027094676,146.9675239135734,True,True
45230.16424772263,9.828063775587593e-08,35.80337776302458,135.69049274316788,True,True
46419.480685846596,1.0352946377257017e-07,33.117373761750535,139.25844205753978,True,True
46396.98435030782,1.0234596695671436e-07,33.51657591814837,139.19095305092347,True,True
45345.42619470889,1.0437310163674648e-07,33.62776888890995,136.03627858412668,True,True
46621.65057313377,9.744122833323208e-08,35.03400088587728,139.8649517194013,True,True
47437.731339462494,1.0074049834900544e-07,33.30367237713152,142.3131940183875,True,True
44721.36207829583,1.036004795313505e-07,34.35131315983187,134.1640862348875,True,True
47108.77711842282,1.04498204472467e-07,32.33028050506286,141.32633135526845,True,True
45646.465885606805,1.0157960175845463e-07,34.324677641169046,136.93939765682043,True,True
47261.44308240286,9.681130135432225e-08,34.78460654654037,141.78432924720857,True,True
45317.38714109876,9.502614170482056e-08,36.95831592814391,135.9521614232963,True,True
49193.637231181296,1.0301983107464995e-07,31.404390142189612,147.5809116935439,True,True
46299.60198140061,9.552834881487093e-08,35.984096513937864,138.89880594420183,True,True
45338.70040365799,1.0253222353437307e-07,34.23660471924419,136.01610121097397,True,True
46079.897131411075,1.0247814070660978e-07,33.7036854908467,138.23969139423323,True,True
47246.05528937473,9.88114744343858e-08,34.09158538820555,141.73816586812418,True,True
45922.56658508058,9.645757603756847e-08,35.930034576199986,137.76769975524175,True,True
46014.02621614688,9.553071700506256e-08,36.206526187262554,138.04207864844065,True,True
48492.33251975138,9.530021785039835e-08,34.43920865797411,145.47699755925413,True,True
46107.637842299744,1.0323713147841236e-07,33.43577003067454,138.32291352689924,True,True
46459.47747813591,9.765381549592526e-08,35.07975843074459,139.37843243440773,True,True
46706.343064160064,9.976967762697802e-08,34.154324297021105,140.1190291924802,True,True
47497.33310945248,1.044375467536971e-07,32.08442382034192,142.49199932835742,True,True
48212.61132970702,9.742262967670042e-08,33.88438665599988,144.63783398912105,True,True
48657.85355509023,1.025816338412678e-07,31.88581872683316,145.9735606652707,True,True
45322.24681913487,1.0400450416512345e-07,33.76420684736392,135.96674045740463,True,True
45374.447692520385,1.0268568939711499e-07,34.15850514709971,136.12334307756117,True,True
46887.770414025916,1.0371702417418832e-07,32.72732446628113,140.66331124207775,True,True
46003.404106736576,1.028938370909498e-07,33.623335897271076,138.01021232020975,True,True
46257.377310563155,1.0163368464672371e-07,33.85333471237643,138.77213193168947,True,True
48609.06099943766,1.0226114856257805e-07,32.01785501246978,145.827182998313,True,True
48013.55958510166,9.839292155335527e-08,33.689329768647035,144.04067875530498,True,True
47372.07716060065,9.715364104159977e-08,34.581085550426224,142.11623148180198,True,True
47046.16069611386,9.942941758944582e-08,34.02366146042813,141.1384820883416,True,True
48675.012237083,9.791554626577465e-08,33.393536208426454,146.02503671124902,True,True
47924.489271227794,9.921796332127373e-08,33.47128073817723,143.7734678136834,True,True
46055.16966550836,1.0243917350927458e-07,33.73460887241606,138.1655089965251,True,True
47241.967495051875,1.0348001387187706e-07,32.55634761318181,141.72590248515561,True,True
47072.78385276486,1.0427795117167633e-07,32.423340640125176,141.21835155829456,True,True
45515.90096748166,9.812428605230291e-08,35.63530481263304,136.547702902445,True,True
48520.749968269236,9.902100425797042e-08,33.125717977248755,145.56224990480771,True,True
47857.817817781106,9.623801587936505e-08,34.5557703298827,143.57345345334332,True,True
48333.73877758213,1.014917113948397e-07,32.44435653280746,145.0012163327464,True,True
48204.97431595153,9.662535038306228e-08,34.1693875083737,144.61492294785458,True,True
46719.636836506776,9.863672028347219e-08,34.53679637675398,140.15891050952035,True,True
45802.38036851385,9.703553699724173e-08,35.809748344583326,137.40714110554157,True,True
48475.78195914353,1.0061023029071413e-07,32.63271178057409,145.4273458774306,True,True
46215.302029357765,1.0261349678867588e-07,33.560610200765204,138.64590608807327,True,True
46636.9632701916,1.0313329741701393e-07,33.08955786981879,139.9108898105748,True,True
46086.279193453935,1.0051159642155233e-07,34.35835117167828,138.2588375803618,True,True
48986.396297368265,1.0115326564234683e-07,32.11920090476484,146.9591888921048,True,True
48542.01701076327,9.89006017565742e-08,33.151514949927844,145.6260510322898,True,True
46523.690856177105,9.651302665468996e-08,35.44541251638434,139.57107256853132,True,True
45504.35726978109,1.036316427528169e-07,33.75007673159102,136.51307180934327,True,True
46713.98309463885,9.909750878475555e-08,34.38036598577171,140.14194928391655,True,True
48800.60714109872,9.547955988374065e-08,34.157375809680666,146.40182142329616,True,True
45089.2287068359,9.559236081099438e-08,36.92530896967358,135.2676861205077,True,True
45255.79825408386,1.0436852389271362e-07,33.69584569779204,135.76739476225157,True,True
44956.59372106354,9.949450933289309e-08,35.581775805674326,134.86978116319062,True,True
46003.50839706701,1.0390379807819413e-07,33.296436388646555,138.01052519120103,True,True
48488.660311856205,9.597999748298509e-08,34.19788221954393,145.4659809355686,True,True
49278.26813605137,1.0021131570580088e-07,32.22908168346205,147.8348044081541,True,True
47811.30367612214,9.501628187254806e-08,35.03414426531305,143.43391102836642,True,True
45320.08939531189,9.715632974464301e-08,36.14583598434714,135.96026818593566,True,True
47335.03323015291,9.50447072365803e-08,35.376063763395244,142.00509969045874,True,True
45918.252023298686,1.045033788155824e-07,33.16686720689562,137.75475606989608,True,True
45783.63112948936,1.0218180957165108e-07,34.02015659022483,137.35089338846808,True,True
46899.10670379532,1.043732732295021e-07,32.51368975855745,140.69732011138598,True,True
47706.00598861177,1.0359458555733964e-07,32.2040146830497,143.11801796583532,True,True
46063.360972241324,1.007207882255528e-07,34.30404971769193,138.19008291672395,True,True
46547.01804143218,9.638519057551763e-08,35.474636773981224,139.64105412429655,True,True
45548.12578031002,1.0305938381841232e-07,33.90486963436788,136.64437734093008,True,True
44674.64649761337,1.021461571029258e-07,34.876827593348125,134.0239394928401,True,True
46288.50577270941,1.000687348237392e-07,34.359636524880294,138.86551731812824,True,True
45266.68260302965,9.876878503834775e-08,35.59768469610651,135.80004780908894,True,True
48855.197934699514,1.039861559796932e-07,31.32808369741199,146.56559380409857,True,True
45806.51534750189,1.0391201856341803e-07,33.43698385102569,137.41954604250566,True,True
48961.10489395493,9.533962891351808e-08,34.095374461598894,146.8833146818648,True,True
44855.749195224984,1.0374016288652547e-07,34.202282616605345,134.56724758567495,True,True
45491.29626964333,9.621696943832767e-08,36.36136228058788,136.47388880892998,True,True
45462.383926820265,1.0373623942745955e-07,33.74717520271354,136.38715178046078,True,True
48863.589654577096,9.927233815648477e-08,32.81002130864413,146.5907689637313,True,True
44827.55843344693,9.705261193990576e-08,36.5820314204496,134.48267530034082,True,True
45323.96816306907,1.0065591526507014e-07,34.886138737375454,135.97190448920722,True,True
48779.88711925289,9.70132182738787e-08,33.631669670461285,146.33966135775867,True,True
45798.17331503726,9.626404558922394e-08,36.100055201323045,137.3945199451118,True,True
48482.25875798052,9.76347528758819e-08,33.62272086805874,145.44677627394157,True,True
44715.080849802376,9.91476943330811e-08,35.89909431854568,134.14524254940713,True,True
47824.606878816936,1.0266044168191737e-07,32.41646059218739,143.47382063645082,True,True
49330.25309624441,9.781457228516874e-08,32.98399285664957,147.99075928873324,True,True
49039.47932302331,1.0416406096080845e-07,31.157053367891518,147.11843796906993,True,True
46855.83486342642,9.730672602464072e-08,34.90708557406887,140.56750459027924,True,True
48107.64691184559,1.0147641507490266e-07,32.60174908787618,144.32294073553678,True,True
46829.3240435843,1.0453135718706237e-07,32.51289589998174,140.48797213075292,True,True
49286.09190202183,1.0156175586378402e-07,31.79549191986677,147.85827570606548,True,True
47329.8583120938,1.0383863595311864e-07,32.38366161386268,141.9895749362814,True,True
47572.48965299053,9.93626165290342e-08,33.669853906943715,142.71746895897158,True,True
47410.44533781755,9.676182721259506e-08,34.693014374284445,142.23133601345268,True,True
45867.84969578773,9.89317535651502e-08,35.07325266985973,137.6035490873632,True,True
48303.805507165394,1.017105076548011e-07,32.39462542870558,144.9114165214962,True,True
47620.5664754676,1.0411523943815397e-07,32.10046119942517,142.86169942640282,True,True
44715.247668704746,1.0064092825227424e-07,35.366318787346444,134.14574300611423,True,True
48713.56457028072,9.641848648753067e-08,33.88518896418493,146.14069371084219,True,True
47473.82115705525,1.046690267108389e-07,32.02932280264051,142.42146347116577,True,True
48209.4243780233,1.0207430205549499e-07,32.34236444217955,144.6282731340699,True,True
46908.157984276906,1.010617648597628e-07,33.57259213422674,140.72447395283072,True,True
46530.82670258057,9.846948744113494e-08,34.73583040589807,139.59248010774172,True,True
47730.580502946745,1.0048782005258096e-07,33.18256779925061,143.19174150884024,True,True
45587.60892454303,1.0348101328339162e-07,33.73748037787073,136.7628267736291,True,True
46031.038965753665,9.990421590167928e-08,34.60872010639989,138.093116897261,True,True
48201.37040933704,1.015925328660961e-07,32.501167187181004,144.6041112280111,True,True
45335.026858370875,1.0095660365533638e-07,34.77374959958729,136.00508057511263,True,True
45676.23151042713,9.685515209243995e-08,35.97552485617953,137.02869453128142,True,True
46940.13781253486,1.0032971747568681e-07,33.794512195385344,140.82041343760457,True,True
46581.86481924144,9.922994606125376e-08,34.43186172980719,139.74559445772434,True,True
48455.30208491671,1.0183988411893112e-07,32.25231774346227,145.36590625475012,True,True
45897.445857437895,1.0014185719345664e-07,34.62708811100416,137.6923375723137,True,True
46556.46268552611,9.818190373872764e-08,34.8183917429291,139.66938805657833,True,True
46643.04071545017,9.93923524302867e-08,34.33051410740291,139.92912214635052,True,True
48808.25182333971,9.690651593850884e-08,33.649134586161644,146.42475547001916,True,True
44654.90005572504,9.806188986779407e-08,36.345508652738566,133.96470016717512,True,True
45273.99804167154,9.615951867797025e-08,36.55771165682196,135.82199412501464,True,True
45896.156232613386,9.766280196190894e-08,35.5070536458548,137.68846869784016,True,True
46168.69650612945,9.888684382236793e-08,34.860531378528734,138.50608951838834,True,True
47729.81014612497,1.0028213203547502e-07,33.251165007909854,143.1894304383749,True,True
48647.69860507954,1.0085970161914561e-07,32.43696056805691,145.94309581523862,True,True
45986.455373174744,1.0423108838862286e-07,33.204192529372975,137.95936611952422,True,True
48963.570725155776,1.0243078203167939e-07,31.733396742705413,146.89071217546734,True,True
47995.87520889184,9.567307549163085e-08,34.6598342268401,143.98762562667554,True,True
47537.07197138471,1.0273477002620228e-07,32.588941191273285,142.61121591415412,True,True
48615.13753867988,1.0383870624264695e-07,31.527486209020623,145.84541261603965,True,True
47548.70884819291,9.637033241861832e-08,34.732660089244646,142.64612654457872,True,True
45647.984460355576,1.0205699952279185e-07,34.16297862677374,136.94395338106673,True,True
46679.146336972895,1.003252506320032e-07,33.984976438499565,140.0374390109187,True,True
44984.17564907841,1.011451757444987e-07,34.97962844013949,134.9525269472352,True,True
46635.158438317194,9.800193814256448e-08,34.82346727626436,139.9054753149516,True,True
45438.26375015508,9.932753475787677e-08,35.26377053270013,136.31479125046525,True,True
44937.246867528345,1.049485771295255e-07,33.747151052888874,134.81174060258505,True,True
45153.85227066482,1.0314353718470528e-07,34.17301545019877,135.46155681199448,True,True
45807.69981345048,9.586990348607223e-08,36.24093191709359,137.42309944035145,True,True
45577.10422516728,1.0107020287642307e-07,34.55017613185546,136.73131267550184,True,True
49109.89969358029,1.0019305070566657e-07,32.34547135042123,147.3296990807409,True,True
49090.39886906099,9.910001733214755e-08,32.71521963955853,147.27119660718296,True,True
48029.25459601921,1.0291863557228158e-07,32.19736012167911,144.08776378805763,True,True
47082.522226521316,1.0483183107497624e-07,32.245360743877264,141.24756667956396,True,True
47602.1387939966,9.828405761253556e-08,34.018141832854404,142.8064163819898,True,True
49290.47584852501,9.735392855433647e-08,33.16680515026583,147.87142754557502,True,True
45847.81751317449,9.992382662118362e-08,34.74020746179143,137.54345253952346,True,True
47097.820317429534,9.704795821853671e-08,34.82033302286195,141.29346095228863,True,True
45289.37527712136,9.751246275911606e-08,36.03824857688331,135.8681258313641,True,True
45795.12395341171,1.023843082281067e-07,33.94434966568921,137.38537186023513,True,True
46132.886890746006,1.041713849185817e-07,33.117768121451434,138.398660672238,True,True
48265.69633249622,9.900465902683575e-08,33.3062642255907,144.79708899748866,True,True
49226.91828468416,9.908450496376402e-08,32.62959917323046,147.68075485405245,True,True
44814.01998956905,1.0440782302577709e-07,34.01521243319549,134.44205996870718,True,True
47045.94622176873,1.0202689703489417e-07,33.15761200119311,141.13783866530622,True,True
45547.851889742975,9.873732549150228e-08,35.389210383730465,136.64355566922893,True,True
46759.393454820405,1.0334388512990485e-07,32.93566814720557,140.2781803644612,True,True
46342.958783956135,1.0452037663110784e-07,32.857567412937726,139.0288763518684,True,True
45620.553688721564,1.0427904613056498e-07,33.45511521036052,136.86166106616471,True,True
47876.27790570192,9.88355553934485e-08,33.63462153999542,143.62883371710578,True,True
45388.279286625264,9.559064941372454e-08,36.68267524877327,136.1648378598758,True,True
45605.55900665323,9.815251323529838e-08,35.55501971983306,136.81667701995968,True,True
45168.07961810412,1.0154601512487282e-07,34.699691991980934,135.50423885431238,True,True
47410.63396137496,9.645071258038639e-08,34.80478284577463,142.23190188412488,True,True
48316.541642101685,9.697852000101684e-08,33.96633889714483,144.94962492630506,True,True
47326.061111448565,1.0347897694391237e-07,32.49882393798039,141.9781833343457,True,True
45630.80463019346,1.0403731430951415e-07,33.525315390495734,136.89241389058037,True,True
44998.78423145506,9.902084206547575e-08,35.71846083439535,134.99635269436519,True,True
49165.11661299576,1.0372953831554143e-07,31.207617412424398,147.49534983898727,True,True
46674.74205418487,1.0027850324201583e-07,34.004027761546745,140.0242261625546,True,True
48868.04050797536,1.0289587326195541e-07,31.651715185775732,146.6041215239261,True,True
45323.014135924284,1.0351208810352275e-07,33.92425178816205,135.96904240777286,True,True
47540.01208162278,9.807094086674405e-08,34.136618768901386,142.62003624486834,True,True
45103.83626329825,1.0383384606698113e-07,33.983468976346124,135.31150878989476,True,True
48475.758415419594,9.63033274360239e-08,34.092137096856305,145.42727524625877,True,True
45498.93207115924,9.996592280778016e-08,34.99185362571343,136.49679621347772,True,True
49337.68972678003,9.700862394737942e-08,33.25301114853271,148.0130691803401,True,True
47240.934064984904,1.013298227919166e-07,33.24791169713376,141.72280219495474,True,True
48916.46388597102,1.0006727400206554e-07,32.51419512758115,146.74939165791307,True,True
46929.19691415716,9.713860583297706e-08,34.912837199471184,140.78759074247148,True,True
47264.45425728837,9.730239828743392e-08,34.60683953394671,141.79336277186513,True,True
45721.4736232968,9.874712943735277e-08,35.251323945733276,137.1644208698904,True,True
48897.21090402406,1.0400297545388677e-07,31.29610423808122,146.6916327120722,True,True
46905.37403723906,9.735713404577125e-08,34.85216386426501,140.7161221117172,True,True
47338.400434164294,1.0129595749086901e-07,33.19054920094787,142.0152013024929,True,True
45782.40084617237,9.991435975025977e-08,34.7931427069873,137.3472025385171,True,True
45022.51302192211,9.602937101249801e-08,36.8117373772386,135.0675390657663,True,True
47817.760572212545,1.0445881486668284e-07,31.862936954682517,143.45328171663763,True,True
45957.150914818296,1.0320745208005932e-07,33.55490225128432,137.8714527444549,True,True
46585.2703992287,9.612495404841701e-08,35.541468320299444,139.75581119768609,True,True
45474.657001030115,1.004865897430744e-07,34.82912724709583,136.42397100309034,True,True
47952.56213619215,1.0362026619354401e-07,32.03049211947621,143.85768640857646,True,True
48058.545707609774,9.76956214372159e-08,33.898025911726016,144.17563712282933,True,True
45405.66425852175,1.0499364042082408e-07,33.38467124864074,136.21699277556527,True,True
47366.193099455384,9.936701158791197e-08,33.815002327715725,142.09857929836616,True,True
45882.20446426972,9.764147145995199e-08,35.52560969650504,137.64661339280917,True,True
45329.37420422111,1.0445249299663941e-07,33.614108560349855,135.98812261266332,True,True
46693.289443816306,1.049467636709789e-07,32.478548435599386,140.07986833144892,True,True
44660.33456447784,9.924931225965653e-08,35.90629985890672,133.9810036934335,True,True
47607.84658563186,9.607988435087656e-08,34.794381603508,142.82353975689557,True,True
49124.78235822258,9.568397505012213e-08,33.85947992934879,147.37434707466775,True,True
46737.53173876266,1.0095237421031428e-07,33.73166832485708,140.21259521628798,True,True
46284.68386370242,1.048194357475989e-07,32.80507329215345,138.85405159110726,True,True
48442.06434936161,1.0240407537112041e-07,32.08338987361016,145.32619304808483,True,True
45588.454779378124,1.0177217926701809e-07,34.303322423191936,136.7653643381344,True,True
47346.118532570894,1.0001425454361989e-07,33.61041294337094,142.0383555977127,True,True
45325.109467541384,1.0464899574049573e-07,33.55414716540616,135.97532840262417,True,True
48252.08885827092,1.0214248493140301e-07,32.29219701961571,144.75626657481277,True,True
48077.98485513691,9.559159914104384e-08,34.63013211440589,144.23395456541073,True,True
44853.50830730942,1.0047752425353488e-07,35.31464038566373,134.56052492192828,True,True
44994.94729128871,1.0123149624946543e-07,34.94143430264005,134.98484187386612,True,True
47043.51646608647,9.669355696169023e-08,34.988298074542996,141.13054939825943,True,True
45199.9900885987,1.0484323388678252e-07,33.58469308058764,135.5999702657961,True,True
48396.377884876376,1.036957054154999e-07,31.71366995794702,145.18913365462913,True,True
48772.93564537053,1.0236271635410385e-07,31.87861413796994,146.3188069361116,True,True
45994.74857888505,1.0333797735155705e-07,33.48512508801342,137.98424573665517,True,True
49199.83318142221,9.54848226974894e-08,33.87834258611353,147.59949954426662,True,True
48217.97025954489,1.0201339800278982e-07,32.355937884211386,144.65391077863467,True,True
46816.35274831606,1.0252985050339555e-07,33.156771072664014,140.4490582449482,True,True
47537.17008706134,9.539406090868785e-08,35.09663428264353,142.61151026118404,True,True
44916.90331833709,1.0415656114790825e-07,34.01916828835857,134.7507099550113,True,True
47565.48774672122,1.0293627280258264e-07,32.50571612158348,142.69646324016367,True,True
47815.98058321625,9.622612223086978e-08,34.5902802314797,143.44794174964875,True,True
46238.96927766227,1.0207633148584487e-07,33.71995089365199,138.7169078329868,True,True
47580.10051612981,9.780839922373421e-08,34.19941091199985,142.74030154838943,True,True
47723.55928872684,9.587932571438858e-08,34.7826233560621,143.17067786618054,True,True
47285.58730135731,1.0149336976191024e-07,33.16298939712347,141.85676190407193,True,True
45048.85496093307,1.0149905699874297e-07,34.807623090251404,135.14656488279923,True,True
46897.21557483911,9.848646275523294e-08,34.45851313117264,140.69164672451734,True,True
44803.97185631148,9.830811975728151e-08,36.1338490563078,134.41191556893446,True,True
47864.3632386851,1.0465807045789698e-07,31.771310023426256,143.59308971605532,True,True
47805.8551776178,9.82728425804587e-08,33.87704505887372,143.4175655328534,True,True
47473.967513928525,1.0027709192164693e-07,33.432039605501,142.42190254178558,True,True
45418.087401742414,1.0385103127301853e-07,33.74275016259988,136.25426220522723,True,True
45509.15157441234,9.518831594719513e-08,36.7398813268336,136.527454723237,True,True
49325.82333182685,9.695547287227714e-08,33.27924459573943,147.97746999548053,True,True
45901.17500952505,9.547342695881126e-08,36.317322033349065,137.70352502857517,True,True
47902.1182747308,1.0148748610790554e-07,32.738058314137135,143.7063548241924,True,True
48220.66139065249,1.0025759961470041e-07,32.92074587809886,144.66198417195747,True,True
48144.727312198505,9.628587224786745e-08,34.332768993804976,144.4341819365955,True,True
46542.53321201909,9.67469061162366e-08,35.34541040773121,139.62759963605725,True,True
47449.506128064844,9.52534725708867e-08,35.21337225369834,142.34851838419453,True,True
46247.7838426168,1.049202945283599e-07,32.799687355344325,138.74335152785042,True,True
46923.28338629977,9.50427005133633e-08,35.687240720674914,140.76985015889932,True,True
46454.291016505376,1.0150152645510803e-07,33.753726092625406,139.36287304951614,True,True
49348.400202686644,9.706255205688688e-08,33.22732256653805,148.04520060805993,True,True
48613.635706188776,1.0395201446451051e-07,31.4940940138964,145.84090711856635,True,True
49179.2662977443,1.0439361417417163e-07,31.000175536177593,147.5377988932329,True,True
46129.603851082546,1.0070630928656081e-07,34.2597134759851,138.38881155324765,True,True
47932.668106544246,1.0328459222158888e-07,32.14792810093523,143.79800431963275,True,True
45521.76158486749,9.504833484156269e-08,36.783797148079636,136.56528475460246,True,True
44792.19295295862,1.0333050004514381e-07,34.38660304796869,134.37657885887586,True,True
45907.972709660586,1.0319377636452918e-07,33.59529903506343,137.72391812898178,True,True
46240.31041900173,9.741504510074155e-08,35.33241759998548,138.72093125700522,True,True
45190.21852025715,1.0067802726148069e-07,34.981706612081055,135.57065556077143,True,True
48442.91233613302,1.0481142718143125e-07,31.34593671141979,145.32873700839906,True,True
45841.43815218167,9.604984538671067e-08,36.146414757060185,137.524314456545,True,True
45804.551507843484,9.560894787234805e-08,36.34234588941296,137.41365452353045,True,True
47063.04208197904,1.0158193513061448e-07,33.29075571252237,141.18912624593713,True,True
47459.81879863793,9.549969600541278e-08,35.11495100168868,142.3794563959138,True,True
46490.21723495682,9.669328241955855e-08,35.404808751412666,139.47065170487048,True,True
48147.41481464346,1.0161209829372364e-07,32.53132395772869,144.44224444393038,True,True
44930.784348023364,9.931605037714696e-08,35.666187756153896,134.7923530440701,True,True
48336.82284100395,1.0273545552082319e-07,32.04953108254991,145.01046852301187,True,True
48912.999717555555,1.0443020997850995e-07,31.158007858639813,146.73899915266668,True,True
48434.04806231327,9.988078797139523e-08,32.89935649737632,145.3021441869398,True,True
48467.78907073805,9.63143824038007e-08,34.09382897656117,145.40336721221414,True,True
45670.09193586526,9.923968943970854e-08,35.115822833780996,137.01027580759578,True,True
48394.483021310814,1.0427376889523523e-07,31.539093435826775,145.18344906393244,True,True
47988.73386972858,1.0337358706901953e-07,32.08272534412321,143.96620160918576,True,True
45966.078988029796,1.0086434338155001e-07,34.32772378127816,137.8982369640894,True,True
47519.8840402575,9.623732601776944e-08,34.8017603396448,142.5596521207725,True,True
47147.43130625397,9.535272065603742e-08,35.402098503658934,141.44229391876192,True,True
48313.53727104682,9.948913212606716e-08,33.11125590295732,144.94061181314046,True,True
46485.80386881625,9.900014691953062e-08,34.583102113568934,139.45741160644874,True,True
49332.76919434729,1.0441453145470706e-07,30.89752506871531,147.99830758304185,True,True
49270.94423362531,9.702409755275835e-08,33.29274730711657,147.81283270087596,True,True
47306.42224292453,1.0238920684937494e-07,32.858357391675355,141.91926672877358,True,True
48435.20241038422,1.0409469893733105e-07,31.566788407494116,145.30560723115266,True,True
47499.01157603947,1.0137828358642075e-07,33.051458229656156,142.49703472811842,True,True
45996.73815815107,9.828740513357109e-08,35.20426060033262,137.99021447445324,True,True
45946.40954447774,9.519643469978755e-08,36.387135565903414,137.83922863343324,True,True
45890.50715431211,1.0452217764758924e-07,33.18095067851473,137.6715214629363,True,True
45345.36591434348,1.0007969829231775e-07,35.070441515970636,136.03609774303044,True,True
48170.06072069544,9.561626279916072e-08,34.55502191715418,144.5101821620863,True,True
48479.864137664175,1.0152296716233328e-07,32.336606022127036,145.43959241299254,True,True
47819.73454590237,9.643976227839783e-08,34.5109440408501,143.4592036377071,True,True
46839.31342191802,1.0039417230962609e-07,33.84551350253085,140.51794026575408,True,True
49060.081597527176,1.0384735362358683e-07,31.23895026675569,147.18024479258153,True,True
47484.31589462206,9.797610631596733e-08,34.209739727934085,142.45294768386617,True,True
47292.87446065716,9.99687411765221e-08,33.663572034127576,141.8786233819715,True,True
47403.998070399524,9.837145299731987e-08,34.12998313513458,142.21199421119857,True,True
46856.87006733126,9.733750025690871e-08,34.895278392207864,140.5706102019938,True,True
46358.58836416828,1.0155276595470233e-07,33.806341321677614,139.07576509250487,True,True
45447.866359641914,1.0316948111882064e-07,33.94340344611253,136.34359907892573,True,True
44721.250092589675,1.0309061950641802e-07,34.521292475396045,134.16375027776903,True,True
47860.062216345366,9.582783680949335e-08,34.70205455289097,143.5801866490361,True,True
46600.95340782011,1.033895731252753e-07,33.033043360110405,139.80286022346033,True,True
45178.05741318388,9.547833386972262e-08,36.89671884028482,135.53417223955162,True,True
45674.74915585542,9.887880231617762e-08,35.240394656218605,137.02424746756625,True,True
47266.818998475355,9.780445657413387e-08,34.427470235682804,141.80045699542606,True,True
46443.90210043944,1.0474988273323926e-07,32.71431907924416,139.33170630131832,True,True
49093.72948903688,1.0353617815997908e-07,31.31136325095849,147.28118846711064,True,True
46189.95400421211,9.825755247224429e-08,35.06764972294138,138.56986201263632,True,True
48084.79000292975,9.69334516326409e-08,34.145913076228695,144.25437000878927,True,True
46148.463219941405,9.819002662833121e-08,35.123315965565205,138.44538965982423,True,True
45015.08633197989,1.0307542591791507e-07,34.301009850573436,135.04525899593966,True,True
46253.924079221135,1.0421745845096517e-07,33.016502870208654,138.7617722376634,True,True
48832.621700069845,9.607174226669263e-08,33.92457564165202,146.49786510020954,True,True
46964.1631346867,1.0040074411143289e-07,33.75332896596634,140.89248940406011,True,True
45577.01113817032,1.0033840555896756e-07,34.80223174462092,136.73103341451096,True,True
47553.087978825475,9.583077806554425e-08,34.924998262773556,142.65926393647644,True,True
48971.81208711975,1.0203972434097585e-07,31.849651202747946,146.91543626135925,True,True
46926.079851747454,9.501022859093269e-08,35.69731021657124,140.77823955524238,True,True
46575.94709352201,9.685415857299569e-08,35.28094135753123,139.72784128056603,True,True
46179.2029359035,1.0403806047120323e-07,33.126949965526066,138.5376088077105,True,True
44763.85979398582,9.860565942189962e-08,36.05709740203324,134.29157938195746,True,True
45162.89537997966,1.0369650132081269e-07,33.983980924593126,135.48868613993898,True,True
47783.25984696782,1.019785479781333e-07,32.661455395832874,143.34977954090348,True,True
45689.1568701085,9.858244303015287e-08,35.3351884101787,137.0674706103255,True,True
45535.08401620267,9.584521364375744e-08,36.4672957871495,136.605252048608,True,True
47262.16975374512,9.878771490591417e-08,34.08815815811383,141.78650926123538,True,True
46050.77625153292,9.619015060020541e-08,35.9296156711586,138.15232875459876,True,True
46396.02556317027,9.53928579721056e-08,35.96031539670446,139.1880766895108,True,True
45626.67251842739,1.0234429335423251e-07,34.08299119856252,136.88001755528217,True,True
44695.82959148014,1.0059549587745491e-07,35.39766324540823,134.08748877444043,True,True
49170.309704783,1.002096973033588e-07,32.30036556786238,147.510929114349,True,True
47494.465588986,1.0120231068148232e-07,33.11209792420236,142.483396766958,True,True
45573.29359895114,9.961590784211279e-08,35.0575060841568,136.71988079685343,True,True
45433.57659182533,1.0175503321533718e-07,34.426058693317806,136.300729775476,True,True
48561.862174597925,9.629535719813071e-08,34.0345059836129,145.6855865237938,True,True
47406.345004777686,9.697312509085573e-08,34.62041481960937,142.21903501433306,True,True
46804.04923483742,9.768497455822441e-08,34.8103938022726,140.41214770451228,True,True
48545.9433966242,9.577441411312427e-08,34.23084993089407,145.6378301898726,True,True
47256.17492632473,1.0245726861844638e-07,32.87144473657472,141.7685247789742,True,True
47357.154129254,9.670912980196948e-08,34.750980286191776,142.071462387762,True,True
49039.49122273395,1.0410320378396291e-07,31.17525975071376,147.11847366820186,True,True
49104.84476385192,1.0084366931992731e-07,32.140094515831976,147.3145342915558,True,True
45720.73292800394,1.0145996616342323e-07,34.309329810391695,137.16219878401185,True,True
45965.68254347609,1.0307340394584902e-07,33.592304603252124,137.8970476304283,True,True
45958.6712010166,1.0258758279871829e-07,33.75653576979869,137.87601360304978,True,True
46858.48352793163,9.69198527354439e-08,35.044442589310094,140.5754505837949,True,True
48044.43351517436,1.0415588429051238e-07,31.804842124767173,144.1333005455231,True,True
45259.20050134809,1.0136462343509191e-07,34.69180067022653,135.77760150404427,True,True
47388.65621757591,9.790761852263723e-08,34.30277469701198,142.16596865272774,True,True
46780.42185561431,9.99661471647949e-08,34.0332201982819,140.34126556684294,True,True
48727.6680434918,9.625570006019021e-08,33.93267103630215,146.1830041304754,True,True
44684.94109424278,9.534364894457257e-08,37.35658543695936,134.05482328272834,True,True
45835.92736342454,1.0295449323186562e-07,33.726308160296924,137.50778209027362,True,True
46253.83609690729,9.871697026619878e-08,34.856241555397425,138.76150829072188,True,True
47643.138846113856,9.948810641500895e-08,33.57751877508656,142.92941653834157,True,True
47619.843649996146,9.846032783620153e-08,33.9446151361292,142.85953094998843,True,True
45069.18627900811,1.0283140868579161e-07,34.3411337823585,135.20755883702432,True,True
46593.90808853555,1.0370276770484694e-07,32.93825941464174,139.78172426560664,True,True
49144.87676816618,1.0117911968077863e-07,32.00744329609249,147.43463030449854,True,True
48983.72677767896,1.0106620341166478e-07,32.14862153613471,146.9511803330369,True,True
45765.63826825214,9.593369697707299e-08,36.250118193421095,137.29691480475643,True,True
45722.82493593906,9.708251274878865e-08,35.85469794617725,137.16847480781718,True,True
48939.44957804795,1.0189648743867197e-07,31.91551360598383,146.81834873414385,True,True
44848.97653308431,9.76090124464822e-08,36.35613237363785,134.54692959925293,True,True
45343.32774093245,1.0399053961473154e-07,33.753041242627646,136.02998322279737,True,True
47006.1602080568,9.926413287303398e-08,34.10931533768258,141.0184806241704,True,True
47989.59219250382,9.774369060853796e-08,33.93003746235586,143.96877657751148,True,True
47339.99126900812,1.0363515231643045e-07,32.440300470611945,142.01997380702437,True,True
49177.12458195794,9.760823697857485e-08,33.15664133740337,147.53137374587382,True,True
46972.63770969321,1.0447534162923519e-07,32.431077898863336,140.91791312907964,True,True
45884.73326777809,1.0232965372518633e-07,33.89615334063273,137.65419980333428,True,True
46606.66930283297,9.839106420371455e-08,34.70694647718106,139.82000790849892,True,True
46815.12058908436,9.925553621171849e-08,34.25147237450286,140.44536176725308,True,True
46445.11593999284,9.693007589623897e-08,35.35261368421663,139.3353478199785,True,True
48651.34600657191,9.655604106356678e-08,33.88018871838077,145.95403801971574,True,True
47809.000964547195,9.521898190399063e-08,34.96124818622718,143.42700289364157,True,True
48945.15426633831,1.0204731494729277e-07,31.864627643357235,146.83546279901495,True,True
47856.20503200871,1.0307458988813232e-07,32.2648952719123,143.56861509602612,True,True
45128.12706316277,9.831699468431716e-08,35.871061403495325,135.38438118948832,True,True
48053.937913675276,1.0215175804078038e-07,32.422410749731775,144.1618137410258,True,True
48381.759143105,1.0048941439077537e-07,32.73543837949343,145.14527742931503,True,True
44896.22032750422,1.0392452749427451e-07,34.11083042428434,134.68866098251266,True,True
47387.390304878674,1.0270299221541112e-07,32.70199461890185,142.16217091463605,True,True
49278.25669381502,9.972428786493375e-08,32.38648777109342,147.83477008144504,True,True
46698.40534734261,9.577927608498212e-08,35.58332529066462,140.09521604202783,True,True
46844.79574413473,9.993871121137164e-08,33.99578213953058,140.53438723240419,True,True
47045.76809054131,1.022518928939597e-07,33.084777003999,141.13730427162395,True,True
44788.50742603472,9.834582912611402e-08,36.13246541812738,134.36552227810415,True,True
45387.8804740757,1.0496221014359188e-07,33.40775270864392,136.1636414222271,True,True
45642.20763011944,9.569062045966207e-08,36.440482505177194,136.92662289035832,True,True
49333.093038173654,1.0095427801268938e-07,31.95634190858372,147.99927911452096,True,True
47327.48845425318,1.0040817265819727e-07,33.49173221050386,141.98246536275954,True,True
47975.63212785457,9.683256626557559e-08,34.259260491920685,143.92689638356373,True,True
44696.40389623469,9.683673667388772e-08,36.77116615061302,134.08921168870407,True,True
48194.53577275674,9.903850018247224e-08,33.344044388764736,144.58360731827023,True,True
47849.372768260444,9.9969168388743e-08,33.27191539793751,143.54811830478135,True,True
46757.974912340214,9.73694978225429e-08,34.95759188634834,140.27392473702062,True,True
47287.39113302644,9.875740107684155e-08,34.080434634782,141.8621733990793,True,True
49014.53468185536,1.006705978635101e-07,32.25466976584293,147.04360404556607,True,True
45682.94591376767,9.903371176530295e-08,35.17895811378855,137.048837741303,True,True
49217.00517937994,9.909646446252642e-08,32.63223259503966,147.65101553813983,True,True
48335.055028978524,9.646683518691047e-08,34.133426201911725,145.0051650869356,True,True
47453.46720098661,1.0454649364767231e-07,32.08061683377485,142.36040160295985,True,True
47573.9082181864,1.0323421937424223e-07,32.40616382159513,142.7217246545592,True,True
47195.24158553918,1.0346604431661298e-07,32.59298017954108,141.58572475661754,True,True
46138.825048243285,9.938632311065298e-08,34.707791280409424,138.41647514472984,True,True
47605.860239644804,9.540850638437493e-08,35.0406874079775,142.8175807189344,True,True
48580.15339649261,1.0128873418796351e-07,32.3444749858388,145.74046018947783,True,True
48176.78550967821,1.0259665169292431e-07,32.199499769347206,144.53035652903463,True,True
46410.71767555443,9.816565259273535e-08,34.933515236720964,139.23215302666327,True,True
47408.05139684184,1.0230873459622453e-07,32.813708334320474,142.22415419052552,True,True
48060.386859546736,9.527050846219559e-08,34.75956927761258,144.18116057864023,True,True
45508.471250936425,1.0393079659816972e-07,33.64988845615223,136.52541375280927,True,True
47805.76026668232,9.664991522582689e-08,34.445970469619766,143.41728080004697,True,True
48048.06370421501,1.0088931298182415e-07,32.832131331567304,144.14419111264505,True,True
44896.25129039763,9.505367956387927e-08,37.29418477805851,134.6887538711929,True,True
48461.253773582845,9.622684512296971e-08,34.12944597792712,145.38376132074853,True,True
46522.24699292014,9.638472474710273e-08,35.493696996983374,139.56674097876044,True,True
48948.96664897357,1.0080527745367051e-07,32.25472432403817,146.8468999469207,True,True
47163.87378853904,9.662707499874002e-08,34.92302299627747,141.4916213656171,True,True
48928.251129272976,1.011398398928166e-07,32.16163930954571,146.78475338781894,True,True
49141.58390162245,1.0486502328411299e-07,30.884482147277602,147.42475170486736,True,True
48104.54695370518,1.0119531032363014e-07,32.69441841120169,144.31364086111557,True,True
47958.10007475254,1.0038461864309666e-07,33.059097137794865,143.8743002242576,True,True
48834.903663713456,9.747667495143389e-08,33.43405787264229,146.50471099114037,True,True
45253.10053582639,1.0020670890731593e-07,35.09740380460409,135.75930160747916,True,True
45248.085352119386,1.0069046092142597e-07,34.93265508130595,135.74425605635815,True,True
47219.44780579025,1.0238203858523571e-07,32.9211846624157,141.65834341737076,True,True
46120.51308585445,9.716499045261337e-08,35.51535737825173,138.36153925756338,True,True
47781.09378385396,1.0468605509119009e-07,31.818170883495856,143.34328135156187,True,True
47664.105013304834,1.047059160616412e-07,31.890216540149275,142.9923150399145,True,True
45928.28076882303,1.017772624684666e-07,34.04780958736975,137.7848423064691,True,True
46063.1373962579,1.0041517835944899e-07,34.40861982682859,138.1894121887737,True,True
47153.32845813954,1.0127979189356543e-07,33.32613714539075,141.4599853744186,True,True
44965.2638481679,9.780593527245246e-08,36.18909937661693,134.8957915445037,True,True
48470.5588127217,9.677580257763317e-08,33.92933308737716,145.4116764381651,True,True
47238.51546538962,9.805661336554207e-08,34.35951311191956,141.71554639616883,True,True
48544.783081715315,9.897365010531123e-08,33.12515961906892,145.63434924514596,True,True
45284.922420644725,9.907666066857956e-08,35.47277327403173,135.85476726193417,True,True
46410.74839032844,9.870166616245142e-08,34.74378077290655,139.23224517098532,True,True
48671.88121952032,1.0292941359024108e-07,31.76892362760728,146.01564365856095,True,True
48167.66197424255,1.0032472235245808e-07,32.9349189239523,144.50298592272765,True,True
44978.70305551481,1.0335104027029192e-07,34.23720874516613,134.9361091665444,True,True
49223.07258663901,9.964746864215347e-08,32.44779139737859,147.66921775991705,True,True
48370.528846853646,1.0293495172594246e-07,31.965126745034482,145.11158654056095,True,True
44788.525145822656,9.972486577166488e-08,35.6327966605857,134.36557543746795,True,True
45271.04404149769,9.528476540700344e-08,36.89573380281668,135.81313212449308,True,True
49230.226528338,9.636858698608255e-08,33.546931844407105,147.690679585014,True,True
48877.46459544325,1.0304575040974306e-07,31.599584749524965,146.63239378632974,True,True
47379.18120710739,9.944444117267891e-08,33.77941071166019,142.13754362132215,True,True
47255.35955843024,1.030846415193982e-07,32.671952925087645,141.76607867529074,True,True
47380.97016937217,1.0348598586979474e-07,32.458963026224,142.14291050811653,True,True
47896.15737042496,9.531274380953171e-08,34.86329956366639,143.68847211127488,True,True
45035.236516705525,9.891532937222092e-08,35.727619644151225,135.1057095501166,True,True
48358.83651627752,9.86479875441254e-08,33.362305759684766,145.07650954883258,True,True
47650.86066977254,9.649285060967305e-08,34.614195782057166,142.95258200931764,True,True
47590.753782652326,9.549819123195079e-08,35.018892099042624,142.77226134795697,True,True
45382.51398128678,9.991253771408647e-08,35.1003616863343,136.14754194386035,True,True
46485.51643971561,1.0149885261641362e-07,33.7319415099774,139.45654931914683,True,True
44861.89476352875,9.896497712763002e-08,35.847674768812716,134.58568429058624,True,True
44877.94981885603,9.639599054495559e-08,36.78986147748745,134.6338494565681,True,True
47769.67957981165,9.505519736506473e-08,35.05031581908308,143.30903873943495,True,True
44701.541438802466,9.682569500048327e-08,36.771132822054994,134.1046243164074,True,True
45472.888966631486,9.579569976836098e-08,36.5360481477538,136.41866689989445,True,True
48177.35546457802,9.744254429414599e-08,33.902252903762026,144.53206639373406,True,True
47256.90092240419,9.776192282106058e-08,34.449677395544875,141.77070276721258,True,True
47538.69438215963,9.532374724695171e-08,35.12139643601322,142.6160831464789,True,True
46761.87644781322,9.923016014380395e-08,34.29924096508594,140.28562934343967,True,True
48673.857129748,1.0456687535773506e-07,31.270169684625355,146.021571389244,True,True
45298.55496472448,9.576629090751105e-08,36.68792218768996,135.89566489417342,True,True
45967.073097758424,1.0137237392277545e-07,34.15495074502662,137.9012192932753,True,True
44827.53363667975,9.878066088426731e-08,35.94209262791499,134.48260091003925,True,True
45592.39211958632,9.659271521256688e-08,36.13960306845912,136.77717635875896,True,True
48447.762636839056,1.0272173128985751e-07,31.980413549737452,145.34328791051718,True,True
47741.89636242778,1.0338090000085988e-07,32.246319839735776,143.22568908728334,True,True
45592.181601438526,9.715915640510226e-08,35.92907384989143,136.7765448043156,True,True
46769.16875690159,9.982954503178506e-08,34.08798959862481,140.30750627070478,True,True
45369.416998842375,1.0320351448031255e-07,33.990882958499505,136.10825099652712,True,True
46546.81691880756,9.546946680381325e-08,35.81505704982903,139.6404507564227,True,True
47349.40876403112,9.61409264589311e-08,34.96208048737041,142.04822629209335,True,True
47987.40128046918,1.039796684821851e-07,31.8966058280953,143.96220384140753,True,True
45401.12261526752,9.599602861609315e-08,36.517435723129104,136.20336784580255,True,True
46264.72301662026,1.0278195785085445e-07,33.46981247502052,138.79416904986078,True,True
48032.43820470307,9.820688428139732e-08,33.739882525736746,144.09731461410922,True,True
49276.82874070789,1.0470428281872495e-07,30.847000083279465,147.83048622212365,True,True
48237.75788077955,9.888606231362193e-08,33.36552285531709,144.71327364233866,True,True
47447.36008623495,9.864881371122413e-08,34.00291977194571,142.34208025870484,True,True
47987.10308994933,1.0212954047095949e-07,32.4746306863675,143.961309269848,True,True
47819.550695977974,1.0075879948760326e-07,33.03175556011897,143.45865208793393,True,True
44918.470961402985,9.566035836565078e-08,37.03933355071971,134.75541288420894,True,True
45900.37326376807,9.580603802266643e-08,36.19187087124227,137.70111979130422,True,True
49327.34165174432,1.0128437825640672e-07,31.855905477872202,147.98202495523296,True,True
44852.50642677567,1.0341244324980586e-07,34.31315211339708,134.557519280327,True,True
44803.016135207785,9.5201655251544e-08,37.313705588535434,134.40904840562337,True,True
47696.76654912329,9.684848502362881e-08,34.45389784184039,143.09029964736987,True,True
45295.88588540646,9.528799217074561e-08,36.874250170078476,135.88765765621937,True,True
48700.265282068576,1.0421414065296124e-07,31.35899623811108,146.10079584620573,True,True
44874.728274685396,9.839340778898902e-08,36.045603191766624,134.6241848240562,True,True
47770.73799444182,9.892577424099106e-08,33.67818847567937,143.31221398332548,True,True
46155.53401926294,1.0489865342285256e-07,32.87202346800059,138.46660205778883,True,True
45468.2646132123,1.0015528085322017e-07,34.94925316631682,136.40479383963688,True,True
47889.4178430895,1.0084043428283652e-07,32.95686299661366,143.6682535292685,True,True
47043.16155243095,1.0370624501849885e-07,32.622611262534974,141.12948465729286,True,True
45717.82564726166,1.0087584004858325e-07,34.5101939638662,137.153476941785,True,True
48159.09582678868,9.539490628260506e-08,34.643089943792035,144.47728748036607,True,True
48877.52045551421,9.721263927989653e-08,33.49563622481044,146.63256136654266,True,True
45898.26515714166,1.0420115080277703e-07,33.277550081796136,137.69479547142495,True,True
46519.91559577175,9.743112240398866e-08,35.11425898236221,139.55974678731525,True,True
47142.80735148694,1.0133997032715287e-07,33.31378032931104,141.4284220544608,True,True
46277.653118820905,1.0367211895327814e-07,33.17315897950766,138.83295935646274,True,True
46127.96771435448,1.024219339361696e-07,33.68703894392325,138.38390314306346,True,True
45644.84888439693,9.914283646607603e-08,35.16956673756488,136.9345466531908,True,True
45721.93369535337,9.816042168472287e-08,35.461665321995575,137.1658010860601,True,True
46129.47429244102,9.830332448254931e-08,35.09727681788229,138.38842287732305,True,True
46250.929215227545,9.563442451740984e-08,35.98201003569618,138.75278764568264,True,True
46104.32562764845,9.97076492453193e-08,34.62182688182949,138.31297688294535,True,True
46541.899531962525,9.826881949043978e-08,34.79848112834097,139.62569859588757,True,True
45632.38420544647,9.855024710924434e-08,35.39070822276313,136.8971526163394,True,True
49223.95431656199,1.0355508882223658e-07,31.222824440200274,147.671862949686,True,True
47776.30105302214,1.0389505421145082e-07,32.06363344224377,143.32890315906644,True,True
45439.82893233058,9.615376938477054e-08,36.426473615027085,136.31948679699175,True,True
46443.61982718813,1.0257889742017946e-07,33.40688972911731,139.3308594815644,True,True
45240.55697108142,1.0295629545025203e-07,34.16955171360626,135.72167091324428,True,True
48092.68730392332,9.686984875061693e-08,34.16272184440638,144.27806191176995,True,True
49198.680520643,9.691284741617187e-08,33.37992237444297,147.596041561929,True,True
44976.48327766011,1.027418487377687e-07,34.441912624932414,134.92944983298034,True,True
49230.24822075145,9.6622463210288e-08,33.4587722942066,147.69074466225436,True,True
47731.93462066062,1.0028001808552535e-07,33.25038596901832,143.19580386198186,True,True
46089.62802330699,9.685551159963191e-08,35.652713489027505,138.26888406992097,True,True
45611.32181759981,1.0022434541838531e-07,34.81562892466058,136.83396545279945,True,True
46042.73471469199,1.0011642788393915e-07,34.52658901244038,138.12820414407597,True,True
47852.05416373007,9.984236713341953e-08,33.31230444989269,143.5561624911902,True,True
45067.048339583154,9.655100416883035e-08,36.576674856755965,135.20114501874946,True,True
47415.90777762058,9.563656420218511e-08,35.09716978680827,142.24772333286177,True,True
45014.40992656079,9.601871755105765e-08,36.82244896845118,135.04322977968235,True,True
47686.082840894494,1.0356635406655738e-07,32.226251719654044,143.05824852268347,True,True
45749.671181588004,1.0126122131920127e-07,34.35492410900321,137.249013544764,True,True
49187.776032373884,1.0319862158867636e-07,31.353718023692096,147.56332809712165,True,True
45208.259601175334,1.0326118370146168e-07,34.09300203024974,135.624778803526,True,True
49228.690959423264,1.0458920018540047e-07,30.911138581600426,147.68607287826978,True,True
46923.52368233584,9.836708092151242e-08,34.48099029342282,140.7705710470075,True,True
46531.89949514121,9.772378806574018e-08,35.00008161644863,139.59569848542364,True,True
46348.49970192516,1.0069242227327916e-07,34.10261346578368,139.0454991057755,True,True
49152.66062385583,9.973787673682273e-08,32.464818710166654,147.4579818715675,True,True
47310.21627977505,9.931481176104817e-08,33.87280597062338,141.93064883932516,True,True
47545.50716161477,1.0480976380614244e-07,31.93808740114817,142.6365214848443,True,True
45867.31568651285,1.015640681374335e-07,34.164629787397175,137.60194705953853,True,True
47039.99046039253,9.526871066869975e-08,35.514247662840624,141.1199713811776,True,True
44718.15092746052,9.994512107746936e-08,35.61022320155528,134.15445278238155,True,True
48550.74837811364,9.90518759471185e-08,33.094932367776224,145.65224513434092,True,True
44718.89171603635,1.0177899702913117e-07,34.968011238030385,134.15667514810906,True,True
47861.94288512042,1.0108947350592023e-07,32.89454418385648,143.58582865536127,True,True
48167.46012353338,9.879488325292016e-08,33.44505640866032,144.50238037060015,True,True
49037.80472718583,1.0495590914452799e-07,30.923042464104785,147.1134141815575,True,True
47618.18867536194,9.809122303076891e-08,34.07352859626082,142.85456602608582,True,True
47551.86328877636,9.528144079682196e-08,35.12726012577545,142.65558986632908,True,True
46590.2822251387,9.752581837437094e-08,35.0271810430967,139.7708466754161,True,True
46488.19311874596,9.502369235824503e-08,36.02844872987728,139.4645793562379,True,True
47219.672599413396,1.0346250809809633e-07,32.57723028930646,141.6590177982402,True,True
46666.366307232944,1.0412032617666824e-07,32.755227939669545,139.99909892169885,True,True
45979.487465555365,1.026311218029193e-07,33.72693920731183,137.9384623966661,True,True
45287.87195952807,9.502086280403744e-08,36.984457104145974,135.86361587858423,True,True
46205.14637798546,1.0287809716985954e-07,33.48165046727629,138.6154391339564,True,True
46863.12565457041,1.0418662740901454e-07,32.59694503656598,140.58937696371123,True,True
44866.8882686943,1.0176464889581215e-07,34.85758081238043,134.6006648060829,True,True
49273.209461799845,9.619832036429796e-08,33.57699229010231,147.81962838539954,True,True
46501.672063137914,1.0149814046182496e-07,33.720458945357066,139.50501618941374,True,True
46986.46081725722,9.602209901182581e-08,35.275745661667955,140.95938245177166,True,True
45106.9412632054,1.0442862410328266e-07,33.7875885878324,135.3208237896162,True,True
49003.01640753074,9.729844011355539e-08,33.38039256530855,147.00904922259224,True,True
45818.60515153621,1.0395206962386274e-07,33.4152817576654,137.45581545460863,True,True
47504.8251754918,9.910224820039004e-08,33.80639804248502,142.51447552647542,True,True
46021.11683062981,1.047109737146791e-07,33.02712572405035,138.06335049188945,True,True
49068.67982222319,9.593023652064219e-08,33.811173385703256,147.20603946666958,True,True
49137.335706140715,1.005135937203275e-07,32.22431736216893,147.41200711842214,True,True
46773.88330589459,1.0050302732561127e-07,33.8561492204388,140.32164991768377,True,True
46888.355646543685,1.0253239014551814e-07,33.105034724840976,140.66506693963103,True,True
47359.06567985505,9.58470042779709e-08,35.06214345839746,142.07719703956514,True,True
47772.975767253985,1.0127043756631417e-07,32.89691335350875,143.31892730176196,True,True
46952.35191775253,9.883566508144381e-08,34.296443846059184,140.8570557532576,True,True
45812.722068469906,9.790957985195228e-08,35.48206176558775,137.43816620540971,True,True
48697.130627206185,9.724203468824375e-08,33.60955188756683,146.09139188161856,True,True
44665.25699072593,1.0138706754450184e-07,35.14533866015096,133.9957709721778,True,True
48774.082835495625,9.67443953473027e-08,33.729135144600015,146.32224850648686,True,True
48375.75243037641,1.0156654310049282e-07,32.39229563531402,145.1272572911292,True,True
45232.49190566898,9.807804553716769e-08,35.875487783325184,135.69747571700697,True,True
48900.03854529594,9.730860097938128e-08,33.44719494938427,146.7001156358878,True,True
47161.91787363358,1.0280185718168137e-07,32.826736827083685,141.48575362090074,True,True
45446.04137931054,9.830328953552387e-08,35.62509418052136,136.33812413793163,True,True
47177.44347992666,9.957341796015676e-08,33.87991512262806,141.53233043977997,True,True
46409.51778594342,9.774896238702822e-08,35.08333897907721,139.22855335783026,True,True
45966.720587412565,1.0377539608407171e-07,33.36431486806441,137.9001617622377,True,True
48578.9102045803,1.0015723866832275e-07,32.71071380286612,145.7367306137409,True,True
47778.85111707908,1.013886835345425e-07,32.854506264000875,143.33655335123723,True,True
48541.80695071813,1.023208953665838e-07,32.04349369916942,145.62542085215438,True,True
45717.45495260868,9.872205615343431e-08,35.26337648601595,137.15236485782603,True,True
48439.28288357955,1.0061406050861931e-07,32.656057368338764,145.31784865073865,True,True
46621.95714311421,1.008376154891335e-07,33.853771883643766,139.86587142934266,True,True
46737.137726921064,9.599276738185957e-08,35.474763404092315,140.2114131807632,True,True
46823.268344882716,1.0315379767222563e-07,32.951347964494396,140.46980503464815,True,True
45806.77776897277,9.945335316905725e-08,34.935821376598405,137.42033330691834,True,True
49327.507340411285,9.822366058416584e-08,32.84844734210598,147.98252202123385,True,True
47597.84337822209,9.581842179949143e-08,34.89665843148832,142.79353013466627,True,True
48928.96132320754,9.707113484833369e-08,33.50919757427748,146.78688396962264,True,True
46681.51794826669,9.643882614082645e-08,35.352753618558125,140.04455384480008,True,True
46870.565694406956,9.78285651647086e-08,34.709971143556864,140.6116970832209,True,True
44993.01459006698,1.0087979386335994e-07,35.06475857505383,134.97904377020095,True,True
48716.2747042865,9.740203300820827e-08,33.541156977342595,146.1488241128595,True,True
45918.01318063272,1.0129550738552135e-07,34.21738837166131,137.75403954189815,True,True
45871.217943140284,9.566392016572023e-08,36.26867473038304,137.61365382942085,True,True
45865.93879270889,9.89817505226883e-08,35.056997229571394,137.59781637812668,True,True
48211.43412153518,9.697724384915348e-08,34.04083810916264,144.63430236460556,True,True
47396.38042048639,9.578025898424322e-08,35.05895346948942,142.18914126145918,True,True
47654.02752250645,9.936882018771e-08,33.61014506128921,142.96208256751936,True,True
48603.62002847464,9.922153261825906e-08,33.00240454525357,145.8108600854239,True,True
45000.023479174044,9.505308268867522e-08,37.20841626348533,135.00007043752214,True,True
44759.94411699761,9.735328505635338e-08,36.52413885762542,134.27983235099282,True,True
48122.36699901672,1.0152912806590455e-07,32.574855230854936,144.36710099705016,True,True
46693.6436507867,9.510930635653554e-08,35.83763588866824,140.0809309523601,True,True
47657.63891196215,9.936410034059892e-08,33.60919453816603,142.97291673588646,True,True
45507.78559051145,1.030568181474611e-07,33.935769300405255,136.52335677153434,True,True
47996.56751188985,9.630600084221884e-08,34.43155231561141,143.98970253566955,True,True
48756.92115163929,9.931241209815522e-08,32.86853353693158,146.27076345491787,True,True
49128.03713479146,9.926898574877756e-08,32.634512864586604,147.38411140437438,True,True
45310.20098330158,1.0299216305515566e-07,34.10514997873904,135.93060294990474,True,True
44707.226816827366,1.0321947856572481e-07,34.48901088481318,134.1216804504821,True,True
46588.06921179239,9.933759503811994e-08,34.389968508128085,139.76420763537718,True,True
44766.34741365179,1.0439134050409428e-07,34.05681234873901,134.29904224095537,True,True
46272.28983630341,1.0200110401506342e-07,33.7205203457794,138.81686950891023,True,True
49309.674217283995,9.629857599143994e-08,33.51723106314149,147.929022651852,True,True
47829.44438298932,9.581594081274759e-08,34.72858011878632,143.48833314896797,True,True
48436.3678153014,1.0338811063553781e-07,31.781761501745898,145.30910344590419,True,True
46879.39476820175,1.0061625791841633e-07,33.74193421278408,140.63818430460526,True,True
47549.14553209041,1.0161093146569233e-07,32.94101540218524,142.64743659627123,True,True
45604.71730284329,9.794273699495967e-08,35.631829990623345,136.81415190852985,True,True
48200.67378427307,9.967249955273652e-08,33.12772962611529,144.6020213528192,True,True
45812.3090872836,9.820110310505789e-08,35.37704737567923,137.4369272618508,True,True
48042.257394849395,9.754900414910863e-08,33.96048514604016,144.1267721845482,True,True
46437.27286834328,1.0078817127643295e-07,34.0050845801924,139.31181860502983,True,True
45865.76358473065,1.0411132872391244e-07,33.32986190698664,137.59729075419196,True,True
45794.39863538529,9.890915955178407e-08,35.13753245314369,137.38319590615586,True,True
45450.84945983573,9.915454746196412e-08,35.31551065428878,136.3525483795072,True,True
47223.517033732656,9.715324280898576e-08,34.690016136192746,141.670551101198,True,True
45638.99761406522,9.732658766989007e-08,35.83047266998046,136.91699284219567,True,True
48579.38186678832,9.717911559791913e-08,33.712829552951035,145.73814560036496,True,True
46265.64501588193,9.646336865943053e-08,35.661457270459216,138.79693504764577,True,True
45172.55958983174,9.521586999275636e-08,37.00292813443825,135.51767876949523,True,True
49120.451898198415,9.870066644266295e-08,32.82749115310515,147.36135569459523,True,True
44929.03887487852,9.782259637438473e-08,36.21210891043046,134.78711662463556,True,True
45754.36010201725,1.0279206174998225e-07,33.83982190567723,137.26308030605176,True,True
45677.253496084624,9.991539863418997e-08,34.87287263693087,137.0317604882539,True,True
48903.94649553241,1.0149958690782947e-07,32.06357543819701,146.71183948659723,True,True
48251.81677557687,1.0498916635238247e-07,31.41680195343845,144.75545032673062,True,True
46820.69035233161,9.532798279711158e-08,35.65840518773669,140.46207105699483,True,True
44940.85429833776,9.6289793758999e-08,36.77888435711785,134.8225628950133,True,True
46607.996103122896,9.884738113460205e-08,34.545742624206,139.82398830936867,True,True
44715.59057386398,1.0414794611614738e-07,34.175151691217465,134.14677172159193,True,True
45163.566197055254,9.961325685746455e-08,35.37649196033281,135.49069859116577,True,True
46282.53654765825,9.788181244791734e-08,35.13184649144689,138.84760964297476,True,True
47128.822067663765,1.035050433462807e-07,32.626616251440694,141.3864662029913,True,True
45250.74160504541,1.0356679520027447e-07,33.96048570744329,135.75222481513623,True,True
48760.59548989703,9.618802174660364e-08,33.93361576318042,146.2817864696911,True,True
48048.99103846802,9.839769799794255e-08,33.66285301798083,144.14697311540405,True,True
46639.73936304932,1.0445506812463875e-07,32.668899148798474,139.91921808914796,True,True
45114.29253599952,1.013301316567295e-07,34.81507807058123,135.34287760799856,True,True
45539.65360324839,9.588795869393533e-08,36.44738174402616,136.61896080974518,True,True
46270.62707996896,9.508114037749872e-08,36.175984960677205,138.81188123990688,True,True
48882.24354056283,1.0372458221601896e-07,31.38971025709279,146.64673062168848,True,True
47505.38259539001,9.963033560402142e-08,33.62681373635237,142.51614778617002,True,True
46418.64834103424,1.0051166359532341e-07,34.112313974413595,139.25594502310273,True,True
45406.745244765814,1.0278017263241428e-07,34.102829680422985,136.22023573429746,True,True
45786.40170633165,1.0099815831242638e-07,34.416774225036576,137.35920511899496,True,True
48158.98391831021,1.0373553984537534e-07,31.85776063687828,144.47695175493064,True,True
46980.347165713225,1.0060406584301866e-07,33.67350916068785,140.94104149713968,True,True
46049.54455864303,1.0018426584477621e-07,34.4981075954823,138.1486336759291,True,True
45419.95963860188,9.589462640097953e-08,36.54088959878163,136.25987891580564,True,True
48852.94370648619,1.0273412895896434e-07,31.711344134839365,146.55883111945857,True,True
48221.05756890919,9.839247813925726e-08,33.54451381578461,144.66317270672758,True,True
49138.6906943082,9.955675808711909e-08,32.53312674398984,147.4160720829246,True,True
45338.136289020375,1.0037418592955567e-07,34.97312434287822,136.01440886706112,True,True
49256.28032044651,9.59754119049467e-08,33.66654385172712,147.76884096133952,True,True
46274.34203599173,1.0090699250460911e-07,34.08463258791729,138.8230261079752,True,True
47221.498694540634,1.0230056350289071e-07,32.94597308452678,141.6644960836219,True,True
45961.21788470082,9.739223537336956e-08,35.55529362441691,137.88365365410246,True,True
49335.054942257,1.0490444783426087e-07,30.751805081848005,148.005164826771,True,True
46859.94021600399,1.0398914138866802e-07,32.66107004953144,140.57982064801197,True,True
46519.71949184492,9.50829435738401e-08,35.98159626329366,139.55915847553476,True,True
48721.73245553402,9.981960206032963e-08,32.725144647975,146.16519736660206,True,True
45545.16676980635,1.0447027113127714e-07,33.44915208645529,136.63550030941903,True,True
45687.46174081093,9.508193946091757e-08,36.637435698829584,137.0623852224328,True,True
47077.72329640441,1.012543333885888e-07,33.388050434730026,141.23316988921323,True,True
47477.374157094,9.520646729032709e-08,35.21007820689243,142.43212247128199,True,True
48417.41593507405,1.00372982421624e-07,32.749275428957304,145.25224780522217,True,True
45361.643717805884,9.725402073162457e-08,36.07644898288288,136.08493115341767,True,True
46765.95262683602,1.0474767703876559e-07,32.48971829247869,140.29785788050805,True,True
46498.392036736106,1.003036411985394e-07,34.12443723303607,139.49517611020832,True,True
49020.842645691766,9.763986080993702e-08,33.251573982061466,147.06252793707532,True,True
46361.353510329434,1.0120674265708554e-07,33.91990113202003,139.08406053098832,True,True
45289.518825342624,9.518580216974943e-08,36.91902735201935,135.8685564760279,True,True
48055.71050923602,9.828225137100123e-08,33.697682381844416,144.16713152770808,True,True
48536.79368562273,9.960917386486392e-08,32.91923314740106,145.6103810568682,True,True
46385.88603125352,1.0010706425628053e-07,34.27437543586387,139.15765809376055,True,True
49311.66555642052,1.0139490258737134e-07,31.831297219531486,147.93499666926158,True,True
44979.95203125032,1.0098304993564651e-07,35.03907723599897,134.939856093751,True,True
48902.60603044977,1.0124692235756098e-07,32.14447208018891,146.70781809134934,True,True
48100.161105271676,9.793307487700093e-08,33.78657820513776,144.30048331581503,True,True
45425.752065069064,1.0228993128974734e-07,34.25193558246805,136.2772561952072,True,True
46547.66311185563,1.0386251576718324e-07,32.920271728151654,139.6429893355669,True,True
48723.00629279555,9.882585671928756e-08,33.05334879705891,146.16901887838665,True,True
45165.437153466315,1.040708694886253e-07,33.85982666447789,135.49631146039894,True,True
44876.73920461147,9.854846296401485e-08,35.987276732177634,134.63021761383442,True,True
48604.80718566479,1.0042634995118183e-07,32.605677502190844,145.81442155699438,True,True
45153.94079851087,9.601563490701574e-08,36.70984192015264,135.4618223955326,True,True
46636.404842569435,1.0173890006615373e-07,33.543473284090794,139.9092145277083,True,True
45520.530237587256,1.0424996653176626e-07,33.53797952123342,136.56159071276178,True,True
49349.78492817055,1.0498110223839516e-07,30.72017879767194,148.04935478451165,True,True
44671.966924451925,9.67069745903128e-08,36.840647929773304,134.01590077335578,True,True
46624.04148931469,9.678996060701867e-08,35.26792446592911,139.87212446794405,True,True
46951.91289657464,9.544881822287917e-08,35.513729723139875,140.85573868972392,True,True
45798.74512400876,9.5336740105351e-08,36.45073208776055,137.39623537202627,True,True
45411.06533260961,9.946526438360855e-08,35.236032333347076,136.23319599782883,True,True
47386.31874639195,1.040271975197615e-07,32.2864474631132,142.15895623917586,True,True
47769.60946441873,9.953011182705907e-08,33.47448844337826,143.3088283932562,True,True
45763.80467354301,9.771691626801687e-08,35.59002189680779,137.29141402062902,True,True
47999.677363095434,9.742575751171631e-08,34.033610340023586,143.9990320892863,True,True
46557.19804320753,9.604296730559139e-08,35.593256721884025,139.6715941296226,True,True
44945.67299481233,9.581892064597302e-08,36.9556605640979,134.837018984437,True,True
47499.62863284784,1.0247700258297121e-07,32.696668449679336,142.4988858985435,True,True
47996.498617055266,1.0061455621684378e-07,32.95715839506924,143.9894958511658,True,True
49192.115718523266,1.0012743362625466e-07,32.31257326155305,147.5763471555698,True,True
46713.6672940553,9.658706350640705e-08,35.274202664121624,140.1410018821659,True,True
47805.98918651622,9.900847868131383e-08,33.625243293977526,143.41796755954866,True,True
48964.04062301257,9.576702217286835e-08,33.94117700403927,146.8921218690377,True,True
45282.52770173741,9.958269806517134e-08,35.2943819643246,135.8475831052122,True,True
45506.267696314055,1.0153740173015442e-07,34.444736631576156,136.51880308894218,True,True
48815.715200808816,1.0401246915100767e-07,31.345490407979135,146.44714560242645,True,True
45327.81340084968,9.799338049718245e-08,35.830974709585284,135.98344020254905,True,True
45178.820223228795,1.017134719869019e-07,34.63432808737563,135.5364606696864,True,True
49199.304027090264,1.0341200779904662e-07,31.281689583344495,147.5979120812708,True,True
45846.90635392334,1.0088876677700857e-07,34.40862216901712,137.54071906177,True,True
46527.56938982341,1.0061919606277033e-07,33.9960863062807,139.58270816947024,True,True
47070.56120397962,9.658759181961105e-08,35.00655849702501,141.21168361193887,True,True
45755.69541948871,1.0100604686750267e-07,34.437181303096736,137.26708625846612,True,True
46752.95925355029,9.604517412569185e-08,35.44340835599029,140.25887776065088,True,True
44786.27373605905,1.0467469500542558e-07,33.94950897534092,134.35882120817712,True,True
47306.000629930924,9.910209130741521e-08,33.94853823858893,141.91800188979278,True,True
47243.839195002205,1.0013598283837224e-07,33.64223066755447,141.73151758500663,True,True
47814.77699350325,1.018305058361021e-07,32.68737880333144,143.44433098050973,True,True
48590.81439303295,1.0331293169615843e-07,31.703796231525462,145.77244317909887,True,True
46211.33827116407,9.803123760670488e-08,35.132341886205914,138.63401481349223,True,True
48599.7507670406,1.0418523987884229e-07,31.432570156646737,145.79925230112178,True,True
45382.66717082802,9.574610429628729e-08,36.62764557104374,136.1480015124841,True,True
44911.186390381416,9.802544212664667e-08,36.15153932220657,134.73355917114424,True,True
45763.23256722946,1.0090553138757836e-07,34.46580795613118,137.2896977016884,True,True
45051.4680766861,9.741308592758586e-08,36.26551777488025,135.1544042300583,True,True
48582.43170890992,1.036818628414025e-07,31.59643550668129,145.74729512672977,True,True
45043.66175134643,9.549484346843341e-08,37.000408758443854,135.1309852540393,True,True
48845.339109872235,1.0359086575406115e-07,31.45397519203647,146.53601732961673,True,True
44886.04354040604,1.0138425465834115e-07,34.97343522787266,134.6581306212181,True,True
46280.889718730374,9.923483910823904e-08,34.65407112088359,138.8426691561911,True,True
47645.58234545589,9.750783880582379e-08,34.25768103826199,142.93674703636768,True,True
46183.00414984964,1.0028843788644441e-07,34.362684533632375,138.5490124495489,True,True
45019.093096036166,9.724656641788145e-08,36.35374139450158,135.0572792881085,True,True
46916.225439216134,1.0045319227452423e-07,33.7701760384137,140.7486763176484,True,True
49328.52386901934,9.773751809313523e-08,33.011153915001216,147.98557160705803,True,True
48382.26068669932,9.717955846397467e-08,33.85002961584366,145.146782060098,True,True
46891.0038754942,1.0398003520461198e-07,32.64229166632059,140.6730116264826,True,True
47347.13669767407,1.0060641957093978e-07,33.411864995932255,142.04141009302222,True,True
48203.04829397424,9.565059562494978e-08,34.51897962710565,144.60914488192273,True,True
46637.27894560627,1.0378001779316165e-07,32.88313286630216,139.9118368368188,True,True
44967.42951253384,1.0342461901253283e-07,34.2214288982288,134.90228853760152,True,True
47122.56263120026,9.63423998583758e-08,35.056921088606025,141.36768789360076,True,True
46414.85150974361,1.0321075700417394e-07,33.222950783195905,139.24455452923084,True,True
48704.09242485637,1.0414279430990743e-07,31.3780138566119,146.1122772745691,True,True
48993.43887615258,9.585046404940018e-08,33.891281282605625,146.98031662845773,True,True
47521.55882081392,9.845774368766342e-08,34.01571268076541,142.56467646244178,True,True
48186.80613209634,9.696229266334643e-08,34.06348781826519,144.56041839628904,True,True
46400.1641999108,9.516099404167438e-08,36.04471900500789,139.2004925997324,True,True
48853.04241788582,1.0376510070024984e-07,31.396208485415197,146.55912725365746,True,True
49055.10659149469,9.6227015540033e-08,33.716220970073785,147.1653197744841,True,True
45943.12379857515,9.847840597609973e-08,35.17698395315452,137.82937139572545,True,True
45094.155776233216,9.683788649313642e-08,36.446394236803926,135.28246732869965,True,True
45082.946885643556,1.0187184612102839e-07,34.65402295954938,135.24884065693067,True,True
45277.874747034824,1.0465598785167122e-07,33.58690736986,135.83362424110447,True,True
48134.695303564346,1.0234988261131712e-07,32.3053578186653,144.40408591069303,True,True
48213.54777379821,9.947879441043657e-08,33.183372956156475,144.6406433213946,True,True
49092.338916686545,1.0408584056746858e-07,31.146894659872505,147.27701675005963,True,True
48120.8006494903,9.834957921691729e-08,33.629064084487084,144.3624019484709,True,True
45676.46243936947,9.605109630045673e-08,36.276497087628734,137.0293873181084,True,True
48442.90506158009,1.0132679174017842e-07,32.423930532109694,145.32871518474028,True,True
46724.031085440714,9.778008319155465e-08,34.83609169468982,140.17209325632214,True,True
48502.084277485876,1.0053067446867673e-07,32.640825480028184,145.50625283245762,True,True
46471.68283741712,9.585199532574552e-08,35.72979909856211,139.41504851225136,True,True
45112.89399380758,9.80183052728593e-08,35.9925199720805,135.33868198142272,True,True
46090.62709222622,1.026445004501207e-07,33.64122713229791,138.27188127667867,True,True
48428.06319235735,9.952912278417851e-08,33.01967959888199,145.28418957707206,True,True
46700.92154153887,9.689154015081839e-08,35.1729521961027,140.1027646246166,True,True
46314.25996077353,9.50521624088572e-08,36.15292175613158,138.9427798823206,True,True
48094.6919842262,1.0008724339148689e-07,33.06315216816951,144.28407595267862,True,True
47062.661115599454,9.696382525628895e-08,34.8765815814218,141.18798334679835,True,True
46640.01934133806,9.70731088013284e-08,35.15300626074142,139.9200580240142,True,True
46476.45719652069,9.730876282615422e-08,35.19128824761376,139.4293715895621,True,True
47461.571949037985,1.0401066884115919e-07,32.24037795207581,142.38471584711397,True,True
45298.18696398989,1.0046614532339744e-07,34.971927717278156,135.89456089196966,True,True
47914.94343919051,9.767019732948024e-08,34.008469426451754,143.74483031757154,True,True
46118.497684319904,1.0006672206029165e-07,34.4869912132392,138.35549305295973,True,True
45803.32937496533,1.0088762355619364e-07,34.441748576903656,137.409988124896,True,True
48226.33476690537,9.647128686354238e-08,34.20879711677744,144.67900430071612,True,True
46209.37972886168,9.677598881536432e-08,35.589540038966845,138.62813918658503,True,True
46070.110322557644,9.608122272236339e-08,35.955253757124346,138.21033096767295,True,True
48970.876680800546,9.527098530485864e-08,34.11313209886093,146.91263004240164,True,True
46411.41470299762,1.0126973458506071e-07,33.86223763977369,139.23424410899287,True,True
46873.58340966707,9.707068945404715e-08,34.978715851011344,140.62075022900123,True,True
46236.73906610701,9.518844681287925e-08,36.161687939559116,138.71021719832103,True,True
48994.780038133125,9.663881204550157e-08,33.61388707608183,146.98434011439937,True,True
46977.06106325561,1.0182497998280708e-07,33.27208025479771,140.93118318976684,True,True
47644.01047294072,1.0149464171513437e-07,32.913093641298296,142.93203141882216,True,True
45330.16107878142,9.720086304956473e-08,36.121248113931884,135.99048323634426,True,True
45348.09149980106,1.0419265899044993e-07,33.68402616636588,136.0442744994032,True,True
45366.00138746276,9.684203057217042e-08,36.2264471013557,136.0980041623883,True,True
46232.58496288327,9.586422594725645e-08,35.90999835809952,138.69775488864983,True,True
47178.272069983344,9.568540193501533e-08,35.25594951176594,141.53481620995004,True,True
45739.52471167124,9.76551809802111e-08,35.63142529746975,137.21857413501374,True,True
48161.23484798357,1.007547834573519e-07,32.798716127418146,144.48370454395072,True,True
44973.80930823569,1.002901973907393e-07,35.285962758828546,134.92142792470707,True,True
49318.65012902479,9.534425359061403e-08,33.84655154365368,147.95595038707438,True,True
47299.61389207869,1.0061371883711499e-07,33.44300814066275,141.89884167623606,True,True
47372.209896336,9.507058149628279e-08,35.338681070257266,142.116629689008,True,True
48653.21617497259,1.0124214913642093e-07,32.31076359957788,145.95964852491778,True,True
47919.74541175527,1.0303535001560298e-07,32.23438426554927,143.75923623526583,True,True
46023.60007632052,1.0166814907645372e-07,34.01375877383943,138.07080022896156,True,True
45585.54301979256,9.693106699137071e-08,36.0188635255197,136.7566290593777,True,True
47326.20399462921,1.0277244513391869e-07,32.72214546893067,141.97861198388765,True,True
46830.595183969905,9.704515275646044e-08,35.02003745717923,140.49178555190971,True,True
46137.5239946608,1.043978224483774e-07,33.04261479062964,138.41257198398242,True,True
47763.20211234352,1.0239545677574886e-07,32.542132508064775,143.28960633703056,True,True
47806.981409194974,9.539289981755156e-08,34.89898193425989,143.42094422758493,True,True
44992.94380800006,1.03779768350007e-07,34.084978585085665,134.9788314240002,True,True
45654.90786853645,1.0430305398922427e-07,33.4222463646691,136.96472360560935,True,True
48818.69623833658,9.892500254689686e-08,32.95549844509498,146.45608871500977,True,True
47370.29715311263,9.619833692036214e-08,34.925807708657565,142.1108914593379,True,True
48009.003461212415,1.0159474193540583e-07,32.630686357137826,144.02701038363725,True,True
45138.707795841925,1.0130191909258405e-07,34.80593754869887,135.4161233875258,True,True
45093.05943756279,9.896056441535489e-08,35.66549583105761,135.27917831268837,True,True
48553.707816453716,9.958865417453599e-08,32.91454589237464,145.66112344936116,True,True
45959.6158484049,9.593309295519615e-08,36.09734788664063,137.8788475452147,True,True
48771.97647642587,9.680152593659749e-08,33.710684622065735,146.31592942927762,True,True
46852.74731323033,1.0465388119342462e-07,32.45859601538116,140.558241939691,True,True
48325.577695294625,9.701497755327825e-08,33.9472258483668,144.9767330858839,True,True
48031.00010309083,1.0001646416314866e-07,33.130424836947576,144.0930003092725,True,True
45208.18069365641,1.0389685279454028e-07,33.88447095009227,135.62454208096923,True,True
46869.33081649865,1.0361439382402013e-07,32.77262949653388,140.60799244949595,True,True
46057.678101263395,9.550148075885459e-08,36.183284427573554,138.1730343037902,True,True
45617.295989972095,9.670343648342948e-08,36.07851765939599,136.8518879699163,True,True
45523.82201472293,1.0422690024009733e-07,33.54297612799339,136.57146604416877,True,True
48262.31729155721,1.0040828150273573e-07,32.842970255090336,144.78695187467164,True,True
46264.02101914096,9.795330839754313e-08,35.12025382686167,138.79206305742287,True,True
48260.023907142044,1.0371574749127588e-07,31.797128152474894,144.7800717214261,True,True
48482.18006731295,9.77050845458257e-08,33.59857254513414,145.44654020193883,True,True
46027.44892058369,9.632604602377802e-08,35.89711060066423,138.08234676175107,True,True
46250.60340472356,1.0160813022410897e-07,33.86680825614942,138.7518102141707,True,True
48776.22645666932,1.0387357930065048e-07,31.41281353691831,146.32867937000796,True,True
47426.25016778889,9.997657066661039e-08,33.566271887301156,142.27875050336667,True,True
49247.937880552774,1.0230222297773236e-07,31.58980975725185,147.74381364165833,True,True
45026.87048094726,9.602617107880484e-08,36.80940151409046,135.08061144284179,True,True
46837.196618273,1.0294157641756629e-07,33.00946031941109,140.51158985481902,True,True
45538.48873838172,1.002428587163395e-07,34.86487195031148,136.61546621514518,True,True
48818.47082003269,9.977808187543477e-08,32.673887490004056,146.45541246009807,True,True
49283.82539855863,1.0231925800306913e-07,31.561551151117747,147.85147619567587,True,True
46931.660190142386,9.774317812281983e-08,34.69506920741902,140.79498057042716,True,True
47947.1575979307,1.0478536685913024e-07,31.677917759880238,143.84147279379212,True,True
49252.97788615927,9.9207391713422e-08,32.57193852728975,147.75893365847782,True,True
46070.15404028075,9.760578447054493e-08,35.39361406490143,138.21046212084227,True,True
46143.56717160886,1.0480431140791939e-07,32.91014666378902,138.43070151482658,True,True
46194.37367668195,1.0292285987542568e-07,33.47489344272652,138.58312103004585,True,True
45271.040356126796,9.571286569083788e-08,36.73071118223817,135.81312106838038,True,True
44946.84457773396,9.8819861149469e-08,35.832464900217346,134.84053373320188,True,True
44781.45288032633,1.0196179502328032e-07,34.85655640109206,134.34435864097898,True,True
46083.7576207678,1.0477303233240103e-07,32.9626967050412,138.2512728623034,True,True
45156.57969846812,1.0236246363766459e-07,34.43169178847148,135.46973909540435,True,True
47241.346954205495,1.0292187168250409e-07,32.73332966360809,141.7240408626165,True,True
46405.04544472659,9.877873177275032e-08,34.72094072636531,139.21513633417976,True,True
47963.71084341295,1.0463457678196477e-07,31.71262072246202,143.89113253023885,True,True
44732.39023627381,9.846131325770025e-08,36.135361409491885,134.19717070882143,True,True
44833.70210556022,9.8411456403139e-08,36.07197080156981,134.50110631668068,True,True
48040.43827763429,1.0127270043611067e-07,32.71303062237547,144.1213148329029,True,True
47022.660518051496,1.0302266490096813e-07,32.8533873650342,141.06798155415447,True,True
45486.31930810293,9.955948842226946e-08,35.144444208326426,136.45895792430878,True,True
45359.99693576861,9.829991628143019e-08,35.693897086009684,136.07999080730585,True,True
45119.049582878506,1.0372079016886275e-07,34.00903994007031,135.35714874863552,True,True
46076.987087224756,1.0422854445193132e-07,33.139762016400454,138.23096126167428,True,True
46664.3518820876,9.53245614630859e-08,35.77915481470634,139.9930556462628,True,True
45969.7425339201,9.553044160353547e-08,36.241509223726354,137.9092276017603,True,True
47629.18440006934,9.560515542957326e-08,34.951488418618275,142.887553200208,True,True
47700.040189710184,9.603241082919614e-08,34.744299097905824,143.10012056913055,True,True
45864.39367863076,9.799357960259075e-08,35.4117062361215,137.5931810358923,True,True
46661.724600496804,9.868666914245016e-08,34.562158263329216,139.98517380149042,True,True
46690.88670493957,9.986608556660494e-08,34.132648055231805,140.07266011481872,True,True
48570.84587483565,9.765885597586932e-08,33.55311399184421,145.71253762450695,True,True
48333.193324658816,1.0313068875579922e-07,31.92910344964407,144.99957997397644,True,True
49321.56024443471,9.695764947618278e-08,33.2813739217297,147.96468073330414,True,True
45159.19165808402,1.0165316619843684e-07,34.669937754119296,135.47757497425206,True,True
46702.63644331038,9.636806256007027e-08,35.36271541051154,140.10790932993115,True,True
47973.318913033334,1.0472287745505176e-07,31.67953511185823,143.91995673910003,True,True
46965.25937403552,1.0074449428663176e-07,33.63737410540093,140.89577812210658,True,True
45571.8323477499,9.65990148698534e-08,36.1535495921053,136.7154970432497,True,True
47507.38280132154,1.0440795314309771e-07,32.08672884780587,142.52214840396462,True,True
47482.10299520666,9.70608215667488e-08,34.53394737387367,142.44630898562,True,True
48628.0295212642,9.595209517035202e-08,34.10978623561688,145.88408856379263,True,True
47991.18813773603,9.862899929887215e-08,33.62435814317607,143.9735644132081,True,True
47909.49713426263,1.0460184945808088e-07,31.75843959545499,143.7284914027879,True,True
47177.609572767076,1.0234276163193048e-07,32.963025604665155,141.53282871830123,True,True
45812.3932802499,1.025680826069327e-07,33.87075788135684,137.43717984074968,True,True
47451.32171724125,9.936846005686003e-08,33.75384551049689,142.35396515172374,True,True
48925.60502215178,9.775555909964814e-08,33.27686943922165,146.77681506645536,True,True
45141.829971512554,1.0465966928217929e-07,33.686943870966104,135.42548991453768,True,True
48819.048703672815,1.0319275784778752e-07,31.592325838262095,146.45714611101846,True,True
47139.268551253226,1.0117370104209455e-07,33.37103335036646,141.4178056537597,True,True
48997.600226488015,9.802020852575006e-08,33.13825988934267,146.99280067946404,True,True
46243.64482276649,9.83471191010326e-08,34.995034996444694,138.73093446829947,True,True
48581.395338300514,9.726520367374002e-08,33.68159479513878,145.74418601490154,True,True
48461.79525041311,1.0345958599421538e-07,31.743140916117007,145.38538575123934,True,True
48257.37119952221,1.0005045675946211e-07,32.96380950921744,144.77211359856665,True,True
48256.40184080393,1.0184528678705564e-07,32.383535380006435,144.7692055224118,True,True
47274.306503644024,9.526823434690821e-08,35.33839726974692,141.82291951093205,True,True
45805.0553125757,1.0137418421066741e-07,34.27514868233531,137.4151659377271,True,True
48118.31352691272,9.726955655271555e-08,34.004218497012474,144.35494058073817,True,True
45964.78739270193,1.0456822681138055e-07,33.11274101204741,137.8943621781058,True,True
45134.289977831686,1.0256845437034538e-07,34.379511837304165,135.40286993349505,True,True
47875.131806315134,1.020477870833049e-07,32.576660179089636,143.6253954189454,True,True
46092.90659100729,9.942201566107e-08,34.72989518559832,138.27871977302186,True,True
45071.75805100685,9.771304312147139e-08,36.137915195337975,135.21527415302057,True,True
46193.3133992086,1.0287915049373976e-07,33.489884310772915,138.57994019762583,True,True
45649.43186211702,9.716160909926442e-08,35.88310833245766,136.94829558635104,True,True
46990.743575978355,9.612953433100133e-08,35.233109684045054,140.97223072793508,True,True
49038.92725536781,9.526299115125106e-08,34.06865251174375,147.11678176610343,True,True
45241.209857371534,1.0270388467434295e-07,34.25303438271825,135.72362957211462,True,True
44843.29092784334,1.0086701553657568e-07,35.18629048773592,134.52987278353004,True,True
48120.9914946141,1.0157268935876275e-07,32.56181564227518,144.3629744838423,True,True
44971.02639284456,1.020790763927264e-07,34.6697412140783,134.91307917853368,True,True
49299.950194258956,9.967274366489107e-08,32.38897751216124,147.89985058277688,True,True
48823.33269529991,9.825881872893388e-08,33.17578224142236,146.46999808589976,True,True
46148.422259080835,9.52869006093127e-08,36.19345753680714,138.4452667772425,True,True
44801.01793711272,1.0328004480125161e-07,34.39662503982451,134.4030538113382,True,True
46641.50319921749,9.800504044883157e-08,34.8176279809682,139.92450959765247,True,True
47383.16497416206,9.58675986794683e-08,35.03678242782374,142.14949492248618,True,True
45079.075673034655,1.0488561627957891e-07,33.6611690448962,135.23722701910395,True,True
46470.176374812014,1.031525639078e-07,33.20211762224763,139.41052912443604,True,True
49188.28878197772,9.938961345498374e-08,32.554978734773954,147.56486634593315,True,True
46689.19515819188,1.0141436867155577e-07,33.612766048137246,140.06758547457562,True,True
45305.62944848473,9.868651391619177e-08,35.59673415453858,135.9168883454542,True,True
47539.975031252485,9.510381541561581e-08,35.20166793695404,142.61992509375744,True,True
46132.55989252152,9.580909969844359e-08,36.0085653172615,138.39767967756458,True,True
49239.74066942913,1.0121874104892399e-07,31.933273703315923,147.71922200828737,True,True
48473.35948114703,9.684019823812344e-08,33.90481210926117,145.4200784434411,True,True
45618.08200298065,9.979283486326512e-08,34.96099224567828,136.85424600894194,True,True
45762.1873127671,1.0244152959854961e-07,33.9498064543492,137.2865619383013,True,True
49304.24830983957,1.0491164589308258e-07,30.76890842381694,147.9127449295187,True,True
47702.022908228144,1.0385329333397073e-07,32.12647393317479,143.10606872468443,True,True
47010.12058811153,9.753608648068254e-08,34.71070546056918,141.0303617643346,True,True
46272.503436606195,9.657004252187414e-08,35.6167848336943,138.8175103098186,True,True
48972.99948545346,9.862844913406405e-08,32.95044036371819,146.91899845636038,True,True
44983.62153733725,1.0186845240443587e-07,34.73169724441843,134.95086461201174,True,True
47660.81345830477,1.0217084198978634e-07,32.68373712120924,142.98244037491432,True,True
44989.61975774814,9.507954938752103e-08,37.206660734765975,134.96885927324442,True,True
47380.56493841823,1.00514333208337e-07,33.41888077781561,142.1416948152547,True,True
48705.3679674205,1.0063435186465845e-07,32.47110357718159,146.11610390226147,True,True
49027.26323896858,9.568902905739972e-08,33.925037210033246,147.08178971690575,True,True
48719.10104527991,1.0306575896073914e-07,31.69614608057954,146.15730313583975,True,True
46501.467928759885,1.0334627953346247e-07,33.11758215640656,139.50440378627965,True,True
46156.60239401443,9.765749808990674e-08,35.30861684175092,138.4698071820433,True,True
46302.062831266296,9.61128286741493e-08,35.76336973504439,138.9061884937989,True,True
48219.314543036046,1.0108537316554128e-07,32.652074637765054,144.65794362910813,True,True
45793.754741917604,9.71088776300337e-08,35.78944330804608,137.3812642257528,True,True
47912.91893068908,9.535067616611517e-08,34.837238753998285,143.73875679206725,True,True
45372.85847557989,9.972674228820997e-08,35.17323864358347,136.11857542673965,True,True
45582.48423520511,1.0004780314592405e-07,34.89912869889361,136.74745270561533,True,True
48074.50814784077,1.0225941884512552e-07,32.37441740162932,144.2235244435223,True,True
45642.85246838203,1.024570344416276e-07,34.03341835496786,136.92855740514608,True,True
46094.11663529174,1.0370363447916079e-07,33.29512563198865,138.28234990587524,True,True
46187.847820171606,1.0294633745652281e-07,33.471987847095924,138.56354346051484,True,True
46900.74417714536,9.833046769803484e-08,34.51058276179515,140.70223253143607,True,True
45530.85760071649,9.527437369856557e-08,36.68919631251132,136.59257280214948,True,True
47111.51806683983,9.634918754932511e-08,35.06266934045718,141.33455420051948,True,True
46853.32244470277,9.866252034550626e-08,34.42924771768804,140.5599673341083,True,True
46012.42301464297,1.0476873344705401e-07,33.01515450865811,138.03726904392892,True,True
48824.32595950731,1.0472560061144978e-07,31.126552036682085,146.47297787852193,True,True
48743.10808513038,9.887758511837924e-08,33.022432579261945,146.22932425539113,True,True
49329.208738286834,9.713714538247888e-08,33.21472383969418,147.9876262148605,True,True
48007.45737824925,9.998250110053263e-08,33.15793150125576,144.02237213474774,True,True
48610.38749286516,1.0249177905234932e-07,31.944935599469794,145.83116247859547,True,True
45805.41570768623,9.517975050617555e-08,36.505536942094615,137.4162471230587,True,True
48080.86322731346,9.877168595607914e-08,33.51316220207494,144.24258968194036,True,True
49146.681097650144,9.696270294657463e-08,33.398058661087184,147.44004329295043,True,True
44860.34763041384,1.0131578616938168e-07,35.017116273027874,134.5810428912415,True,True
46900.18463494981,9.752476354417887e-08,34.796108245732285,140.70055390484941,True,True
48035.9503802486,1.0035094362118281e-07,33.01659507843122,144.10785114074582,True,True
45073.772435731014,9.68581785485531e-08,36.45523701613224,135.22131730719306,True,True
46590.26475227837,9.989936502452413e-08,34.19496987661417,139.7707942568351,True,True
47913.60525723495,1.0091830262135832e-07,32.91480933614673,143.74081577170486,True,True
47809.41501300659,1.014065344098954e-07,32.82772306065379,143.42824503901977,True,True
47750.66027758644,1.0201821943316678e-07,32.671043891159655,143.2519808327593,True,True
46520.6382066603,9.52031713024513e-08,35.93544706513376,139.56191461998088,True,True
48562.50116616254,9.507064494249591e-08,34.472489260507786,145.68750349848762,True,True
48580.57127523348,9.90518298382804e-08,33.0746312725843,145.74171382570046,True,True
46144.05715543934,1.0218764527409854e-07,33.752501346007115,138.43217146631804,True,True
47641.53464161064,9.838866626676912e-08,33.953872662197995,142.92460392483193,True,True
49053.391874923975,9.554246901909087e-08,33.95897933768701,147.16017562477194,True,True
46534.12708846646,9.539026459352692e-08,35.8545690243989,139.6023812653994,True,True
46394.98707096291,9.512590966439357e-08,36.062036678700366,139.18496121288874,True,True
49288.53717586029,9.651599455644422e-08,33.456069093117776,147.86561152758088,True,True
48989.4640385008,1.0434840398370916e-07,31.133764254379834,146.9683921155024,True,True
45545.8763453391,9.59743624057443e-08,36.40959375844638,136.6376290360173,True,True
45339.45171332019,9.879869412980801e-08,35.529791863725556,136.0183551399606,True,True
44858.57721013472,9.82769211752302e-08,36.10132105902799,134.57573163040416,True,True
46290.79038757235,9.879630670115604e-08,34.800447276677865,138.87237116271706,True,True
48102.88925038983,1.021324725427295e-07,32.395532504096636,144.30866775116948,True,True
47801.43297519476,9.752424540113793e-08,34.14024371638707,143.4042989255843,True,True
48008.818774295374,1.0351559608605782e-07,32.02530862961162,144.02645632288613,True,True
45853.10264475248,9.59730810555818e-08,36.16612398605243,137.55930793425745,True,True
45674.2555201863,9.846315978189932e-08,35.38953741035921,137.0227665605589,True,True
46442.081452617706,9.637949159006504e-08,35.55689463413004,139.3262443578531,True,True
48478.65473294463,9.90266472261731e-08,33.15259258511417,145.4359641988339,True,True
45962.219937613845,9.828129529942263e-08,35.232889634557395,137.88665981284154,True,True
46231.36943023957,9.689479494050574e-08,35.528995232161016,138.6941082907187,True,True
47291.76654508195,1.0134158990823345e-07,33.20831815063375,141.87529963524585,True,True
44846.53593498347,9.501847075102643e-08,37.34936242124103,134.5396078049504,True,True
47787.900130234244,1.021761038346316e-07,32.59513964741571,143.36370039070272,True,True
48880.81693468778,9.516354203462426e-08,34.214569329363414,146.64245080406332,True,True
46423.139671703655,1.0334034871852111e-07,33.175364239005596,139.26941901511097,True,True
46098.866414534335,9.787390410970566e-08,35.27467111188233,138.29659924360303,True,True
45265.03729441084,1.0211435350269885e-07,34.432650705444175,135.79511188323252,True,True
48354.30009693405,9.651996448968742e-08,34.10105983135496,145.06290029080216,True,True
49299.97482216789,1.0116754815991808e-07,31.91039714959932,147.89992446650368,True,True
48060.71495969392,1.0156420241657364e-07,32.605378203072625,144.18214487908176,True,True
45996.04181533612,1.0200390501835062e-07,33.922111188564045,137.98812544600835,True,True
45671.22734719505,9.905579078949043e-08,35.18014129806331,137.01368204158516,True,True
48186.60169145626,1.0221996508123907e-07,32.31157323720569,144.55980507436877,True,True
45553.843668820205,1.0206801675611034e-07,34.22988407567044,136.66153100646062,True,True
48457.27963383008,9.514327679272717e-08,34.52097056551694,145.37183890149024,True,True
45361.76295660432,9.629580374291847e-08,36.435341502021565,136.08528886981298,True,True
48552.881198208896,9.763886582216872e-08,33.57240077976436,145.65864359462668,True,True
48696.48156642519,9.694360811540941e-08,33.71346327741984,146.08944469927556,True,True
47658.070839938424,9.880309584055521e-08,33.79972139057777,142.97421251981527,True,True
48766.48281861342,9.955186399157443e-08,32.78304587330956,146.29944845584026,True,True
46329.35474409642,9.81734159046649e-08,34.99209765470006,138.98806423228928,True,True
45310.71288058075,1.0353563121983273e-07,33.92574559215449,135.93213864174226,True,True
47024.03981660955,9.715689749328693e-08,34.835861653581354,141.07211944982865,True,True
45807.665439122015,9.851623376781318e-08,35.267459173742964,137.42299631736603,True,True
48943.30915312839,1.0103877694032194e-07,32.18390381454531,146.8299274593852,True,True
45759.35721917251,1.045115462016877e-07,33.27943491516493,137.27807165751753,True,True
47769.31829972226,1.0253964020397994e-07,32.49221353880789,143.3079548991668,True,True
48486.423505638944,9.500804210236804e-08,34.5493286508552,145.45927051691683,True,True
48670.05133427753,1.0154822286764924e-07,32.20223387575785,146.0101540028326,True,True
46446.4959054709,9.780854813241555e-08,35.034051540683606,139.33948771641272,True,True
49317.724064489914,9.636476869852786e-08,33.48874109884548,147.95317219346973,True,True
46331.75754132031,1.0301659806604189e-07,33.34526342543238,138.99527262396094,True,True
45119.55642418364,9.720556659105761e-08,36.28809536682462,135.3586692725509,True,True
48199.579362026765,9.555162534738523e-08,34.55722053908604,144.5987380860803,True,True
44951.11691506358,1.0048054737999605e-07,35.2368966054722,134.85335074519077,True,True
47563.61362310995,9.93483576167598e-08,33.68097051558625,142.69084086932986,True,True
49238.0381671507,1.0355149251241366e-07,31.21497763737985,147.71411450145212,True,True
49095.61851432847,1.0004720077843738e-07,32.40204746886383,147.2868555429854,True,True
48495.70334038948,9.709778925286857e-08,33.79928610639214,145.48711002116846,True,True
48209.684957016056,9.607797553932901e-08,34.360699366154385,144.62905487104817,True,True
45274.97866172401,1.0413359368979582e-07,33.75755788470386,135.82493598517203,True,True
47427.11726045532,1.0250546292500836e-07,32.73756640852778,142.28135178136597,True,True
46698.47088074316,9.892218943261946e-08,34.45273880237798,140.0954126422295,True,True
45545.76643491346,9.801083707404788e-08,35.653159215318574,136.6372993047404,True,True
47330.788993740665,9.964041996943148e-08,33.74744033333013,141.992366981222,True,True
48272.19188964999,1.0291701930942657e-07,32.03582501193548,144.81657566894998,True,True
46027.29440952561,1.0436325179988197e-07,33.13271938097517,138.08188322857683,True,True
46509.324224482094,9.958565483436074e-08,34.36238654088881,139.5279726734463,True,True
49141.454317668635,9.853825977206916e-08,32.867542894554184,147.4243629530059,True,True
47653.96602927961,9.786158709962226e-08,34.1278418813625,142.96189808783882,True,True
48671.62505656101,9.854619192092336e-08,33.18214357862407,146.01487516968302,True,True
45256.85147301327,9.798075689859506e-08,35.89178064508501,135.7705544190398,True,True
45561.14588851551,9.947495311272832e-08,35.11654254871288,136.68343766554653,True,True
48532.81664899089,1.0131146773639958e-07,32.368757404620055,145.5984499469727,True,True
47412.916692952786,1.0370713900512825e-07,32.36792101405449,142.23875007885837,True,True
46730.885935687984,1.0129899574946253e-07,33.62102713553291,140.19265780706394,True,True
47876.72193763136,1.0403721963692061e-07,31.95265772016893,143.6301658128941,True,True
47411.09555686006,1.0383584286126486e-07,32.32904294775635,142.23328667058018,True,True
48190.63634217032,9.598810651303352e-08,34.406464313897864,144.57190902651095,True,True
45859.72386597108,9.769590495146535e-08,35.52322087256035,137.57917159791324,True,True
47601.20940825918,9.981671831576476e-08,33.49645577329473,142.80362822477755,True,True
47482.416672019266,9.605474913450687e-08,34.89542361083803,142.44725001605778,True,True
45078.70287256182,1.0329444780998544e-07,34.179975135378406,135.2361086176855,True,True
45689.684663539345,1.005489173062068e-07,34.643724191246434,137.06905399061802,True,True
46978.19405906955,9.552487101150333e-08,35.46560347832461,140.93458217720865,True,True
45492.07727355035,1.0236148919405774e-07,34.178088336965565,136.47623182065104,True,True
44918.01543148476,9.779296227076446e-08,36.231971827521335,134.75404629445427,True,True
44732.38550834308,9.821690838397892e-08,36.22528517759619,134.19715652502924,True,True
46397.36724607936,9.96640057046522e-08,34.41822389757553,139.1921017382381,True,True
46643.1698434212,9.994664158571716e-08,34.140027686339046,139.92950953026363,True,True
46274.95341644258,1.0382314392368141e-07,33.12683660258983,138.82486024932774,True,True
44954.81012394153,1.0105607566072998e-07,35.033339263428296,134.86443037182457,True,True
47469.302797410426,9.601060206676057e-08,34.92111367900055,142.40790839223126,True,True
45056.812990930506,1.0225106880976417e-07,34.54552569100082,135.17043897279152,True,True
45399.53363630963,9.562539123849347e-08,36.660257829056796,136.19860090892888,True,True
45380.83255290686,9.616486388747924e-08,36.46962110050763,136.14249765872057,True,True
45930.3843732263,1.0167536422219216e-07,34.0803710858448,137.7911531196789,True,True
47921.86922117239,1.0005666735804558e-07,33.192529393008826,143.7656076635172,True,True
47376.332400857274,9.769536360695747e-08,34.386244027161915,142.12899720257184,True,True
47866.22131427018,9.551858037079464e-08,34.80992823679518,143.59866394281053,True,True
47443.66362961598,9.67607146722321e-08,34.66912222954028,142.33099088884794,True,True
46302.105584438636,1.0472589382405787e-07,32.82202069406117,138.9063167533159,True,True
44826.159061692815,1.0145333993604432e-07,34.99630999416154,134.47847718507845,True,True
48229.89433129618,9.944080317404878e-08,33.184799485894786,144.68968299388854,True,True
47078.28526844024,9.847991321230876e-08,34.32826374953394,141.2348558053207,True,True
45079.4342054165,9.844909246206988e-08,35.86162443759905,135.2383026162495,True,True
48120.74485871355,9.677196425160397e-08,34.177338057796696,144.36223457614068,True,True
48323.2952999663,1.0338718921075475e-07,31.856412109319052,144.9698858998989,True,True
47813.52281583778,1.0116497986208088e-07,32.90327970218178,143.44056844751336,True,True
46845.7736440569,9.933504465230367e-08,34.20166310132022,140.5373209321707,True,True
45556.677957158296,9.555666177655987e-08,36.560078101406475,136.67003387147489,True,True
45403.66669768213,1.0334863195631012e-07,33.91754989548578,136.2110000930464,True,True
47110.36044752965,9.708995116595265e-08,34.79600799030377,141.33108134258896,True,True
48223.19075753242,9.98809141168496e-08,33.043168158758824,144.66957227259726,True,True
48917.45474739319,1.0172520444420183e-07,31.983626734446304,146.75236424217957,True,True
45536.22665941879,1.0376148601449655e-07,33.6842520700448,136.60867997825636,True,True
45428.457005443895,1.0054187167964716e-07,34.845377977301354,136.2853710163317,True,True
46405.52651633496,1.0221383233223608e-07,33.5537261261144,139.21657954900488,True,True
48471.81964062343,9.966901492622958e-08,32.94356859963425,145.4154589218703,True,True
46968.79707703983,1.0338991925258031e-07,32.77423006028099,140.9063912311195,True,True
45457.09893903493,9.898727710726297e-08,35.37032398449055,136.37129681710476,True,True
46161.75012493023,9.657846025573657e-08,35.69912640791383,138.4852503747907,True,True
46919.1625310466,1.0187974778824137e-07,33.29522995951504,140.7574875931398,True,True
49233.2830422644,9.825061049351387e-08,32.90228630025654,147.69984912679317,True,True
46972.66487473454,1.0209753178570874e-07,33.18636527395985,140.91799462420363,True,True
49303.37252366202,1.049849899070568e-07,30.74795899752801,147.91011757098607,True,True
48310.8050544233,9.999666536086834e-08,32.94506277272611,144.9324151632699,True,True
47035.31965981082,9.597468726745715e-08,35.25651051059458,141.10595897943244,True,True
45853.83335925223,1.0264503338527945e-07,33.814778190259915,137.5615000777567,True,True
44850.670692017804,9.758948944477155e-08,36.362031934785634,134.55201207605342,True,True
46467.40531762782,9.745467899761132e-08,35.14544233389451,139.40221595288347,True,True
47733.54103625201,9.58080928241684e-08,34.80120514328615,143.20062310875602,True,True
48436.45249315678,1.0432519560723048e-07,31.4962316705052,145.30935747947035,True,True
48023.75807851095,1.0328038231110823e-07,32.088258836828906,144.07127423553288,True,True
44972.64946602257,1.045611326981085e-07,33.845534619613765,134.91794839806772,True,True
46817.56304074428,1.0014658335306666e-07,33.94495133632185,140.45268912223287,True,True
47056.26744312662,1.0206821523904719e-07,33.13691970220021,141.16880232937987,True,True
47933.02715825239,9.670201538980589e-08,34.336003849475695,143.79908147475717,True,True
44702.77714875469,9.763504835728124e-08,36.465307614310724,134.1083314462641,True,True
47777.65590682942,1.0365694789837191e-07,32.13637422581145,143.33296772048828,True,True
47815.584883087475,1.0033326979510539e-07,33.17459986518538,143.44675464926243,True,True
46307.69453769798,9.827644113641358e-08,34.9717649437874,138.92308361309395,True,True
45792.469318962045,1.0332542405474092e-07,33.637125239143906,137.37740795688615,True,True
45829.492386481434,9.543313714184133e-08,36.38948289606716,137.48847715944433,True,True
46359.83745319996,9.96728927047573e-08,34.44301529665665,139.07951235959987,True,True
46659.784045529384,1.020532486148091e-07,33.42339590362074,139.97935213658815,True,True
47225.2178441826,9.882656311028526e-08,34.10142046437671,141.6756535325478,True,True
47065.636743655035,1.0443474287563053e-07,32.37957851611182,141.19691023096513,True,True
45324.02481346925,9.813497940110026e-08,35.78226496905821,135.97207444040777,True,True
48085.823280571225,1.002870078445684e-07,33.003378616872496,144.25746984171366,True,True
45017.14455195294,9.537244956694828e-08,37.06971526629296,135.0514336558588,True,True
44815.6051916771,9.569262451564574e-08,37.11183256881503,134.44681557503134,True,True
47574.721010803085,9.654303588631696e-08,34.65157107655301,142.72416303240925,True,True
46184.998390505956,9.950089442126254e-08,34.6331675661138,138.55499517151787,True,True
46037.529193889684,9.702467394868566e-08,35.63082945010546,138.11258758166906,True,True
48112.14298425104,1.000581259363685e-07,33.060777730115824,144.33642895275312,True,True
47278.3645912532,9.96889171941239e-08,33.76842518208683,141.8350937737596,True,True
45989.74834663576,1.0407876686689931e-07,33.2504066045083,137.9692450399073,True,True
45917.85771153394,1.0261997805921267e-07,33.775874030672625,137.75357313460182,True,True
48685.54591057892,1.0162427247879301e-07,32.16789466648992,146.05663773173677,True,True
48141.576801767435,1.0011759705365525e-07,33.02093781858658,144.4247304053023,True,True
45618.48805725532,9.667448075415053e-08,36.088380759703476,136.85546417176596,True,True
48253.47708836448,9.642996555076543e-08,34.204205456826536,144.76043126509344,True,True
45432.16936415713,9.91484043493453e-08,35.33222014401393,136.2965080924714,True,True
49304.5800163492,9.654372411811464e-08,33.43557685834109,147.91374004904762,True,True
44997.49634301011,1.00817356593095e-07,35.082979941465055,134.99248902903034,True,True
49137.953415713295,1.0210819373790433e-07,31.720678896423433,147.4138602471399,True,True
49094.93067559629,1.0368696045860348e-07,31.26506507998036,147.28479202678886,True,True
44976.48940366065,9.980395530436429e-08,35.45576209261454,134.92946821098195,True,True
45269.014282152806,1.0242030767952599e-07,34.32677611618498,135.80704284645842,True,True
46489.00454741101,1.0001987041509179e-07,34.228163449812094,139.467013642233,True,True
47405.20051599608,1.0262254778185897e-07,32.71533344852916,142.21560154798826,True,True
46055.16826867248,1.0321640938089713e-07,33.48058295273322,138.16550480601745,True,True
46315.07058097171,1.0001330849585849e-07,34.35895979110937,138.94521174291512,True,True
45641.25721071689,1.0323641128590048e-07,33.77766574603716,136.92377163215068,True,True
48303.39358502101,1.013068275555829e-07,32.523986538710396,144.91018075506304,True,True
47802.41356958424,1.0288163280418756e-07,32.36178427386182,143.4072407087527,True,True
47572.29168359788,9.789110097510317e-08,34.17612705578508,142.71687505079365,True,True
45128.22773243218,9.645101330259015e-08,36.56495629590816,135.38468319729654,True,True
46166.37124942017,9.663739928301295e-08,35.67378235279836,138.49911374826053,True,True
49278.90428708169,9.503048788224354e-08,33.98569299591815,147.83671286124508,True,True
44650.07578195153,1.0047941687292048e-07,35.47487103636901,133.9502273458546,True,True
49326.25238540524,1.048636023084237e-07,30.76927322416141,147.97875715621572,True,True
48263.01160473106,9.89253408624397e-08,33.3348233436109,144.78903481419317,True,True
48365.03143369213,9.66111494178316e-08,34.06131480259328,145.0950943010764,True,True
46276.95662589424,9.968310001429069e-08,34.50116864399403,138.83086987768272,True,True
46644.93210526711,9.544932325824951e-08,35.74726442287833,139.93479631580132,True,True
45369.713675703846,9.930261175576654e-08,35.32591520582735,136.10914102711155,True,True
48526.93763553775,9.687361676369643e-08,33.85569487053779,145.58081290661326,True,True
46232.8633800163,1.0401240733761361e-07,33.09666176980256,138.6985901400489,True,True
45278.36941090433,1.0392585977012957e-07,33.822501689950364,135.835108232713,True,True
48794.289772465316,1.0216886887305558e-07,31.925120516118092,146.38286931739594,True,True
47531.288762429256,1.0096975366719818e-07,33.16265134627672,142.59386628728777,True,True
45024.87047488151,1.0068487895829964e-07,35.10778315110006,135.07461142464453,True,True
48187.36792416284,1.0138396595624119e-07,32.57749228181002,144.5621037724885,True,True
48645.53201249563,9.57650902947658e-08,34.164097430333676,145.93659603748688,True,True
47136.7996675456,9.510711723119937e-08,35.501525951620614,141.4103990026368,True,True
46657.806102470524,1.0079268207022817e-07,33.84284117824772,139.97341830741158,True,True
48753.92243741486,9.767136030197444e-08,33.422838716173594,146.2617673122446,True,True
44890.26715580282,9.588763410837362e-08,36.974757849777866,134.67080146740847,True,True
48696.07131629658,9.701732732157956e-08,33.688129707550345,146.08821394888975,True,True
48921.97800140761,9.508726560899463e-08,34.21320541702497,146.76593400422283,True,True
47684.25293059427,9.647876157032909e-08,34.595007461692596,143.05275879178285,True,True
48995.09667074655,9.721469106632665e-08,33.41454966003,146.98529001223963,True,True
49130.22557678683,1.0462827974850443e-07,30.96152107933328,147.3906767303605,True,True
45681.07676342877,9.574202872783489e-08,36.38992610184771,137.04323029028632,True,True
46563.14589656208,9.673352119202913e-08,35.33465216248598,139.68943768968623,True,True
48622.41966406466,1.0364696307727128e-07,31.58108035651415,145.867258992194,True,True
48384.62190867538,1.025475314275972e-07,32.07654395570454,145.15386572602614,True,True
48610.06910100386,1.0154807611434986e-07,32.24201631009672,145.83020730301158,True,True
47622.67973110792,1.033747114772055e-07,32.328979190063386,142.86803919332377,True,True
46064.54051961884,1.0120002129107419e-07,34.14072852285173,138.1936215588565,True,True
47963.0912765347,1.04795463599245e-07,31.664343069329906,143.88927382960412,True,True
45855.53219656865,9.922072520251786e-08,34.98049868067601,137.56659658970597,True,True
46013.981781559574,9.50346932200784e-08,36.39553756474428,138.04194534467874,True,True
47996.67319507507,1.0328599518612888e-07,32.104621724897406,143.9900195852252,True,True
48414.3405463378,9.951799674631303e-08,33.03273137698425,145.2430216390134,True,True
46716.75702899888,1.0170848571457843e-07,33.49579237140728,140.15027108699664,True,True
49099.09911304175,1.0469288590775312e-07,30.962030672046012,147.29729733912527,True,True
45781.85617833169,1.0490286890640181e-07,33.13899773709359,137.34556853499507,True,True
48345.61607602576,1.0231046170787038e-07,32.17681015788874,145.0368482280773,True,True
46783.891511822854,9.666570298089394e-08,35.19260168982602,140.35167453546856,True,True
46294.27947915665,1.0493124256147023e-07,32.763326277376514,138.88283843746996,True,True
47575.54231109756,1.041346515360993e-07,32.124850559037895,142.7266269332927,True,True
46469.81945860063,1.0299788932783612e-07,33.25223349161196,139.40945837580188,True,True
46573.77119032188,1.0340525733891261e-07,33.04730941404419,139.72131357096566,True,True
47861.75445260392,9.939269393901595e-08,33.456234182902996,143.58526335781178,True,True
48058.31125757805,1.0421751595606175e-07,31.77685471070309,144.17493377273414,True,True
46300.96582853546,1.0072814855686864e-07,34.12551622702398,138.9028974856064,True,True
47111.0820003697,1.0492406132048872e-07,32.19748579468332,141.3332460011091,True,True
45795.38755976806,9.579268786767418e-08,36.27989600560769,137.38616267930416,True,True
46961.18982690689,1.0481063613209635e-07,32.33520978630284,140.88356948072067,True,True
45559.98880638393,9.977349364312044e-08,35.01235661698918,136.6799664191518,True,True
47450.10988721995,9.798688623193964e-08,34.23063471051804,142.35032966165986,True,True
45937.51202026696,1.0289696815931619e-07,33.67054011455085,137.81253606080088,True,True
47086.69413323785,1.0338692770630906e-07,32.69311493686947,141.26008239971355,True,True
47950.259665841615,9.889966539857816e-08,33.56095774565447,143.85077899752486,True,True
47140.20818926448,9.911150476838244e-08,34.06469976308532,141.42062456779345,True,True
47788.24658158873,1.0346122049793367e-07,32.190034220596296,143.3647397447662,True,True
45680.32185718445,1.0291016080459825e-07,33.85577186766471,137.04096557155336,True,True
45912.349759749246,9.510237941222207e-08,36.4501423350099,137.73704927924774,True,True
45181.65157454112,1.0221637056744303e-07,34.461769498518635,135.5449547236234,True,True
46519.4236239056,1.0476048260405627e-07,32.65790459858439,139.5582708717168,True,True
46548.418560121194,1.007805113063752e-07,33.92646758950584,139.6452556803636,True,True
49005.332214097485,9.82144203698038e-08,33.06751323455647,147.01599664229246,True,True
47193.70114985268,1.0480395014568127e-07,32.17795512615129,141.58110344955804,True,True
48735.21663892138,9.63230827500595e-08,33.90368132636903,146.20564991676414,True,True
46170.11249413942,1.0281623870750922e-07,33.52721556358332,138.5103374824183,True,True
45688.49648916982,1.017830894989478e-07,34.22454127689702,137.06548946750945,True,True
46893.52689293334,9.86968329798068e-08,34.38777029130599,140.68058067880003,True,True
46077.59489994972,1.0050586085009227e-07,34.36678782556848,138.23278469984916,True,True
46723.45667785343,9.89437168433929e-08,34.42682293157998,140.1703700335603,True,True
46886.005016541036,9.89909755047244e-08,34.29109061753835,140.65801504962312,True,True
46159.99447468202,1.0079234966251016e-07,34.20793150402086,138.47998342404605,True,True
48011.08700969483,9.987114505594337e-08,33.19239297123014,144.03326102908449,True,True
49346.48053680377,9.663204105597301e-08,33.376653895807785,148.03944161041133,True,True
48245.04213603171,1.034997087264065e-07,31.87339420231472,144.73512640809514,True,True
47600.06970716807,9.62123689290653e-08,34.752146550120564,142.8002091215042,True,True
49333.87547275329,9.683588589102572e-08,33.31490417271876,148.00162641825986,True,True
48638.59382119014,1.0111771663826612e-07,32.360249904966466,145.91578146357043,True,True
49304.746604577485,9.643880452333566e-08,33.47183965334419,147.91423981373248,True,True
45437.60767435009,9.953289859654705e-08,35.19151976678656,136.31282302305027,True,True
48830.92160768741,1.0397022395648288e-07,31.348461465753612,146.49276482306223,True,True
45103.27653717589,1.0441155117148054e-07,33.79585914430807,135.30982961152765,True,True
47615.628698530825,1.0358851411346014e-07,32.267030912337276,142.84688609559248,True,True
47312.63954880341,1.0097233714023117e-07,33.31505580962823,141.93791864641022,True,True
49257.8109043395,9.8152037317989e-08,32.91892965539512,147.7734327130185,True,True
47596.73050356399,1.0471764052189769e-07,31.93178247193109,142.79019151069198,True,True
46538.45009877695,9.874860486096146e-08,34.63197405947158,139.61535029633086,True,True
47552.31948823896,9.746827480740005e-08,34.33880257946541,142.65695846471687,True,True
44942.778445789416,9.845982957561032e-08,35.96674485864805,134.82833533736823,True,True
48623.20984721767,9.548334578530193e-08,34.28063656663908,145.86962954165304,True,True
49210.97594268805,9.867290508717568e-08,32.776323616563865,147.63292782806414,True,True
46837.338756172874,9.751548146134349e-08,34.846113857571545,140.5120162685186,True,True
45501.40730060757,9.945836949300076e-08,35.16850989097582,136.50422190182272,True,True
48251.42514874446,9.742746161261976e-08,33.85545064204707,144.7542754462334,True,True
48773.15012100171,1.0291826249120483e-07,31.706396010061418,146.3194503630051,True,True
48425.025975382625,9.74384054243477e-08,33.73029202376605,145.27507792614787,True,True
45011.06648258309,9.661567697324819e-08,36.59765233963567,135.03319944774927,True,True
48318.17314700182,9.930064255472396e-08,33.17092383713575,144.95451944100546,True,True
47486.45092429888,9.63739098264962e-08,34.77690596778763,142.45935277289664,True,True
45449.29167365459,1.030829553546674e-07,33.97082948109027,136.34787502096376,True,True
48291.49333468507,1.0068954487382113e-07,32.73144046215982,144.8744800040552,True,True
48729.34085829867,1.0490815576718872e-07,31.132954885994984,146.188022574896,True,True
46187.16871699893,1.0379028371767062e-07,33.20030640323261,138.5615061509968,True,True
46723.51713191812,1.0360010335789113e-07,32.87944029232205,140.17055139575436,True,True
46900.00832343773,9.965011553779855e-08,34.05409986479874,140.7000249703132,True,True
49058.03994876414,9.608395408197374e-08,33.76440275769805,147.17411984629243,True,True
48336.31345580419,1.0045873930500557e-07,32.776221328314854,145.00894036741258,True,True
48550.42633269256,9.560333225683826e-08,34.28893954247695,145.65127899807766,True,True
47169.09591206125,9.97012935512974e-08,33.84244925768876,141.50728773618377,True,True
46224.24071448567,9.948166683365696e-08,34.610453683746144,138.672722143457,True,True
45922.93676211792,9.763813304693184e-08,35.495313126114716,137.76881028635376,True,True
45292.78909739068,1.0363415077862989e-07,33.90690688599936,135.87836729217207,True,True
45185.262966711685,1.0407270688534691e-07,33.844372550995054,135.55578890013507,True,True
45674.298242217264,9.979581302125994e-08,34.91691997708274,137.0228947266518,True,True
46566.04305013287,9.812709332594146e-08,34.8306726590329,139.69812915039861,True,True
46759.163023537985,9.69964313262399e-08,35.091153692256064,140.27748907061397,True,True
47021.116308854784,9.937164747735021e-08,34.06157347252016,141.06334892656434,True,True
47151.59125185387,9.51626330968129e-08,35.469684683302596,141.45477375556163,True,True
47222.510803859805,1.0212870850417558e-07,33.000704936208535,141.66753241157943,True,True
49331.28181210469,1.0110074325097828e-07,31.911218164592622,147.99384543631405,True,True
49042.35973474616,9.673782294877605e-08,33.546905359930925,147.12707920423847,True,True
48355.142153906076,9.794089750631805e-08,33.60573417983227,145.06542646171823,True,True
46738.24151440634,9.781998223272359e-08,34.81129532378104,140.21472454321903,True,True
45784.5895576588,9.668591655390854e-08,35.95320307829971,137.3537686729764,True,True
44936.7815905207,9.659903075683022e-08,36.66446887171677,134.81034477156211,True,True
44829.48265563793,1.0198137747552764e-07,34.81252551958419,134.48844796691378,True,True
45196.613843474224,9.988538740681301e-08,35.25431452846101,135.58984153042266,True,True
46371.633285358155,1.0478516360022887e-07,32.75427139062299,139.1148998560745,True,True
48308.0757131458,9.62749898964024e-08,34.220544192080524,144.9242271394374,True,True
46469.3592427168,9.86827820794151e-08,34.706599388293846,139.4080777281504,True,True
45955.30496756978,1.0025868500739494e-07,34.54319267636809,137.86591490270933,True,True
47380.03828431448,9.636796465882712e-08,34.857163039083886,142.14011485294344,True,True
45730.13986967212,9.847091334428107e-08,35.34350660267944,137.19041960901637,True,True
46925.25695871652,1.0311469389867013e-07,32.892199468722495,140.77577087614955,True,True
46994.061566473574,9.698342195378329e-08,34.92043511644667,140.9821846994207,True,True
47448.338021744225,1.0418955922506634e-07,32.193998979135614,142.34501406523268,True,True
45237.08016907928,1.0181585727671795e-07,34.55494004186316,135.71124050723785,True,True
49170.0752795595,9.649676631895002e-08,33.54335499273824,147.5102258386785,True,True
47129.66229545885,1.0342905401820825e-07,32.650004932271194,141.38898688637656,True,True
44776.98757472574,9.818698449224086e-08,36.20023058456637,134.33096272417723,True,True
45145.23511815522,1.040669732984731e-07,33.876246847875294,135.43570535446568,True,True
48368.18244065657,1.0289239584011924e-07,31.979898707411483,145.10454732196973,True,True
46679.9025730964,9.675238185580326e-08,35.239401627142946,140.0397077192892,True,True
48346.368726590554,1.0262078712597855e-07,32.07900802449347,145.03910617977166,True,True
46103.83207446009,1.0349614677718839e-07,33.3548449256151,138.3114962233803,True,True
48426.01404834987,9.697477999592072e-08,33.890861210437045,145.2780421450496,True,True
49015.749002842465,1.0072321602272232e-07,32.23702115098534,147.0472470085274,True,True
48638.52354141032,1.0252198192803032e-07,31.917050829722555,145.91557062423098,True,True
45628.007662775926,9.935613289441186e-08,35.10701833914458,136.88402298832779,True,True
45707.98759556913,9.907346397311073e-08,35.1455774282534,137.1239627867074,True,True
48938.88692546359,9.673460619418617e-08,33.61895239453417,146.81666077639076,True,True
46498.90079744752,9.785468733438256e-08,34.978067494307396,139.49670239234254,True,True
45889.51794510241,9.526042758099124e-08,36.40777256475006,137.66855383530725,True,True
48962.792787362945,1.0329313840307259e-07,31.468966282060066,146.88837836208884,True,True
44682.81298312494,9.57537108801654e-08,37.19837872458,134.04843894937483,True,True
46861.604035472774,1.0322346206841963e-07,32.9021714084881,140.58481210641833,True,True
48284.747892812265,9.57608772310001e-08,34.42088621164561,144.8542436784368,True,True
47875.001954085375,1.0351087993908496e-07,32.11628671848197,143.62500586225613,True,True
49217.51310928958,9.552612422451646e-08,33.85153047308639,147.65253932786877,True,True
48796.03956050944,9.541644207838177e-08,34.183170287835374,146.3881186815283,True,True
46933.763506013274,1.0408417107520213e-07,32.57992372020909,140.80129051803982,True,True
46548.03502937372,1.0161157134055319e-07,33.649267274824325,139.64410508812117,True,True
47616.69768841237,9.770684035841799e-08,34.2086463564401,142.85009306523713,True,True
46846.54449555249,1.0154232729412477e-07,33.45765177819125,140.53963348665746,True,True
45903.56213962508,9.884790416659348e-08,35.07569441296886,137.71068641887524,True,True
45191.65692755751,1.01896313424254e-07,34.56236045468447,135.57497078267252,True,True
46542.55605734613,1.0107449523187359e-07,33.832050469583265,139.6276681720384,True,True
45291.403295081574,9.763929415768064e-08,35.98982405429101,135.87420988524474,True,True
47599.89408287707,1.0149831815428206e-07,32.94240478301677,142.7996822486312,True,True
46864.29192881749,1.0241761368197582e-07,33.15915229263292,140.59287578645245,True,True
47982.90520808274,1.0287780669108718e-07,32.24125179960334,143.94871562424822,True,True
47432.77572293979,1.0400543502506228e-07,32.26157434358881,142.29832716881938,True,True
49114.39488211716,1.006484838434994e-07,32.196161475601635,147.3431846463515,True,True
48872.943186055745,9.853357795245938e-08,33.04968959524147,146.61882955816725,True,True
46873.10119132882,9.995216684359083e-08,33.970679197659834,140.61930357398643,True,True
48365.21236624446,1.0123639719511337e-07,32.50501355768371,145.0956370987334,True,True
45936.24911816685,9.758073701453096e-08,35.50589850494613,137.80874735450055,True,True
49171.96658021005,9.872089708488976e-08,32.78637943838412,147.51589974063015,True,True
47735.72169913001,1.0054867686377704e-07,33.15891250050173,143.20716509739003,True,True
46976.11663650727,9.883246681719149e-08,34.2802029264695,140.9283499095218,True,True
47868.92991852449,9.548626361184195e-08,34.81973910691197,143.6067897555735,True,True
45384.58634369172,9.904753093805305e-08,35.405285135107306,136.15375903107517,True,True
47695.30702447334,9.925224623103006e-08,33.62049772726246,143.08592107342002,True,True
45137.6559516251,9.917614275103542e-08,35.55280873044799,135.4129678548753,True,True
47867.389485635766,9.508689786308559e-08,34.96710754531177,143.6021684569073,True,True
47815.15799448138,1.0450909769161387e-07,31.849340093577602,143.44547398344415,True,True
47652.16677369057,1.0212136215929848e-07,32.70550651576164,142.9565003210717,True,True
47220.39260416492,1.0222367922882434e-07,32.97152465232054,141.66117781249477,True,True
48938.05629126424,9.991623683248066e-08,32.548977247165084,146.81416887379274,True,True
47102.99711103702,1.0116291132219317e-07,33.40029254770325,141.30899133311107,True,True
48465.246906976325,1.0112349772705408e-07,32.47413704875433,145.39574072092898,True,True
47832.904622415146,1.0200425885004693e-07,32.61933275245273,143.49871386724544,True,True
48062.29032065737,9.994095810285173e-08,33.133869742903194,144.18687096197212,True,True
46491.3150083638,9.629299107471808e-08,35.551147579957515,139.4739450250914,True,True
46621.78276284839,9.683935798452365e-08,35.25164222022845,139.86534828854516,True,True
48373.70545741732,1.0305924724218691e-07,31.924478363001416,145.12111637225198,True,True
46582.38583930257,1.0283232917480078e-07,33.22528619616768,139.74715751790774,True,True
45991.69506543292,9.576419235397804e-08,36.13579095291088,137.97508519629875,True,True
48978.73153652205,1.0137162613476668e-07,32.05502980037858,146.93619460956614,True,True
47938.09621422774,9.728756155443289e-08,34.12573631227471,143.81428864268324,True,True
45441.51584396683,1.0422013119598232e-07,33.60591355483548,136.3245475319005,True,True
46965.00050689677,9.567257689251046e-08,35.42079697360239,140.89500152069033,True,True
46573.91726182365,9.962389483208504e-08,34.301558098899726,139.72175178547096,True,True
49266.12744397016,9.991404319029433e-08,32.33293817919555,147.7983823319105,True,True
48028.551282466164,1.0470241491435992e-07,31.649288130235288,144.0856538473985,True,True
46013.71891357211,9.614293144765858e-08,35.97621223608669,138.04115674071636,True,True
45549.54198588086,1.0379438762852035e-07,33.66373088427234,136.64862595764257,True,True
45680.03857515365,1.0426437433581382e-07,33.416251291162304,137.04011572546096,True,True
46655.394901442065,1.0305470493629196e-07,33.101710622678596,139.9661847043262,True,True
46645.28756852977,9.63515449247585e-08,35.41226244384305,139.9358627055893,True,True
46940.88411597494,1.0045215666589293e-07,33.752784081240364,140.82265234792482,True,True
46619.02466291766,1.0190465789548617e-07,33.501396667439835,139.857073988753,True,True
45991.81337238206,9.90748486060083e-08,34.92819805146209,137.97544011714618,True,True
48949.05091364742,9.64845325013333e-08,33.69908889117093,146.84715274094225,True,True
45624.05433282659,1.0080499137939645e-07,34.60542752876198,136.87216299847978,True,True
48891.42947479343,1.00794287964009e-07,32.296203666989825,146.6742884243803,True,True
45117.075080144794,1.0052463984997634e-07,35.09188270398697,135.3512252404344,True,True
47473.1612146536,1.0133784809587671e-07,33.08265086560107,142.41948364396077,True,True
48374.98524943745,9.688092915922335e-08,33.9594768046635,145.12495574831235,True,True
45772.77576233222,1.0240739455614338e-07,33.95326670305569,137.31832728699666,True,True
46526.406163843494,9.764588450590104e-08,35.0321410066514,139.5792184915305,True,True
45057.02393509684,9.653333423350353e-08,36.59150919466779,135.17107180529052,True,True
46776.116433742834,1.0117190256363828e-07,33.63071128551188,140.3283493012285,True,True
46613.99925381641,9.761773936741026e-08,34.97639305043278,139.84199776144922,True,True
45414.20424906095,9.962352855326654e-08,35.17762402523365,136.24261274718285,True,True
46994.18879808903,1.0431226811173605e-07,32.46688223625205,140.98256639426708,True,True
48463.32373782447,9.856182068037186e-08,33.31948026368318,145.38997121347342,True,True
47318.59270472406,9.733250036822931e-08,34.55655430532829,141.95577811417218,True,True
46230.035434892736,1.0181829474179919e-07,33.81193972799001,138.6901063046782,True,True
44888.68275767296,1.0309375559462774e-07,34.39148347326355,134.6660482730189,True,True
48720.32403799848,9.788696728072011e-08,33.37221939510656,146.16097211399543,True,True
47318.51107455533,1.0290472895099478e-07,32.68539426068044,141.955533223666,True,True
48864.37877827915,9.743050893187573e-08,33.429723048471395,146.59313633483745,True,True
47021.22830011172,9.7038210528428e-08,34.88055469773884,141.06368490033518,True,True
49058.68409927878,9.740949460497158e-08,33.30450219558057,147.17605229783635,True,True
48407.3558673047,9.913025468646579e-08,33.16672185259725,145.22206760191412,True,True
48179.060290683876,9.874255490351904e-08,33.45472362616203,144.53718087205164,True,True
47040.982219604986,9.704837301241122e-08,34.86225630019692,141.12294665881498,True,True
48027.58493758805,1.0393178592244823e-07,31.884601452710427,144.08275481276414,True,True
49135.00982548345,1.003604084380211e-07,32.275030719991925,147.40502947645038,True,True
45322.43345855627,1.0297757674628605e-07,34.1007745727289,135.96730037566883,True,True
48832.633216262075,9.600689552476183e-08,33.94748159621634,146.49789964878624,True,True
48213.84288833003,9.584285370484582e-08,34.44202257168491,144.6415286649901,True,True
45561.37318950671,1.0022703858163959e-07,34.852860521989356,136.68411956852015,True,True
44933.60200638169,9.61604427800531e-08,36.834301867824315,134.80080601914506,True,True
45409.78906201722,1.0106079521603823e-07,34.680706478573924,136.22936718605166,True,True
46174.28763041711,9.861835236059757e-08,34.95120757151827,138.52286289125132,True,True
45735.922644787024,1.0440772649825731e-07,33.329595886295635,137.20776793436107,True,True
48060.5996124229,1.0320487585983623e-07,32.087119449701596,144.1817988372687,True,True
48997.254898827276,1.0295044956885217e-07,31.551509014820603,146.99176469648185,True,True
48250.652234344256,9.681650866030075e-08,34.069638540519826,144.75195670303276,True,True
48831.97284241328,1.0477223562914652e-07,31.10782522389186,146.49591852723984,True,True
46069.305544830975,1.0440410346218844e-07,33.0895527860682,138.2079166344929,True,True
45736.49817509512,1.0478160675948258e-07,33.21025177905613,137.20949452528535,True,True
48320.803793782805,9.598490286023219e-08,34.314924839001364,144.9624113813484,True,True
45846.574022873836,9.77104947749934e-08,35.52810400562086,137.5397220686215,True,True
45712.72544001474,9.843398405255312e-08,35.37023564847708,137.13817632004424,True,True
49018.30455877323,1.028516161509548e-07,31.568265862134222,147.05491367631967,True,True
46126.828843949814,9.853193398893288e-08,35.01785385877004,138.38048653184944,True,True
48715.63506055408,1.0023982637169768e-07,32.592033458157374,146.14690518166225,True,True
47438.13722862792,9.899768374908511e-08,33.8896802313558,142.31441168588375,True,True
48809.6141094097,9.821495407393436e-08,33.19992782859005,146.42884232822908,True,True
48950.40206704927,1.028405516076718e-07,31.615457508417045,146.85120620114782,True,True
48472.226004333985,9.684930091073886e-08,33.902418220802694,145.41667801300196,True,True
44668.958823490066,1.0323854664609095e-07,34.51218214367653,134.0068764704702,True,True
44816.63841268721,1.0412509891550921e-07,34.10557898438501,134.44991523806164,True,True
45556.36278273202,9.587949728187537e-08,36.43722887929351,136.66908834819608,True,True
47461.42009453519,1.0472077993900326e-07,32.02185856122875,142.38426028360556,True,True
44792.55947847826,1.0001440969931947e-07,35.526438877378936,134.37767843543477,True,True
46287.870350145895,9.711057751611577e-08,35.406776934485734,138.86361105043767,True,True
49235.707105689384,9.822081296114942e-08,32.910647564430796,147.70712131706816,True,True
46531.52146081039,9.792878669637465e-08,34.9270981628861,139.59456438243117,True,True
47902.43533601614,9.526251110720787e-08,34.87711176655831,143.70730600804842,True,True
44925.790908047646,9.639405268322337e-08,36.751423088590975,134.77737272414294,True,True
45057.006243003045,1.0259033831806491e-07,34.431134862229236,135.17101872900915,True,True
48267.625269152115,1.0243372853484762e-07,32.19001789810916,144.80287580745636,True,True
48953.64737547978,1.044775859731114e-07,31.118019389350398,146.8609421264393,True,True
45106.446740658845,9.635253125184814e-08,36.62000391184694,135.31934022197652,True,True
48324.03696304724,1.0100475415021037e-07,32.60732017690167,144.97211088914173,True,True
45871.696817737335,1.0009213234724003e-07,34.663737317393924,137.61509045321202,True,True
46610.38436905388,9.991628183873837e-08,34.17442239125578,139.83115310716164,True,True
48202.291285338324,9.852478824004271e-08,33.512508621056476,144.60687385601497,True,True
45531.36095931324,9.982698138864595e-08,35.01559906585668,136.59408287793974,True,True
49169.13330973706,9.665387961850858e-08,33.48947100048299,147.5073999292112,True,True
46583.55264102031,9.829339547624903e-08,34.7586729744639,139.75065792306094,True,True
45470.61543200699,1.0330688835045251e-07,33.88129634998143,136.411846296021,True,True
48602.72514105707,9.77265053421195e-08,33.50789470624527,145.8081754231712,True,True
48342.63672189371,9.754896659654765e-08,33.749483010304715,145.0279101656811,True,True
48634.53374602649,1.0074899748253503e-07,32.48139266030913,145.9036012380795,True,True
45106.262514015965,9.885735827965067e-08,35.69227970341805,135.31878754204791,True,True
46110.62067224353,9.874191032449525e-08,34.95567062215439,138.33186201673058,True,True
48257.998004686444,9.811961570497384e-08,33.612049304979784,144.77399401405933,True,True
45256.98115366145,9.678304890840965e-08,36.33584389873933,135.77094346098437,True,True
48854.9880807918,1.0390538489713857e-07,31.35257132576744,146.56496424237542,True,True
48580.580808549246,1.0389935272239525e-07,31.531496780697413,145.74174242564774,True,True
47944.89165464682,9.865696529160909e-08,33.647285852370516,143.83467496394044,True,True
47900.98900321522,9.776093065091451e-08,33.9868037736802,143.70296700964565,True,True
48925.50162433847,9.82101676363519e-08,33.12290295604636,146.77650487301543,True,True
46187.78684825313,9.714368022223879e-08,35.47140788928863,138.56336054475938,True,True
49235.29931495492,1.0006623891344776e-07,32.30397551845082,147.70589794486477,True,True
46006.16486310523,1.0450153907073155e-07,33.10407167133686,138.0184945893157,True,True
47780.88944882191,1.031071432938805e-07,32.30555059793333,143.34266834646573,True,True
48089.4748736102,1.0184248609914277e-07,32.49683793252699,144.2684246208306,True,True
48384.79091481791,1.0020565944428552e-07,32.82607916547618,145.15437274445372,True,True
45036.731382010665,9.877099581342582e-08,35.778640625902945,135.110194146032,True,True
46860.0558194829,1.0396931908332746e-07,32.66721646674974,140.5801674584487,True,True
46051.25272405856,1.0167787913222723e-07,33.99008135680391,138.15375817217569,True,True
49102.09799571279,1.0189366178693532e-07,31.810677079864035,147.3062939871384,True,True
46776.40084622691,1.0014670746531873e-07,33.97478003492591,140.32920253868076,True,True
44991.55652405226,9.973143550713935e-08,35.46966144606821,134.97466957215678,True,True
44683.80978877726,1.0119459554778358e-07,35.197564888757505,134.05142936633177,True,True
45178.74839301775,9.814003207088683e-08,35.89547798456761,135.53624517905325,True,True
47399.78739045107,9.818138835037946e-08,34.19909148330172,142.19936217135321,True,True
48915.48327986862,1.0207082133549016e-07,31.876613268140964,146.74644983960584,True,True
44936.727770093916,9.652510199965164e-08,36.69259420381791,134.81018331028176,True,True
44892.40923737432,9.600863878932517e-08,36.926394579257824,134.67722771212294,True,True
48939.961857773276,1.043490714784546e-07,31.16505632485109,146.81988557331982,True,True
48036.24247377143,9.611362659028548e-08,34.47197283041279,144.1087274213143,True,True
45540.785472258875,9.79598934287885e-08,35.67560204081363,136.62235641677663,True,True
46925.426399089156,1.0398506218555076e-07,32.61676977249749,140.77627919726748,True,True
49038.56223999876,1.0155590832033327e-07,31.95782455175093,147.1156867199963,True,True
48882.491668604634,9.937999319358056e-08,32.761805980932245,146.6474750058139,True,True
48750.85457841457,1.0496770025520716e-07,31.101563095707945,146.2525637352437,True,True
45647.94693709346,9.958948299938192e-08,35.00945937677476,136.94384081128038,True,True
48481.54632532031,1.0226956008158179e-07,32.09942704411768,145.44463897596094,True,True
46285.611273276685,9.510810756497551e-08,36.154019482615205,138.85683381983006,True,True
47497.714429393876,1.0279824678977227e-07,32.59580505005189,142.49314328818164,True,True
48521.93557459471,1.01265206728621e-07,32.39080646163135,145.56580672378414,True,True
45455.92568264173,1.0107666957726364e-07,34.640065264848566,136.36777704792522,True,True
45492.48900283005,1.0181057450795072e-07,34.362720901717736,136.47746700849015,True,True
45531.4655402526,1.0123383874695526e-07,34.52890427479676,136.59439662075778,True,True
46580.9573327634,9.680945988540553e-08,35.293434645825094,139.74287199829018,True,True
47938.58393931572,9.731438897291352e-08,34.11598150566884,143.8157518179472,True,True
45554.33742355369,9.83646253717477e-08,35.518241439122605,136.66301227066108,True,True
48551.82292327855,1.0190896619376035e-07,32.16638051405331,145.65546876983564,True,True
45876.593356252255,9.952942775742387e-08,34.85599329417964,137.62978006875676,True,True
44752.08606365671,1.0383394890017816e-07,34.250544213198864,134.25625819097013,True,True
46251.97256531164,9.888752669693154e-08,34.79752515879405,138.75591769593493,True,True
46530.83132929678,9.702992030882034e-08,35.251178862364796,139.59249398789035,True,True
47531.482332355925,9.915757020890995e-08,33.76858765310374,142.59444699706776,True,True
45515.94454105076,9.767968959815984e-08,35.79746731292534,136.5478336231523,True,True
46226.84656519766,1.0370724831651163e-07,33.198369324448244,138.68053969559298,True,True
48818.495273872184,9.634057070847615e-08,33.83970184258778,146.45548582161655,True,True
46175.97474960395,1.0248427117683602e-07,33.631546853163336,138.52792424881184,True,True
48914.41177752982,1.0494447429889395e-07,31.004427753210322,146.74323533258945,True,True
45355.29653779501,1.0164997575987788e-07,34.521117138310004,136.06588961338502,True,True
47244.15627336939,1.0372767037481864e-07,32.477112529060726,141.73246882010818,True,True
48193.10967028901,1.0230646678892303e-07,32.27989364681711,144.57932901086704,True,True
46267.15332518446,1.0314617123917156e-07,33.34987730021102,138.80145997555337,True,True
44704.16399218769,1.032696614367425e-07,34.47461309465933,134.1124919765631,True,True
47971.24818011166,1.0440064689665571e-07,31.778685081989188,143.913744540335,True,True
46438.649968297424,9.598318914194883e-08,35.70634280345686,139.31594990489228,True,True
48773.550760398175,1.0385866504595255e-07,31.419048003501974,146.32065228119453,True,True
46476.57577769532,1.0483542374927939e-07,32.66464580421514,139.42972733308596,True,True
47324.72429081548,1.026221610221836e-07,32.77108974684552,141.97417287244645,True,True
48120.76467224761,1.031462170196125e-07,32.06522614690774,144.36229401674282,True,True
47369.99715792663,9.953432463161585e-08,33.75544976390141,142.1099914737799,True,True
48760.89441195155,9.72687593542877e-08,33.55637907877768,146.28268323585468,True,True
44705.28864629789,9.715654725242676e-08,36.64284249889511,134.11586593889368,True,True
45709.711154938755,9.998133867633528e-08,34.82512687837903,137.12913346481628,True,True
48009.58047888524,9.509946530989712e-08,34.8589374842353,144.02874143665574,True,True
49116.45908516458,9.984166086768791e-08,32.454975434213274,147.34937725549375,True,True
45768.37456277849,9.944218694846918e-08,34.96906141773093,137.30512368833547,True,True
46218.65413968024,9.677313891113914e-08,35.58344638442617,138.65596241904075,True,True
47589.41665354471,1.0140686077485172e-07,32.979374301086395,142.7682499606341,True,True
48528.41714976056,1.0068872612179595e-07,32.57190497513101,145.58525144928166,True,True
46958.182227395504,9.5770898464306e-08,35.38957059501109,140.87454668218652,True,True
44798.49221410274,9.785472061441833e-08,36.305711575830436,134.3954766423082,True,True
46942.01623090788,9.853594379894558e-08,34.408339262166415,140.82604869272365,True,True
47178.6693045799,9.629342171474564e-08,35.03304001003162,141.5360079137397,True,True
47117.98785108993,1.0122560888247784e-07,33.36898509930385,141.35396355326978,True,True
46550.31250947318,1.0020731198697335e-07,34.11914332257444,139.65093752841955,True,True
48859.73074946387,1.0324468201085319e-07,31.550145850952024,146.57919224839165,True,True
48638.246505044815,9.928541729118945e-08,32.9576894130828,145.91473951513444,True,True
47421.78861242116,9.683595968501874e-08,34.658163039863894,142.2653658372635,True,True
47172.134975335975,1.003504906345743e-07,33.621346223616214,141.5164049260079,True,True
46362.61119820315,9.901722480778686e-08,34.669014263949336,139.08783359460946,True,True
49232.44590243547,1.0163174458310222e-07,31.808217960236576,147.69733770730642,True,True
46626.5537183895,1.0198634749986041e-07,33.46915719982655,139.8796611551685,True,True
46113.547434170774,9.910776584101045e-08,34.82442164929928,138.34064230251232,True,True
46882.624400289766,1.0098611069529244e-07,33.616041448524946,140.6478732008693,True,True
45474.29766186364,1.0315424254796876e-07,33.92868572665505,136.42289298559092,True,True
48695.3882630545,9.799633005662555e-08,33.35204644807981,146.0861647891635,True,True
46438.7857545732,9.974460096298112e-08,34.359740784761556,139.3163572637196,True,True
47301.73968344377,9.767202500814367e-08,34.44869909225482,141.90521905033128,True,True
46439.24918781405,1.000359870509958e-07,34.25931540842842,139.31774756344214,True,True
49345.93923842241,1.0402373101308533e-07,31.005324818302192,148.03781771526724,True,True
48872.18183875585,9.706027709513727e-08,33.5518813094194,146.61654551626756,True,True
45524.04961405968,9.884832552973816e-08,35.36795316578565,136.57214884217905,True,True
47289.99781443908,9.965447476172246e-08,33.771786354729656,141.86999344331724,True,True
45340.73297585273,9.889516102148276e-08,35.494131429119044,136.02219892755818,True,True
45192.99033924674,9.76747937220459e-08,36.05508719213912,135.57897101774023,True,True
45717.495918425026,9.987615696228317e-08,34.85586570458755,137.15248775527508,True,True
45261.19307224937,1.0479269271385051e-07,33.55545515087892,135.7835792167481,True,True
44960.452662798154,1.009354798144892e-07,35.0707945110978,134.88135798839446,True,True
47395.40736658772,1.0290642758656704e-07,32.63182545992059,142.18622209976317,True,True
48335.24936181739,9.939255963259339e-08,33.12853973591579,145.00574808545215,True,True
45643.05384960485,1.0086205911690329e-07,34.57145097273497,136.92916154881453,True,True
46412.696214968164,9.859765479553984e-08,34.77897258656683,139.2380886449045,True,True
49286.51775128363,9.55952890341691e-08,33.77967805024038,147.8595532538509,True,True
47178.631847830526,9.58817190781907e-08,35.18349489733593,141.5358955434916,True,True
47876.43982540161,1.0490988062593758e-07,31.687055953541165,143.62931947620484,True,True
48611.43519571684,1.0350656292623942e-07,31.631063997462668,145.8343055871505,True,True
45109.51224437319,1.0167406558136817e-07,34.70098564397218,135.32853673311956,True,True
46272.38339637438,1.0398528506659975e-07,33.07701995045296,138.81715018912317,True,True
45139.73790637007,9.923363653343596e-08,35.530571384324894,135.41921371911022,True,True
47485.11504245073,9.663014169954979e-08,34.68566463654001,142.4553451273522,True,True
47233.067020009184,1.0398249370895036e-07,32.40512912321461,141.69920106002758,True,True
47221.70270154007,9.757268331742906e-08,34.54221956756002,141.6651081046202,True,True
47484.30219214397,9.918131857287527e-08,33.79404621817905,142.45290657643193,True,True
45875.38335689011,1.024212356872259e-07,33.872746662473254,137.62615007067032,True,True
46588.286003242625,1.0027523197892395e-07,34.068241985327916,139.76485800972787,True,True
44721.2201310742,1.037776719647544e-07,34.29276976780138,134.1636603932226,True,True
48535.9141527589,9.581747400499597e-08,34.22253688952315,145.6077424582767,True,True
49300.859045022175,9.662019408101665e-08,33.41163584751991,147.9025771350665,True,True
48918.89884116798,9.78926707959292e-08,33.23481622191411,146.75669652350396,True,True
46604.54798651264,1.0293856985341611e-07,33.17521157667141,139.81364395953793,True,True
45757.445808012126,1.0135065756785617e-07,34.318775744647574,137.27233742403638,True,True
46151.15631286671,9.617798498044104e-08,35.85600262475964,138.45346893860014,True,True
45689.876684975316,9.863146770500326e-08,35.31706868257543,137.06963005492594,True,True
46881.74719436565,1.0071750441059286e-07,33.706323663062456,140.64524158309698,True,True
47520.63107617586,9.86253136037095e-08,33.958581045115615,142.5618932285276,True,True
49237.27331017964,9.823313565850643e-08,32.905472407093946,147.71181993053892,True,True
45841.35634443303,9.993294806510411e-08,34.74193258322522,137.52406903329907,True,True
48879.02839652063,1.0366611719191711e-07,31.409479149960298,146.6370851895619,True,True
49318.004282695736,9.93321373135929e-08,32.4881407078281,147.95401284808722,True,True
46714.40418455487,1.0102669283756095e-07,33.72354190137316,140.1432125536646,True,True
45332.761097331204,1.0124868691635289e-07,34.675166927362696,135.99828329199363,True,True
46180.01256251963,1.009464403994712e-07,34.14090865218396,138.5400376875589,True,True
48003.77664491697,1.0472873722501296e-07,31.657663480322096,144.0113299347509,True,True
47667.05115541795,1.0018940765797681e-07,33.32575804128896,143.00115346625384,True,True
48921.55253014509,9.604242843831479e-08,33.87324224498767,146.76465759043526,True,True
46902.492033339084,9.54375478594391e-08,35.55534860734612,140.70747610001723,True,True
45926.56469010837,1.0351383833464917e-07,33.477865295419384,137.77969407032512,True,True
45897.839887855785,1.0069297963124583e-07,34.437268178998025,137.69351966356734,True,True
47981.96912513806,1.007670181375986e-07,32.917258456126106,143.94590737541418,True,True
48989.52405956149,9.931831536709797e-08,32.71052894546726,146.96857217868447,True,True
47481.288486455414,9.591707696746225e-08,34.946340208069586,142.44386545936624,True,True
45328.602336271695,1.0162533895785432e-07,34.549820572208766,135.9858070088151,True,True
48079.72948926928,1.0223585668159138e-07,32.37836209796716,144.23918846780785,True,True
48951.14669556421,1.0423040426042926e-07,31.193409006671594,146.85344008669261,True,True
48428.98235220335,9.891895436373538e-08,33.22272653903591,145.28694705661005,True,True
49262.041203255,1.0063758529092488e-07,32.10314059662374,147.786123609765,True,True
44986.36239791718,9.849827834377159e-08,35.91787334119983,134.95908719375154,True,True
48827.55793425056,9.684326922253958e-08,33.657796925643574,146.4826738027517,True,True
44709.72062047594,1.0123405196101218e-07,35.16345622665569,134.12916186142783,True,True
49027.492454791136,9.889393950392662e-08,32.82545634845891,147.0824773643734,True,True
44720.268630190236,1.0131944173726008e-07,35.125534357683144,134.1608058905707,True,True
46442.58495038456,1.008036440390626e-07,33.99597611169734,139.32775485115368,True,True
45764.24140192853,1.0349479342455518e-07,33.602791854872535,137.2927242057856,True,True
49260.48280852968,1.0413412922915148e-07,31.02618500008245,147.78144842558905,True,True
45646.32647006046,1.0343991810976249e-07,33.70746804740196,136.93897941018142,True,True
48630.810673970336,1.0245400428511575e-07,31.94329302608501,145.89243202191102,True,True
48418.9110068986,9.715540413152334e-08,33.83281636720499,145.2567330206958,True,True
47932.23529085883,9.587920556064761e-08,34.63123841589608,143.79670587257647,True,True
46408.328550860686,9.582081597744751e-08,35.79021767081095,139.22498565258206,True,True
45384.70235052996,1.044804004843281e-07,33.56416222434334,136.15410705158988,True,True
46616.88462266073,9.701298416834085e-08,35.19224895238533,139.85065386798217,True,True
46960.13217337496,9.737262991093806e-08,34.80598439466914,140.8803965201249,True,True
49153.677746425274,9.527401303783155e-08,33.98518631843428,147.46103323927582,True,True
46181.39786413463,1.049598746606394e-07,32.83445059323848,138.5441935924039,True,True
47723.65629525799,1.03962414986138e-07,32.078205335785334,143.170968885774,True,True
47158.57333726637,9.7875326315296e-08,34.48150797385532,141.47572001179913,True,True
47847.38527605305,1.0492981054137604e-07,31.70027524746926,143.54215582815917,True,True
46895.6589446068,9.579037882148591e-08,35.42954689680015,140.6869768338204,True,True
46719.18359193224,9.581315136566152e-08,35.55492460193389,140.15755077579672,True,True
48652.29151776789,1.0018608598495793e-07,32.65197243348772,145.95687455330366,True,True
47981.70379829859,1.0311373481855152e-07,32.16828803420924,143.94511139489578,True,True
48658.533459359845,9.53077363893903e-08,34.31886855249501,145.97560037807955,True,True
45846.10779299033,1.036581171100402e-07,33.48993808233843,137.538323378971,True,True
49059.8974480466,1.0421323836161102e-07,31.129389538748594,147.1796923441398,True,True
47121.66594115654,1.0091275692663927e-07,33.46982366624348,141.36499782346962,True,True
48816.29203667561,1.0050388128047025e-07,32.43937733623535,146.44887611002682,True,True
46750.59193811762,9.999345118324606e-08,34.045636630819196,140.25177581435287,True,True
48352.893162734756,1.0113973038471733e-07,32.544370476136486,145.0586794882043,True,True
45386.99112392249,9.632254768173232e-08,36.40497842811335,136.16097337176745,True,True
48114.4066483708,1.0271317529887478e-07,32.204669155989315,144.3432199451124,True,True
44719.533382228714,1.0444540101015173e-07,34.07481813859716,134.15860014668615,True,True
45070.21007528326,1.035434870577496e-07,34.10419183694455,135.21063022584977,True,True
45101.000245899304,9.954518897443811e-08,35.44979128167795,135.30300073769791,True,True
47019.45423290602,1.0212766521651004e-07,33.14355920201555,141.05836269871807,True,True
48641.018938919,9.74085219336376e-08,33.59081291827582,145.923056816757,True,True
48944.69008591188,9.654416513543452e-08,33.68127454027299,146.83407025773565,True,True
46555.34798018613,1.0406823824623365e-07,32.84977142219031,139.6660439405584,True,True
44811.160070923055,9.740759730161486e-08,36.46205262926478,134.43348021276915,True,True
48075.228109767835,9.652711667083326e-08,34.29647175436413,144.22568432930353,True,True
45463.969071448664,1.0444427180367108e-07,33.51723294604216,136.391907214346,True,True
45006.18238781436,1.0209416363053766e-07,34.63753998436094,135.0185471634431,True,True
45556.11590793554,1.0171837508925458e-07,34.345830990997044,136.66834772380662,True,True
45923.86650375244,1.00432944628605e-07,34.50686380221438,137.77159951125734,True,True
46878.40164977122,9.949650574956403e-08,34.12239507919265,140.63520494931367,True,True
48200.33426669804,1.0062374534354325e-07,32.81478803473858,144.6010028000941,True,True
46177.42797647928,9.814702446442002e-08,35.116664178849746,138.53228392943782,True,True
48956.59805796607,1.0122153473535011e-07,32.11707473204297,146.86979417389819,True,True
46594.80610607474,1.0191285889869903e-07,33.51611238660023,139.78441831822423,True,True
47628.95650136735,1.009125274798305e-07,33.113415698510046,142.88686950410204,True,True
48292.26383805257,9.749677344453189e-08,33.80277258036359,144.8767915141577,True,True
45952.947976240706,9.576472787219503e-08,36.16605806613192,137.85884392872214,True,True
47139.57557203519,9.808176092857307e-08,34.42280124242195,141.41872671610557,True,True
46313.9897725955,1.0045697930396582e-07,34.20801084800122,138.94196931778652,True,True
48668.45496805381,1.0183253474767204e-07,32.11337999112468,146.00536490416144,True,True
45508.98194736362,1.0465345732503837e-07,33.41715177158114,136.52694584209087,True,True
46481.65305515403,1.0107274690433739e-07,33.87696520064287,139.4449591654621,True,True
48775.621432924716,1.0246491888827569e-07,31.845063538732155,146.32686429877415,True,True
45553.02120001748,1.0440729054209449e-07,33.46355837871141,136.65906360005246,True,True
49144.23087468474,1.038187584974169e-07,31.194049568763994,147.43269262405423,True,True
45923.22841097666,9.997497379337332e-08,34.665416395094674,137.76968523293,True,True
48545.62360642305,9.939293079612197e-08,32.98485281508486,145.63687081926915,True,True
44777.94894703551,9.869404407410088e-08,36.013471738807574,134.33384684110652,True,True
48958.23884454131,9.685708450747689e-08,33.56316845709141,146.87471653362394,True,True
46437.9103357121,9.561332917441337e-08,35.84503615548997,139.31373100713628,True,True
48207.49937721412,1.0247580445197432e-07,32.216932786765994,144.62249813164235,True,True
45761.60617798903,1.039854627073079e-07,33.446158513895696,137.2848185339671,True,True
46148.65236785804,1.0142038634145915e-07,34.004457279526434,138.44595710357413,True,True
49205.37397492836,9.781071838965662e-08,33.06900638951319,147.6161219247851,True,True
45153.677787056055,1.0328588958716539e-07,34.12604881648778,135.46103336116815,True,True
46676.40334368927,1.036442905032775e-07,32.89859604051234,140.02921003106783,True,True
45184.44988212616,1.0272900935065205e-07,34.28767462163043,135.55334964637848,True,True
47787.4121560449,1.020428259932525e-07,32.638045340746,143.3622364681347,True,True
46010.35636446858,1.0291968111345767e-07,33.60981350851769,138.03106909340573,True,True
46509.43238877283,1.032365695968603e-07,33.14709913705911,139.5282971663185,True,True
47256.04344414166,1.0344292310598968e-07,32.558320209889835,141.76813033242496,True,True
47813.02485624014,1.005159978400868e-07,33.11606477651854,143.43907456872043,True,True
49223.07022033985,1.0162652998354798e-07,31.81590901251007,147.66921066101955,True,True
46392.77964630526,9.972682082834874e-08,34.39994616417628,139.1783389389158,True,True
48939.8608336106,9.894439746575797e-08,32.8674638120294,146.81958250083179,True,True
48821.32213450841,9.58639578887736e-08,34.00597566535534,146.46396640352523,True,True
47220.19369126061,9.800552990631759e-08,34.39076102051425,141.66058107378186,True,True
47368.32638654411,9.632630030332808e-08,34.8808621506821,142.10497915963234,True,True
45616.90280208793,1.0285890995537308e-07,33.91973252085111,136.85070840626378,True,True
45109.119701413154,9.863489978078596e-08,35.770513282039175,135.32735910423946,True,True
47866.97201389929,1.0181162602688412e-07,32.657790781988055,143.6009160416979,True,True
49126.370182792576,9.921974928039534e-08,32.651815204566,147.37911054837775,True,True
46191.348748584576,1.0261301623292273e-07,33.57817085715484,138.57404624575372,True,True
47156.602542390414,1.0258773442050284e-07,32.89896115822213,141.46980762717124,True,True
45581.625838892855,9.627733565407844e-08,36.26655108397504,136.74487751667857,True,True
44959.637714396355,1.0387197078786731e-07,34.079950629518855,134.87891314318907,True,True
47788.76219045376,9.608447792516849e-08,34.661002143491665,143.3662865713613,True,True
48702.543319228556,1.0104684721460092e-07,32.34042499422553,146.10762995768567,True,True
45339.2340577148,1.0022945225760464e-07,35.022778348184175,136.01770217314441,True,True
44691.39246665767,9.507287672039146e-08,37.45757090432639,134.07417739997302,True,True
45223.44493444711,9.834287580631867e-08,35.786035264269884,135.67033480334132,True,True
49235.08295134492,1.0005965375176608e-07,32.30624348841714,147.70524885403478,True,True
47484.44416055465,9.64814261411485e-08,34.73961960245852,142.45333248166398,True,True
49036.86865629602,9.7280600525328e-08,33.363465815705915,147.11060596888805,True,True
47208.77789829634,1.0101563902164718e-07,33.37403816168598,141.62633369488904,True,True
48190.16913847472,1.0013800523306584e-07,32.98091840785259,144.57050741542415,True,True
48430.00855579191,9.991372003690628e-08,32.89125590706729,145.29002566737572,True,True
49016.04288431436,9.67939127687313e-08,33.545466698999384,147.0481286529431,True,True
45897.85206761253,1.0098854587864833e-07,34.33647046752738,137.6935562028376,True,True
49111.37452213211,9.657812173562222e-08,33.555157948642,147.33412356639633,True,True
48612.664954300875,1.0463476380182484e-07,31.289217597471378,145.83799486290263,True,True
47982.723437797744,1.030356802697332e-07,32.19197298157392,143.94817031339323,True,True
49169.279968380506,9.742357683952875e-08,33.22478755981028,147.5078399051415,True,True
48056.42142651863,9.679867498851318e-08,34.2136408053066,144.1692642795559,True,True
48190.83888821387,1.0198342368310884e-07,32.38366943523534,144.5725166646416,True,True
49104.22386159839,1.0098058460920908e-07,32.09692297258826,147.31267158479517,True,True
46300.87697331772,9.882428827719358e-08,34.78301462803663,138.90263091995317,True,True
47483.880981275346,1.007452702509294e-07,33.26972856825923,142.45164294382604,True,True
46497.1314409944,1.0054576832508379e-07,34.04318413298648,139.4913943229832,True,True
46729.77523576556,9.824459418375779e-08,34.6671210118265,140.1893257072967,True,True
45755.699175265225,1.0068040886571767e-07,34.5485611585979,137.2670975257957,True,True
47686.67994935511,1.0348843320367679e-07,32.25011241679898,143.06003984806534,True,True
48028.51448427718,9.859166246408442e-08,33.610949989578074,144.08554345283153,True,True
47890.27416231962,9.852221141448995e-08,33.73173322541676,143.67082248695885,True,True
47568.50867571382,1.0041761456346034e-07,33.31890307953423,142.70552602714145,True,True
45306.365892464055,9.765461656998085e-08,35.97229319284311,135.91909767739216,True,True
47456.191123596655,1.0141848400763675e-07,33.06816825846081,142.36857337079,True,True
44707.591402631726,9.94848089231478e-08,35.78343997828373,134.12277420789516,True,True
48318.3886873551,9.614940578995098e-08,34.25792734319942,144.95516606206533,True,True
44804.35877076492,1.0164205712350717e-07,34.94832931246918,134.41307631229478,True,True
46370.089315412195,1.0389830168556387e-07,33.034957359010534,139.1102679462366,True,True
44903.090456999285,1.017394965051561e-07,34.83808827260546,134.70927137099787,True,True
47686.452247617075,1.030243184424856e-07,32.39555079486065,143.05935674285124,True,True
47142.89145783789,9.835672665264715e-08,34.32415455344715,141.42867437351367,True,True
46238.718930771814,1.0046121531779477e-07,34.26225245268706,138.71615679231545,True,True
46033.1151539876,9.904606291895492e-08,34.90700186115292,138.09934546196283,True,True
45522.35222370787,1.0424982223737966e-07,33.53668361628268,136.56705667112362,True,True
45442.14240072633,1.031164561859671e-07,33.9651357104852,136.326427202179,True,True
48392.1482671026,1.0008902208507859e-07,32.85933601922138,145.1764448013078,True,True
45159.00604898278,9.789555301505625e-08,36.000853168607634,135.47701814694835,True,True
48280.10782758475,1.0272912134648155e-07,32.08915837608236,144.84032348275426,True,True
45534.0805097612,1.0042645980082846e-07,34.80450064904112,136.6022415292836,True,True
47271.36305169375,1.0269218609440999e-07,32.78571107265163,141.81408915508126,True,True
44823.9555131922,9.602408028288455e-08,36.97684025010418,134.4718665395766,True,True
45151.705343232265,9.88829658717677e-08,35.647123411086014,135.4551160296968,True,True
48515.8668723995,9.718428461408783e-08,33.755169556596506,145.54760061719853,True,True
44688.619140452625,9.680869781411995e-08,36.788223633967846,134.06585742135786,True,True
44960.796739191006,1.0015428657528957e-07,35.34407265443442,134.88239021757303,True,True
46219.72774218135,9.599604538267872e-08,35.87066320546072,138.65918322654406,True,True
46948.02556855498,1.0038005133107241e-07,33.77189153468911,140.84407670566492,True,True
44788.69906776761,9.74176074350139e-08,36.476589385347225,134.36609720330284,True,True
46788.68231967817,1.0330610402901057e-07,32.927088707551455,140.36604695903452,True,True
48037.85761582546,9.777191316497561e-08,33.88616238547064,144.11357284747638,True,True
47677.133561775445,1.0208547204771776e-07,32.69987205529611,143.03140068532633,True,True
48063.9073670617,9.534017202257157e-08,34.7316268559298,144.19172210118512,True,True
45010.42002602259,1.010998255489756e-07,34.974914360623984,135.0312600780678,True,True
47648.425433113924,9.677816668525106e-08,34.51391197322898,142.94527629934177,True,True
48528.37268874875,9.61550072392704e-08,34.10770502975627,145.58511806624625,True,True
44869.05337328024,1.037009972379807e-07,34.20505489623144,134.60716011984073,True,True
45946.85527510406,1.0048299842178444e-07,34.47241847537323,137.84056582531218,True,True
45004.34036830555,1.0043947220839211e-07,35.20961766229463,135.01302110491667,True,True
46711.70237664392,9.629399732358642e-08,35.38304633298746,140.13510712993178,True,True
44696.65693840167,9.876659550995325e-08,36.05246851427616,134.08997081520502,True,True
47082.75447198663,1.0464708712876298e-07,32.30212735940107,141.24826341595988,True,True
49119.4182625141,1.0016038770134114e-07,32.34974934879495,147.3582547875423,True,True
44950.84534005243,1.0464124846270468e-07,33.83602644206493,134.8525360201573,True,True
46776.73073390741,1.0442523772343644e-07,32.582529243369564,140.33019220172224,True,True
45816.337348235094,1.0426406742437705e-07,33.31693953809656,137.44901204470528,True,True
48329.09015350561,9.884010752562888e-08,33.317952391967346,144.98727046051684,True,True
45026.433068038314,9.694517935604882e-08,36.46081474474312,135.07929920411493,True,True
46420.79478239943,1.0038691833565085e-07,34.1531241842346,139.26238434719832,True,True
47918.77979338667,9.919301444262066e-08,33.48368845955449,143.75633938016,True,True
49074.83854201906,9.557908801519136e-08,33.93113365784851,147.22451562605718,True,True
48762.39795050668,1.0249058858742157e-07,31.845721296901885,146.28719385152007,True,True
46671.35779394294,9.74597749011813e-08,34.99002814495687,140.0140733818288,True,True
46825.180957954464,1.010088788575832e-07,33.64969379058199,140.47554287386342,True,True
47612.461913592226,1.0340501134177628e-07,32.32644200287768,142.83738574077668,True,True
48417.35209560961,9.968119888756177e-08,32.97659757119595,145.25205628682883,True,True
46760.96146958192,9.712104560808236e-08,35.04478096996317,140.28288440874576,True,True
48972.93933668119,1.0318940714982225e-07,31.494073981063604,146.9188180100436,True,True
46315.78196729755,1.0404689000785559e-07,33.02646013087663,138.94734590189267,True,True
45456.95085444559,9.743244839941076e-08,35.93488129470154,136.37085256333677,True,True
46406.66832661625,9.84333034089467e-08,34.84156716121351,139.22000497984877,True,True
45290.46062387121,1.0419676794700092e-07,33.72555816507387,135.87138187161364,True,True
45921.98520903346,9.983590415748847e-08,34.71464447345331,137.7659556271004,True,True
47780.546963761975,1.0282677924648327e-07,32.39386602220526,143.34164089128592,True,True
47924.4930892206,1.011289400249834e-07,32.83879015449318,143.77347926766183,True,True
44685.50802120818,9.506462046060692e-08,37.46575711136272,134.05652406362455,True,True
48224.99979807736,1.0360367623378779e-07,31.854642184473708,144.6749993942321,True,True
46899.91630172389,9.7610561186495e-08,34.76572210164355,140.69974890517167,True,True
48824.759968485814,1.0487552975921541e-07,31.08177749585228,146.47427990545745,True,True
47146.189510387594,1.0088743303002573e-07,33.460810935124435,141.4385685311628,True,True
45652.34138405995,1.0166367896849437e-07,34.29187671354209,136.95702415217986,True,True
48575.225404477824,1.0459388681912598e-07,31.325571644793982,145.72567621343347,True,True
47135.95240627905,1.0418509201329413e-07,32.40874885679206,141.40785721883717,True,True
46970.79099872079,9.961460539625633e-08,34.014903158989945,140.9123729961624,True,True
45358.84719709077,1.0292582714364142e-07,34.090530336752956,136.0765415912723,True,True
46443.86603245611,1.0344260376711815e-07,33.12777930656964,139.33159809736833,True,True
46546.60707466822,9.979372625011985e-08,34.263274290041124,139.63982122400466,True,True
47437.9806918198,1.0226695331662199e-07,32.80640331985349,142.3139420754594,True,True
44775.19557279257,1.0327968444565743e-07,34.41658204782094,134.3255867183777,True,True
45033.165242052186,9.906455211814681e-08,35.67544327364025,135.09949572615656,True,True
46258.207521683806,1.0243909832399888e-07,33.58656460684578,138.7746225650514,True,True
47438.55803012574,1.0056375215245136e-07,33.36162398203899,142.31567409037723,True,True
47282.89504379375,1.0188369388966087e-07,33.03782052465495,141.84868513138127,True,True
48609.212511835976,1.0126234087480898e-07,32.33356442624036,145.82763753550793,True,True
48208.43287369922,9.571083798996909e-08,34.49339954628808,144.62529862109767,True,True
45252.240034417206,9.646866986929617e-08,36.45807710646854,135.75672010325164,True,True
45175.53691676662,9.591368780442519e-08,36.73129322637486,135.52661075029988,True,True
47992.200632949134,9.79965222439515e-08,33.84065837005838,143.9766018988474,True,True
49136.579490685894,9.688818602871333e-08,33.43061650941247,147.40973847205768,True,True
47926.03506630512,9.62842582468211e-08,34.490011678421126,143.77810519891537,True,True
44914.24953462857,9.767564055505255e-08,36.27853291693157,134.7427486038857,True,True
48098.80438105009,9.655286789346748e-08,34.27051829182687,144.2964131431503,True,True
46104.26303076174,9.75472253912893e-08,35.38866066221891,138.31278909228521,True,True
48280.488379439055,9.874318168368477e-08,33.38422972834823,144.84146513831718,True,True
45694.75970382992,9.983726605680756e-08,34.88679345428168,137.08427911148976,True,True
47633.07005001356,9.970159767335687e-08,33.51270165820656,142.89921015004066,True,True
46272.02787841355,1.0159328965725567e-07,33.8560724522699,138.81608363524063,True,True
46944.29348829783,1.0324512834552236e-07,32.837323830160095,140.8328804648935,True,True
46023.03074064364,9.952768069559809e-08,34.74569740505481,138.06909222193093,True,True
47588.25202088676,1.0074230987643768e-07,33.19773656745718,142.7647560626603,True,True
45946.40865374577,9.952984027143533e-08,34.80288557198417,137.83922596123733,True,True
46276.51755132769,1.0198302601155895e-07,33.72341663359214,138.8295526539831,True,True
47273.66835345643,1.0080190147433898e-07,33.39889535415857,141.8210050603693,True,True
48847.57380656788,9.762623843951734e-08,33.37417798423037,146.54272141970364,True,True
45934.401399249626,1.0220417789356612e-07,33.901071205565046,137.8032041977489,True,True
46969.582906011936,9.79545329849235e-08,34.59225626635414,140.9087487180358,True,True
47385.274802426735,1.0147320333394643e-07,33.099799078575586,142.1558244072802,True,True
46079.80431308487,1.0465891528985615e-07,33.001469312504916,138.2394129392546,True,True
48021.08766615799,9.765957014964238e-08,33.93699080302428,144.06326299847396,True,True
48971.52448067349,1.0437360271080395e-07,31.13765005033024,146.91457344202047,True,True
47963.73478091197,9.77036012765509e-08,33.96225879638422,143.8912043427359,True,True
45567.524787973685,9.833560830137035e-08,35.51844012579388,136.70257436392106,True,True
45398.15259725316,9.973731385370103e-08,35.14991537643727,136.19445779175948,True,True
46657.892768139805,9.529177260175253e-08,35.796420845794366,139.97367830441942,True,True
47999.26150493369,9.763408792923592e-08,33.96128407308929,143.99778451480108,True,True
45499.45749659556,1.0402844365252241e-07,33.6249627600641,136.4983724897867,True,True
46144.149131542756,1.0059248552316599e-07,34.28766812828214,138.43244739462827,True,True
47519.75991040869,9.791773805723762e-08,34.20460042291647,142.5592797312261,True,True
47657.17690981288,1.0305042123240737e-07,32.40724019402102,142.97153072943863,True,True
47674.85380475284,1.0155110763342051e-07,32.87351148111313,143.02456141425853,True,True
47154.00940115277,9.667915022950762e-08,34.91151385871283,141.46202820345832,True,True
46908.275691502466,1.0037586381035436e-07,33.8019197979093,140.7248270745074,True,True
47021.89913119,9.768056201014958e-08,34.65068435786736,141.06569739357,True,True
47279.70600633648,1.0226494849646305e-07,32.91687212331809,141.83911801900945,True,True
45173.740847067245,1.0039839309701066e-07,35.09193479426047,135.52122254120175,True,True
45164.185368094404,1.0070225571794921e-07,34.99344919314746,135.4925561042832,True,True
48695.38479481315,9.562069028486942e-08,34.18066084690746,146.08615438443945,True,True
49191.65352326649,9.632159863257075e-08,33.58961519979703,147.57496056979946,True,True
48989.10596876858,1.0492927776516247e-07,30.961638399450415,146.96731790630574,True,True
49029.08718471006,1.0378822699358687e-07,31.27650602127827,147.08726155413018,True,True
47442.09765230756,1.0126159978553921e-07,33.12923932304089,142.32629295692269,True,True
45481.22267342634,9.727814550380445e-08,35.97267364222172,136.443668020279,True,True
45087.15643342324,9.867140142210924e-08,35.77469906257791,135.2614693002697,True,True
49279.75803385788,9.574787609075485e-08,33.730471794943796,147.83927410157364,True,True
46593.13890822058,9.623711737048237e-08,35.49404998168413,139.77941672466173,True,True
46105.72040119725,9.894880483443191e-08,34.88628838159205,138.31716120359175,True,True
45169.1156681655,9.537501951864179e-08,36.94399900508041,135.5073470044965,True,True
49261.22225002911,9.540566065145551e-08,33.86419881840348,147.78366675008732,True,True
48417.32388551496,9.83728404184418e-08,33.41520568467508,145.25197165654487,True,True
45894.015284969464,9.896631034877789e-08,35.04101653065741,137.6820458549084,True,True
46823.9928891004,9.730887106877244e-08,34.93005362579119,140.47197866730122,True,True
46328.13078715401,9.952418221916376e-08,34.518088346954336,138.98439236146203,True,True
46546.4317862637,9.849805644055089e-08,34.71411330363061,139.63929535879112,True,True
46678.206535965415,9.655701227072964e-08,35.31198662139255,140.03461960789625,True,True
44738.532573754164,9.936384358631058e-08,35.802224707163866,134.2155977212625,True,True
46265.65820380683,1.03082361597287e-07,33.37159981336666,138.7969746114205,True,True
47148.99148419569,1.0123655836087244e-07,33.34343601928389,141.44697445258709,True,True
46360.853193962255,9.929161306038863e-08,34.57451889817225,139.08255958188678,True,True
45235.39719154316,1.0314718917121274e-07,34.110204723049705,135.70619157462949,True,True
46962.806545609026,9.90248261536647e-08,34.22330912553983,140.88841963682708,True,True
49022.42542254616,9.89563833454191e-08,32.808133449418854,147.0672762676385,True,True
48988.64840336956,9.95471679633622e-08,32.63591286957453,146.96594521010869,True,True
48440.93780479113,9.729359766437175e-08,33.76939861082572,145.3228134143734,True,True
48824.255234528406,9.538946585839735e-08,34.17307718014387,146.47276570358522,True,True
49297.41775179705,9.937734481475062e-08,32.4869224376127,147.89225325539115,True,True
45475.261172186256,9.812985229235323e-08,35.66512779650024,136.42578351655877,True,True
48661.17972669296,1.0233876798584474e-07,31.959304061073205,145.98353918007885,True,True
45688.29784282903,9.776330428514025e-08,35.63192466745514,137.0648935284871,True,True
45480.991458391756,9.691235243495225e-08,36.108635098956356,136.44297437517528,True,True
44899.09899364086,9.564588698254026e-08,37.06092090986705,134.6972969809226,True,True
45775.80179093084,1.0201378859218461e-07,34.08201748832989,137.32740537279253,True,True
47519.589353629926,1.033187015358548e-07,32.41667845047092,142.5587680608898,True,True
48131.40603841488,1.0412600088256324e-07,31.75648265351862,144.39421811524466,True,True
46286.679273268994,9.944627953917744e-08,34.576065090736485,138.860037819807,True,True
47798.345368587565,9.82596727137776e-08,33.88690892702137,143.3950361057627,True,True
44780.540893035766,1.0314735490022515e-07,34.45662220707609,134.3416226791073,True,True
48607.677016286754,9.5825156959315e-08,34.169271997250036,145.82303104886026,True,True
45543.869173598054,1.0230910960186436e-07,34.15669984595137,136.63160752079418,True,True
47247.50076507305,1.0361927199380496e-07,32.50878619444045,141.74250229521914,True,True
48037.80744501776,1.0421064931333603e-07,31.79251264916673,144.1134223350533,True,True
45045.28422613434,9.890574202600676e-08,35.72311276875095,135.13585267840304,True,True
48725.778202995316,9.582092066863272e-08,34.08795974345181,146.17733460898597,True,True
45254.3870368037,9.940835203366454e-08,35.378268250503695,135.76316111041112,True,True
48320.93861149511,9.915509179079154e-08,33.21771457442362,144.96281583448533,True,True
47423.9223258586,1.0317332114049168e-07,32.52784189206848,142.2717669775758,True,True
47202.22631753411,9.525249507107438e-08,35.39820893119537,141.60667895260232,True,True
46699.40883508195,1.0101147437059895e-07,33.739453099343024,140.09822650524586,True,True
45841.41292793796,1.0164466008358254e-07,34.15683082844412,137.5242387838139,True,True
46684.60229054143,1.0138140689464483e-07,33.62700237276594,140.0538068716243,True,True
47034.85929907967,9.801058616763901e-08,34.52449190945447,141.104577897239,True,True
48760.867884902975,1.02778372333937e-07,31.75754843144487,146.28260365470894,True,True
47862.92979281803,1.034891439512319e-07,32.13113434010528,143.5887893784541,True,True
44962.48455180481,9.597814673441863e-08,36.88055689416664,134.88745365541445,True,True
47715.016150982025,9.578256657796167e-08,34.823994560345255,143.14504845294607,True,True
48570.11226441081,1.0264954410468034e-07,31.922287118939078,145.71033679323244,True,True
46992.64705942441,9.619077617516351e-08,35.209251553959895,140.97794117827323,True,True
48279.968660880186,9.669288181472697e-08,34.092484213616174,144.83990598264057,True,True
45823.45151293184,1.0423226733371894e-07,33.32193007442586,137.47035453879553,True,True
47143.07961501066,1.0310455168829952e-07,32.74344301390533,141.429238845032,True,True
44833.47624594095,9.658637756385396e-08,36.753765436887825,134.50042873782283,True,True
45166.529548208426,9.927629744325328e-08,35.49423644451256,135.49958864462528,True,True
45884.31465954065,1.0498193215924264e-07,33.040097537903726,137.65294397862195,True,True
44670.63660505855,1.044005869054613e-07,34.12675933809835,134.01190981517567,True,True
44835.34328700925,1.0378662474634969e-07,34.20253089419063,134.50602986102774,True,True
47284.500137787785,9.774835229036082e-08,34.43434956520938,141.85350041336338,True,True
46597.93381897424,1.0452123441730885e-07,32.67750887028321,139.79380145692272,True,True
47539.07340595105,9.890513945364741e-08,33.84936761484526,142.61722021785317,True,True
46416.5628330606,1.0318402881572652e-07,33.23033145455143,139.2496884991818,True,True
46712.72796948168,9.513994815488069e-08,35.81145700993704,140.13818390844503,True,True
48110.537019838244,1.0481978329677888e-07,31.559976380746146,144.33161105951473,True,True
46483.9372390453,1.0484312151523565e-07,32.657074928847784,139.45181171713588,True,True
48016.09474340834,1.0239037131587307e-07,32.372346382131774,144.04828423022502,True,True
47196.332939846856,9.998347784558189e-08,33.72746002652222,141.58899881954056,True,True
45165.81567427132,1.0065272542231402e-07,35.009405407123566,135.49744702281396,True,True
49293.19528803687,9.802345832318048e-08,32.938448602869066,147.87958586411062,True,True
44775.51081085889,1.0065375660019972e-07,35.314218050816564,134.32653243257667,True,True
47679.336959499655,9.778074076935605e-08,34.13788422469542,143.03801087849897,True,True
45003.31543729899,1.0411959735368865e-07,33.96590118794667,135.00994631189698,True,True
46718.757535277924,9.945791322429125e-08,34.252281486284836,140.15627260583378,True,True
47737.07136642012,1.0328862139565005e-07,32.27839106325051,143.21121409926036,True,True
45152.242343274185,9.52640465115859e-08,37.00085703744701,135.45672702982256,True,True
47826.78036476095,9.793798603804536e-08,33.97800037600932,143.48034109428284,True,True
49031.66541170733,1.0111987191634196e-07,32.10014366025249,147.09499623512198,True,True
46251.91101542729,9.716848615962463e-08,35.413187066139855,138.75573304628188,True,True
48263.56626802475,1.0426071708155945e-07,31.62860333413295,144.79069880407425,True,True
47312.2247058868,1.031952405759091e-07,32.59771016194463,141.93667411766043,True,True
48924.456878122655,1.0279473869996026e-07,31.646321189517277,146.77337063436795,True,True
45520.37616731858,9.845331999442612e-08,35.51271888721444,136.56112850195572,True,True
45129.65877987872,1.0331459833939904e-07,34.13472356637085,135.38897633963617,True,True
48690.61076443439,1.0465289071240406e-07,31.23371768505289,146.07183229330317,True,True
47442.96849602128,9.681556126467575e-08,34.64998964882159,142.32890548806384,True,True
47904.396030543816,9.699336199254319e-08,34.253326123434604,143.71318809163145,True,True
46153.58786290189,1.0164621591647151e-07,33.925280615660526,138.46076358870567,True,True
48834.47590688919,1.0172171639103569e-07,32.03907144088355,146.50342772066756,True,True
46386.866151211034,1.0333201936872103e-07,33.203982931171154,139.1605984536331,True,True
49016.66898005225,1.0319680904896082e-07,31.463719984118697,147.05000694015678,True,True
48540.402835162,9.701350919200654e-08,33.79749723443596,145.621208505486,True,True
47755.129473216104,1.0305055914653922e-07,32.34072505252339,143.2653884196483,True,True
45174.032730665815,9.931776115109692e-08,35.47352516653267,135.52209819199746,True,True
46032.17456409169,1.0348489238323271e-07,33.41040096956034,138.09652369227507,True,True
47961.6356616291,9.937997042032557e-08,33.39083525412039,143.88490698488732,True,True
47391.391176746794,9.60562968727745e-08,34.96188453322723,142.17417353024038,True,True
46736.04621369296,9.772516806970053e-08,34.84670642563969,140.20813864107888,True,True
47850.45498122302,1.0087967902413912e-07,32.97086706422709,143.55136494366906,True,True
45430.67923530801,9.55303937604301e-08,36.67155566377069,136.29203770592403,True,True
46712.51119004482,1.003771804010204e-07,33.9431329017615,140.13753357013445,True,True
44994.256785316364,1.035716019058231e-07,34.1524886535737,134.9827703559491,True,True
47671.69416578951,1.0470332581697119e-07,31.88592854205886,143.01508249736852,True,True
46713.65584407792,9.579135554172867e-08,35.56722283223403,140.14096753223376,True,True
48956.71604163027,9.84990443131222e-08,33.00470358496704,146.87014812489082,True,True
48953.83945976565,9.911894091188817e-08,32.80021718755713,146.86151837929694,True,True
47297.501988200376,1.0049423809315356e-07,33.48426463492506,141.89250596460113,True,True
47471.70246921366,9.703793826196512e-08,34.54965889550507,142.415107407641,True,True
48779.4272785437,1.0046994982204591e-07,32.47485714749127,146.3382818356311,True,True
45295.74303399716,9.76006230905393e-08,36.000634335018574,135.8872291019915,True,True
45073.81833035296,9.525077080004535e-08,37.070400911115755,135.2214549910589,True,True
44906.22752351313,9.568317205948966e-08,37.04059844417104,134.71868257053939,True,True
49313.05336467592,1.0129008735577811e-07,31.863339574822852,147.93916009402778,True,True
44988.56978076707,9.668632104625735e-08,36.589199605299626,134.96570934230124,True,True
45627.81780316184,9.936892760268732e-08,35.102644035009114,136.88345340948553,True,True
48735.65481758965,9.786433604030676e-08,33.369436429379505,146.20696445276894,True,True
46291.14401964239,9.892900638110897e-08,34.753501759905845,138.87343205892716,True,True
46497.981982860416,1.0035886172404202e-07,34.10596168961856,139.49394594858126,True,True
46508.05988142819,9.576048720717065e-08,35.73596891389209,139.52417964428457,True,True
47352.39164846989,9.876345228463455e-08,34.03156727125919,142.05717494540968,True,True
48214.1311786682,9.704119431393883e-08,34.0165021249976,144.64239353600462,True,True
44816.91186368678,1.0491544102430931e-07,33.84845054901143,134.45073559106032,True,True
47132.22170025582,9.534483729103721e-08,35.41645087378217,141.39666510076745,True,True
48498.45414289678,9.632926450116264e-08,34.06700790804833,145.49536242869036,True,True
46791.095052314806,9.517675858296009e-08,35.73765175202342,140.3732851569444,True,True
49018.43067286158,9.927228675439136e-08,32.70639687774317,147.05529201858474,True,True
49320.53718115324,9.544510376693923e-08,33.809494622182626,147.96161154345972,True,True
45748.68797625305,9.595266478411673e-08,36.256380646957325,137.24606392875916,True,True
48801.73918420089,1.0368325201572894e-07,31.45402457304844,146.40521755260266,True,True
45156.91047165145,9.530229261095059e-08,36.98218463751855,135.47073141495437,True,True
47943.92219162914,1.0329730141292738e-07,32.136427483818295,143.83176657488744,True,True
46636.82077707159,9.50749706899801e-08,35.89425918630342,139.91046233121477,True,True
45701.88670426482,1.0047900339271255e-07,34.65857347421586,137.10566011279445,True,True
44790.09835868177,9.752875165720435e-08,36.43388222395309,134.37029507604532,True,True
45233.509585108775,1.0414892450525772e-07,33.78353236525088,135.7005287553263,True,True
44694.43261143989,1.0108304056538011e-07,35.22803395910043,134.08329783431967,True,True
45494.61822069823,1.0344609858285036e-07,33.81784977845978,136.48385466209467,True,True
45926.9252705335,1.0153821056397853e-07,34.12897577263396,137.7807758116005,True,True
47200.784969181914,1.0022942386489212e-07,33.641525151205364,141.60235490754576,True,True
48405.552551611494,1.0225876621625465e-07,32.15321474834937,145.21665765483448,True,True
45374.86112156428,1.044380120373515e-07,33.58506756578961,136.12458336469285,True,True
44907.64144495826,1.0409382798711424e-07,34.04669070558183,134.7229243348748,True,True
48449.56990936846,9.751714532568543e-08,33.685983070858306,145.34870972810538,True,True
47287.12645742938,9.982098978842529e-08,33.717497669673804,141.86137937228816,True,True
48067.3869736933,1.0110183911953358e-07,32.749944025904554,144.2021609210799,True,True
46433.59023239718,1.0306861062878307e-07,33.25534405784533,139.30077069719155,True,True
46567.060440185,1.0217981034445802e-07,33.448466803848135,139.701181320555,True,True
44914.293761700734,1.0259088785624727e-07,34.54035271352528,134.74288128510221,True,True
48230.026066574384,1.0193250854541871e-07,32.37351996670907,144.69007819972316,True,True
48098.49745732336,9.530389837735208e-08,34.719859274427435,144.29549237197008,True,True
47923.979156396585,1.0253866001312242e-07,32.38766386472382,143.77193746918977,True,True
49290.97179785274,1.0409225735210247e-07,31.019466507946998,147.87291539355823,True,True
46566.23999570359,9.966836613932155e-08,34.291905684325265,139.6987199871108,True,True
44732.07356281506,1.0375813588492783e-07,34.29090448570515,134.19622068844518,True,True
48760.906491577225,1.0371173224385732e-07,31.471719565409483,146.28271947473166,True,True
48909.83881729899,1.0244370996138904e-07,31.76424975659943,146.72951645189696,True,True
48948.23094901005,9.665968935378407e-08,33.63858632475351,146.84469284703016,True,True
44675.42296670836,1.0443755482140795e-07,34.1110245163966,134.02626890012507,True,True
44863.67413412146,9.724804529647806e-08,36.479125069111376,134.59102240236436,True,True
45562.10577115048,1.0415725246069611e-07,33.53720213834988,136.68631731345147,True,True
48151.18351871041,9.774147578985213e-08,33.81693738079342,144.45355055613123,True,True
45926.19337121841,9.961531346348094e-08,34.78832956353675,137.77858011365524,True,True
46945.67758098468,1.0029445942294357e-07,33.80240321679167,140.83703274295402,True,True
49166.025961899264,1.0236003402826761e-07,31.6245681646834,147.4980778856978,True,True
46617.45162020419,9.646324092725297e-08,35.39237882387795,139.8523548606126,True,True
48971.4356152489,1.0352949146250149e-07,31.39158289363919,146.9143068457467,True,True
48414.96116192741,1.0008190192361982e-07,32.846189481113896,145.24488348578222,True,True
45085.21461369222,9.607580757195638e-08,36.742774436543066,135.25564384107665,True,True
47815.59274286686,1.0318273554094541e-07,32.25845403339097,143.44677822860058,True,True
49181.44741341958,1.030542828043969e-07,31.4016725475487,147.54434224025871,True,True
45971.79610141995,9.629161482316747e-08,35.95341849139346,137.91538830425986,True,True
49049.97897710362,1.0270526994144209e-07,31.59283342705248,147.14993693131086,True,True
48542.104015042394,1.0079576097535447e-07,32.52814274516931,145.62631204512718,True,True
47291.548783569204,1.0102654542783213e-07,33.312029444938354,141.87464635070762,True,True
46865.19952767634,1.0418977553201336e-07,32.594517678360425,140.59559858302902,True,True
47118.69785344647,9.92869637553806e-08,34.020024470527865,141.35609356033942,True,True
44689.23122890114,1.0250143194997849e-07,34.74459993355957,134.06769368670342,True,True
46309.47682478836,9.597738425150301e-08,35.80810574964248,138.9284304743651,True,True
45742.94023267546,9.640137969425097e-08,36.09215432132776,137.2288206980264,True,True
48267.194380786255,9.772544514196724e-08,33.741191825620035,144.80158314235877,True,True
47055.10103023285,1.0474054540270247e-07,32.29227114426009,141.16530309069856,True,True
45293.902982159496,9.743544399931858e-08,36.063130016601015,135.88170894647848,True,True
48855.290575198436,1.0029246490911454e-07,32.48181030904826,146.56587172559531,True,True
46631.034297076825,9.79749330991813e-08,34.8361464495865,139.89310289123046,True,True
46498.17135793054,1.0153418392589017e-07,33.71102638048745,139.49451407379163,True,True
47152.20600549095,9.814914716419166e-08,34.389953249600815,141.45661801647285,True,True
44759.56115732947,1.0196544395999562e-07,34.872356616653875,134.27868347198842,True,True
47628.3079208587,9.547061900642067e-08,35.00138587366664,142.8849237625761,True,True
49147.7713314327,9.79037592227747e-08,33.07630095842078,147.4433139942981,True,True
45011.14808883649,1.0428803112513045e-07,33.905142398380825,135.0334442665095,True,True
45997.65235480498,9.617041531763213e-08,35.978493416465184,137.99295706441495,True,True
48353.90077455869,1.0428733213629877e-07,31.561458120488492,145.06170232367606,True,True
48907.137212196474,9.903261195881717e-08,32.860158656367304,146.7214116365894,True,True
46241.502331782,1.0322824178509525e-07,33.341847894179146,138.724506995346,True,True
44801.42069847252,1.0496557401091745e-07,33.84398239165619,134.40426209541755,True,True
48485.867034684554,1.0494900293088027e-07,31.27711223688507,145.45760110405368,True,True
48516.114603696304,1.0013462656048211e-07,32.760448282808554,145.54834381108893,True,True
49159.266066924465,1.0060851295818273e-07,32.179553310746755,147.47779820077338,True,True
48289.03850062802,1.0443637917416859e-07,31.558748120371664,144.86711550188406,True,True
48391.048517239666,1.0357312127345659e-07,31.754701525919053,145.17314555171902,True,True
46995.661922224645,1.0490119738339445e-07,32.28359684994252,140.98698576667394,True,True
48071.077315074705,1.0066557122395418e-07,32.88935179553714,144.21323194522412,True,True
46523.434748982865,9.921764382872443e-08,34.479380309267334,139.5703042469486,True,True
45908.04199053782,1.0341778592983477e-07,33.5224788704119,137.72412597161346,True,True
44849.70261409859,1.0267740936681028e-07,34.56094917899888,134.5491078422958,True,True
49041.29814797034,9.565059825852402e-08,33.9289549634359,147.123894443911,True,True
46021.31745548092,9.58559364235342e-08,36.077968110335696,138.06395236644278,True,True
48552.71421258496,9.51487163529481e-08,34.451146946781826,145.65814263775488,True,True
48433.078852145045,9.606066232143714e-08,34.2083775896416,145.29923655643515,True,True
45753.182569116165,9.684188269783745e-08,35.919939699764534,137.2595477073485,True,True
45472.1839804037,1.0220610930799196e-07,34.24502297962438,136.4165519412111,True,True
45310.178086426145,9.683920685474721e-08,36.272136634957725,135.93053425927846,True,True
46495.79839905553,1.0212678837313997e-07,33.51712410078141,139.4873951971666,True,True
49036.791273930154,9.899697355441643e-08,32.78507408221027,147.11037382179046,True,True
46526.46561469489,9.682390439331713e-08,35.32949889994139,139.5793968440847,True,True
48705.439302158025,9.845552225950102e-08,33.18964342366603,146.11631790647408,True,True
49252.71138260585,1.0130978550019631e-07,31.896174028808048,147.75813414781754,True,True
49286.4391598132,1.0381067290015978e-07,31.106466663616082,147.8593174794396,True,True
45198.77955569469,1.033896250637394e-07,34.057789974899116,135.59633866708407,True,True
45753.63613304154,1.0170024052738989e-07,34.20365660247776,137.26090839912462,True,True
48445.32950180945,9.923985681868945e-08,33.10412311826573,145.33598850542836,True,True
44870.553204885226,9.748619052875815e-08,36.38443270459362,134.61165961465568,True,True
46076.78044067446,1.0224559099356271e-07,33.78262686910769,138.23034132202338,True,True
48196.775125989574,1.0175971756555e-07,32.45086355772217,144.59032537796872,True,True
48402.71411496814,1.0005723060307424e-07,32.862601357270066,145.20814234490442,True,True
49161.09385411745,1.0159692530941435e-07,31.8653012995655,147.48328156235235,True,True
49147.95360122471,1.0416390007860003e-07,31.088334759472023,147.44386080367414,True,True
45053.654908219,9.711520835821502e-08,36.37498786896173,135.16096472465702,True,True
45137.28639532057,9.772591094083015e-08,36.08070028249061,135.4118591859617,True,True
47870.708585389584,1.0049648056217402e-07,33.082583920674985,143.61212575616875,True,True
47379.99925000754,9.664645108250298e-08,34.756750875587855,142.13999775002262,True,True
47872.19635869816,9.961371007066376e-08,33.37472246524563,143.61658907609447,True,True
45101.515973979425,1.0096173675483674e-07,34.9520118591503,135.30454792193828,True,True
45785.23215897226,1.0051341794511519e-07,34.583637441573,137.3556964769168,True,True
46910.47259280359,1.0292316516953483e-07,32.963793885926165,140.7314177784108,True,True
49177.14055225936,9.813094287924984e-08,32.980017913893285,147.5314216567781,True,True
47521.829911031804,1.004298137631273e-07,33.3475796663195,142.5654897330954,True,True
44712.83358019137,9.75801975974069e-08,36.47759903361322,134.13850074057413,True,True
48477.711255480725,1.0141607667714138e-07,32.37212572175859,145.43313376644218,True,True
48168.585310995906,1.0222928604079766e-07,32.320711483255536,144.50575593298774,True,True
47324.824368551715,9.791992945452356e-08,34.34472385541556,141.97447310565514,True,True
44986.855100156354,1.0271700146686486e-07,34.44230155036731,134.96056530046906,True,True
44666.040827891215,9.688084888374739e-08,36.77940825446046,133.99812248367365,True,True
46268.01725523497,9.617840087054671e-08,35.765285060099686,138.8040517657049,True,True
46627.282860350766,9.954509602542322e-08,34.28942113097407,139.88184858105228,True,True
45661.9954140314,9.557778612219474e-08,36.467692057833325,136.9859862420942,True,True
46716.87582673986,9.6173910961002e-08,35.423303706735,140.15062748021958,True,True
45025.12763299213,1.0148347670584205e-07,34.831312671675654,135.0753828989764,True,True
48673.15635670067,9.616464681575092e-08,34.002839104358735,146.019469070102,True,True
48062.7497808425,9.899919116708789e-08,33.44874834635832,144.1882493425275,True,True
47410.222253888795,9.593653529997783e-08,34.99162490806711,142.23066676166638,True,True
48838.97722695248,9.552175283794125e-08,34.11546443134757,146.51693168085745,True,True
47680.63061874889,9.880506156784529e-08,33.78305714576879,143.04189185624665,True,True
47457.40957588571,9.548382067212986e-08,35.12257222642751,142.37222872765713,True,True
44922.9833066408,1.0290585105498746e-07,34.427974541975125,134.76894991992242,True,True
47891.771973602365,9.940926555913039e-08,33.42969085227507,143.6753159208071,True,True
47335.646788178856,9.604651236078052e-08,35.00662292852601,142.00694036453658,True,True
45531.946098717395,9.527227010808929e-08,36.68912928138681,136.59583829615218,True,True
45050.24948312754,1.0369484069798152e-07,34.06950176798892,135.15074844938263,True,True
45984.525813899745,9.904160336803826e-08,34.945459605931866,137.95357744169922,True,True
48027.41833842533,1.0297953813604865e-07,32.179548748150616,144.082255015276,True,True
47633.06289584716,1.0219561454894812e-07,32.69485108785871,142.89918868754148,True,True
46620.99966211611,9.608663009801812e-08,35.5283949316791,139.86299898634834,True,True
47082.77455315321,1.0358220756126992e-07,32.63419629756472,141.24832365945963,True,True
48573.80476557311,1.0396022569505603e-07,31.517429863508454,145.72141429671933,True,True
46033.20779015795,1.0476716057018747e-07,33.000743040477836,138.09962337047386,True,True
48573.41026548806,1.0082373804501592e-07,32.498157644199196,145.72023079646416,True,True
44898.998797380096,9.892579003684367e-08,35.83223911453341,134.6969963921403,True,True
46340.298097128136,9.896410873132893e-08,34.70432411352108,139.02089429138442,True,True
48216.04434222062,1.0098410012147882e-07,32.68703695159131,144.64813302666187,True,True
47941.4396035196,1.0267069226996851e-07,32.334233503573515,143.8243188105588,True,True
46146.746986522136,9.97208746606179e-08,34.58541256997769,138.4402409595664,True,True
46220.19935977566,9.835673454743172e-08,35.0093635472386,138.66059807932697,True,True
45591.9559834704,9.847798133819201e-08,35.4480842633327,136.7758679504112,True,True
46440.04112013786,9.796349555246149e-08,34.983500440925134,139.3201233604136,True,True
48423.778135292916,9.693932973990907e-08,33.904820383014744,145.27133440587875,True,True
46741.468968452835,9.660243506347825e-08,35.24761212514457,140.2244069053585,True,True
46682.934048369054,9.756217257098992e-08,34.94463631184059,140.04880214510717,True,True
49025.38877367331,1.0114322040166583e-07,32.09684225630801,147.07616632101994,True,True
45425.33267598808,1.049772254781673e-07,33.37543422905186,136.27599802796425,True,True
45627.582497106414,1.0234457419535978e-07,34.082217936303195,136.88274749131924,True,True
47793.93772701182,1.00151912771928e-07,33.249725947758016,143.38181318103545,True,True
44998.174428192586,1.0429926761603383e-07,33.91126400688261,134.99452328457775,True,True
46394.84102702596,1.0499065381241179e-07,32.67381159496766,139.1845230810779,True,True
49139.11462746289,9.963899166282682e-08,32.50599622126295,147.41734388238868,True,True
47164.511316800155,1.0094191844877106e-07,33.42975842402799,141.49353395040046,True,True
48736.39505633324,1.0215489721931343e-07,31.96741642293154,146.2091851689997,True,True
48620.79163416424,9.68047910409048e-08,33.81436639474525,145.86237490249275,True,True
45782.23601908879,1.0094171070687125e-07,34.43915373106235,137.34670805726637,True,True
45370.21861169455,1.0384689353389429e-07,33.779697036203885,136.11065583508366,True,True
48122.17264688071,1.0452338014249575e-07,31.64182024355424,144.36651794064215,True,True
47534.99911540996,9.850565942496177e-08,33.98955344321957,142.60499734622988,True,True
47077.367702644464,1.007341568702604e-07,33.560714960874606,141.23210310793337,True,True
48408.070808551696,9.99994159099971e-08,32.87796229989826,145.22421242565508,True,True
46492.89130649783,1.0421346963727685e-07,32.84805969746271,139.4786739194935,True,True
45559.85607678682,1.0491246193199927e-07,33.297429619668975,136.67956823036045,True,True
49196.5447156582,1.0334729053900853e-07,31.303034147165285,147.5896341469746,True,True
47699.96454851278,1.022274265675254e-07,32.638834880450645,143.09989364553832,True,True
47695.664336624504,9.781798769110194e-08,34.11320350309356,143.0869930098735,True,True
45524.889301138,1.0009698641015796e-07,34.92611106336092,136.574667903414,True,True
49236.58302735942,9.581845684667654e-08,33.73518170385674,147.70974908207828,True,True
45279.96160471206,1.0022282374127427e-07,35.07094328694357,135.83988481413616,True,True
46563.61312894495,9.85383010429464e-08,34.68713170379869,139.69083938683485,True,True
47780.805161955475,9.54083487261231e-08,34.91244691932354,143.34241548586644,True,True
48056.36532250858,9.698154572742463e-08,34.149166607825556,144.16909596752575,True,True
45749.24749002126,9.617883729906022e-08,36.170678386842575,137.2477424700638,True,True
44938.342425859366,9.934030307571871e-08,35.65148314963133,134.8150272775781,True,True
48641.0029985874,9.58187363553578e-08,34.148149241646,145.9230089957622,True,True
44866.6389443602,1.0051144826050802e-07,35.292389537012006,134.5999168330806,True,True
47707.867331534195,1.0109243152894262e-07,32.9998135581775,143.12360199460258,True,True
45603.805918527454,1.0121861106766676e-07,34.4793181930326,136.81141775558237,True,True
48801.78967411573,9.805871844951694e-08,33.25815627835414,146.40536902234717,True,True
44742.60981771791,9.551920245289947e-08,37.23986786234631,134.22782945315373,True,True
47506.23883191823,1.0151957180338467e-07,33.00043818682122,142.5187164957547,True,True
48420.30764792036,9.932478589118368e-08,33.09290934561507,145.26092294376107,True,True
45709.10983385015,9.5235793326352e-08,36.560924086588194,137.12732950155043,True,True
48497.748528694116,1.0198591845003701e-07,32.17794781397062,145.49324558608234,True,True
44680.86839916321,9.555254584395933e-08,37.278314136662196,134.04260519748965,True,True
47605.50601202445,9.555135598301306e-08,34.98856180673569,142.81651803607338,True,True
47195.02099031713,9.513993936192452e-08,35.44549761819639,141.58506297095138,True,True
45495.1391207279,1.040178307941955e-07,33.631585479149884,136.4854173621837,True,True
46116.981477585534,1.0055672154942314e-07,34.32006902362111,138.35094443275662,True,True
44850.75658191983,1.0491128323551763e-07,33.82424870536599,134.55226974575947,True,True
49224.436734502066,9.570634597405016e-08,33.78303327642506,147.67331020350622,True,True
48837.362836011765,1.0338774825662066e-07,31.52091751413657,146.5120885080353,True,True
48834.45740489583,9.868803029145132e-08,33.02397021894057,146.50337221468752,True,True
48371.94032718075,1.023536662811063e-07,32.14572459437403,145.11582098154227,True,True
47206.17303186964,9.50163381237829e-08,35.48322202960464,141.61851909560895,True,True
44799.30836815534,1.040821155954501e-07,34.1328624979994,134.39792510446603,True,True
45645.20879786257,9.922947019768451e-08,35.13858436532238,136.9356263935877,True,True
49014.895706090065,1.0300282550855404e-07,31.52411554111308,147.04468711827022,True,True
47589.195169627106,1.0076850102967058e-07,33.18845024804716,142.76758550888133,True,True
46352.75457418036,1.0279392380034139e-07,33.402359031418605,139.05826372254108,True,True
47367.3084636087,9.808261273570026e-08,34.257005536626416,142.10192539082612,True,True
45080.86875392409,1.0120112097131354e-07,34.88530560132261,135.2426062617723,True,True
46192.696172480275,1.0353014106473719e-07,33.27974684633572,138.57808851744082,True,True
45634.913386879125,9.796389604133567e-08,35.6005618661826,136.9047401606374,True,True
48738.564813585595,9.632596445919099e-08,33.900338057609176,146.2156944407568,True,True
45553.946643996875,1.0494906275989625e-07,33.29013515508933,136.66183993199064,True,True
47987.80519841939,1.0040619669762665e-07,33.03153284027946,143.96341559525817,True,True
45198.91466856127,1.0165866053030889e-07,34.63759596738583,135.59674400568383,True,True
47611.11173555433,9.931726818557534e-08,33.65790216861172,142.833335206663,True,True
45695.94486534058,1.0100281907561263e-07,34.483312221847434,137.08783459602174,True,True
49185.1996720487,1.0352432507109445e-07,31.256711560319747,147.5555990161461,True,True
47989.95052827073,9.685645350817578e-08,34.24059213798504,143.9698515848122,True,True
45979.60068774987,9.832307081119718e-08,35.20460715558191,137.93880206324963,True,True
47750.68232143738,1.0266253729382507e-07,32.46598295713728,143.25204696431214,True,True
47267.73818678231,1.0385428144551533e-07,32.42133585200739,141.80321456034696,True,True
48977.51858621253,1.039993558671028e-07,31.245875939999397,146.9325557586376,True,True
48347.54096414085,1.0180227806063344e-07,32.33614511401811,145.04262289242254,True,True
49125.322121292935,9.744101103642057e-08,33.248567528136626,147.3759663638788,True,True
46696.742646361046,1.0004791982998824e-07,34.066340354373736,140.09022793908315,True,True
47540.51154170267,9.730874692888095e-08,34.40364051820202,142.621534625108,True,True
46579.44501142353,9.585228065292612e-08,35.64703161443764,139.73833503427062,True,True
47411.59262274133,9.799169271211196e-08,34.2567633683581,142.234777868224,True,True
46209.79863038647,1.0027786759074494e-07,34.34637960490194,138.62939589115942,True,True
46904.95999359599,1.0090270220351882e-07,33.627808442723236,140.714879980788,True,True
45282.36331808857,1.030972933159878e-07,34.09131732340616,135.84708995426573,True,True
48324.80519368852,9.780252253589384e-08,33.674407521671284,144.97441558106556,True,True
47865.719677859095,1.0243584981227713e-07,32.45962990772305,143.59715903357727,True,True
46765.30103514247,9.92269371977214e-08,34.297843234660974,140.2959031054274,True,True
46046.07624715696,1.0012231832741351e-07,34.5220523041694,138.1382287414709,True,True
44927.65128778687,9.618213853364824e-08,36.830870818782216,134.7829538633606,True,True
46105.81115996733,9.903459625735589e-08,34.85599856801442,138.317433479902,True,True
49303.75726659956,1.0115099984598858e-07,31.913169218163077,147.91127179979867,True,True
45056.89928651767,9.932154344644477e-08,35.56439053030206,135.17069785955303,True,True
48844.82330551931,1.043665021714338e-07,31.220543585115944,146.53446991655795,True,True
45265.79882598721,9.905962188642938e-08,35.49386365967364,135.79739647796163,True,True
48224.08738334915,9.582288774815667e-08,34.44188079580269,144.67226215004743,True,True
49078.07374040364,9.668755006752521e-08,33.53992343728715,147.23422122121093,True,True
45274.38943402124,1.0112557268303805e-07,34.76214248876803,135.82316830206372,True,True
45044.385713298856,1.0194707869296117e-07,34.658094173062416,135.13315713989658,True,True
45636.68302118601,9.684529077523653e-08,36.010367440091386,136.91004906355803,True,True
49026.27717213377,1.043746236417562e-07,31.10257120062243,147.0788315164013,True,True
45927.47629764134,9.537378789712867e-08,36.33444395721168,137.78242889292403,True,True
48882.38533783008,9.513081219040586e-08,34.22524272327788,146.64715601349025,True,True
45292.17533088734,1.029021779630591e-07,34.14855922595936,135.876525992662,True,True
45203.75927708731,9.612071529014497e-08,36.6292970426069,135.61127783126193,True,True
48373.40625437744,9.614663489126161e-08,34.219950211239805,145.12021876313233,True,True
44677.82897720749,1.0480026626628828e-07,33.991136397052514,134.0334869316225,True,True
47783.45423305023,9.653980400342829e-08,34.50135703848609,143.35036269915068,True,True
47857.7633075977,1.0117085978097395e-07,32.870952849249605,143.57328992279312,True,True
47195.3379637998,1.0273009153068337e-07,32.826407480680004,141.5860138913994,True,True
46833.45533957296,9.929608218735326e-08,34.22408275479207,140.50036601871886,True,True
48068.747540715725,1.0343205074604209e-07,32.01121731022442,144.2062426221472,True,True
47003.50222929088,1.022818149632891e-07,33.10483955422504,141.01050668787266,True,True
45098.95602201765,9.520663399972634e-08,37.06691412440699,135.29686806605295,True,True
46621.93488259618,9.75146236400477e-08,35.00741872944018,139.86580464778854,True,True
48200.433321163655,1.025691058752198e-07,32.19234545194939,144.60129996349096,True,True
46864.119222890804,1.0252938269690603e-07,33.123127006153425,140.59235766867243,True,True
48929.24247900008,1.0237734125584225e-07,31.772236956783175,146.78772743700026,True,True
45108.49540040578,1.0345071495636087e-07,34.10580414744926,135.32548620121733,True,True
46686.60143508967,9.723862909148655e-08,35.05815394926324,140.059804305269,True,True
49214.83302444145,1.0361142305807209e-07,31.21163195268209,147.64449907332434,True,True
46148.21759894412,1.0241070060860338e-07,33.675950513416396,138.44465279683234,True,True
46536.717211413554,1.0295493873694705e-07,33.21828470957116,139.61015163424068,True,True
48135.04717784807,1.0013074656542098e-07,33.0210801700489,144.40514153354422,True,True
45172.74362703035,9.573168033389544e-08,36.803403306590255,135.51823088109106,True,True
46351.51674773698,1.0174786465858833e-07,33.74666637415157,139.05455024321094,True,True
49022.81734383492,9.57952022987899e-08,33.89051014318919,147.06845203150476,True,True
47111.9734990089,1.0349653917481103e-07,32.64096629230663,141.3359204970267,True,True
44732.96631432367,9.520041624029629e-08,37.37262356922253,134.19889894297103,True,True
45272.21609440123,1.0428358940062143e-07,33.711059857877174,135.8166482832037,True,True
48141.733236516324,1.0208938482374359e-07,32.3830553971425,144.425199709549,True,True
45473.41585813468,1.048879057822032e-07,33.368534906065996,136.42024757440404,True,True
47183.87914848156,1.018322663824357e-07,33.12387058908529,141.5516374454447,True,True
48882.728546655686,9.702925196672777e-08,33.55536822116233,146.64818563996707,True,True
48780.554070435275,9.901525721083474e-08,32.95120361380043,146.34166221130582,True,True
44912.941269827694,9.580961617682545e-08,36.986184702344985,134.73882380948308,True,True
45799.88924806666,1.0291581872512924e-07,33.76552996080238,137.39966774419997,True,True
47734.29067525184,9.786203754333325e-08,34.070256600259604,143.2028720257555,True,True
45699.52721010979,1.016378614918473e-07,34.26517118757319,137.09858163032936,True,True
47922.15571040756,9.72854764789449e-08,34.137819312578706,143.76646713122267,True,True
44793.97518380222,1.0336859606066087e-07,34.3725623797851,134.38192555140665,True,True
45704.95833663967,1.0175135308061819e-07,34.22288525201379,137.11487500991902,True,True
48644.12071948705,9.955445273160035e-08,32.864655541303605,145.93236215846116,True,True
45931.166338942094,1.0352046335275438e-07,33.47236901557557,137.79349901682627,True,True
44857.10624807364,1.0079431509908876e-07,35.20082481619257,134.5713187442209,True,True
45064.99039539334,1.0402508879953032e-07,33.95023256388635,135.19497118618003,True,True
48642.79950814194,1.0073226186312142e-07,32.481268699042054,145.92839852442583,True,True
48082.60086630017,1.0023122390877865e-07,33.02395979034034,144.24780259890053,True,True
44792.01116684316,9.782367643905902e-08,36.32248794529249,134.37603350052947,True,True
44755.94027323537,1.0164971560664286e-07,34.98350168085369,134.26782081970612,True,True
46351.79212167684,9.873803572998384e-08,34.775158512732794,139.05537636503053,True,True
48356.43913574278,9.713552351892119e-08,33.883458582099955,145.06931740722834,True,True
45297.94306942991,9.515944402690708e-08,36.922385641042,135.89382920828973,True,True
44846.74544693255,9.969172456911984e-08,35.59836823688152,134.54023634079766,True,True
47315.33664709147,1.0159667608391858e-07,33.1084384415139,141.9460099412744,True,True
48899.158435339756,1.0434590582974543e-07,31.192007975188126,146.69747530601927,True,True
48948.24525908507,9.54715311527283e-08,34.05721385856149,146.84473577725524,True,True
47144.278118546405,9.867988902502555e-08,34.210741634305236,141.43283435563922,True,True
46776.11465747245,1.0473173262302552e-07,32.48760513469329,140.32834397241734,True,True
47445.87778811412,9.836576537128117e-08,34.10182883919111,142.3376333643424,True,True
47604.533899534385,1.0187189982623909e-07,32.818400367794595,142.81360169860315,True,True
44690.99368381629,9.770932533872201e-08,36.447194630323274,134.0729810514489,True,True
46051.13886781787,9.719033956821041e-08,35.55958281361144,138.15341660345362,True,True
48100.689156516935,1.0452298649483152e-07,31.656071834221905,144.30206746955082,True,True
49340.67949899893,1.0276429278292979e-07,31.388659415549352,148.0220384969968,True,True
46684.164638250564,9.874539506053504e-08,34.52500005757179,140.0524939147517,True,True
47899.365743146736,1.0161793377865601e-07,32.69791110752717,143.6980972294402,True,True
46984.095469426764,9.805086861323312e-08,34.547594701789535,140.95228640828032,True,True
48039.16379849358,1.0070552342803026e-07,32.89814431251872,144.11749139548076,True,True
47066.00476689703,1.0079332194821528e-07,33.54911267940453,141.19801430069109,True,True
46064.26549208295,9.563285569024507e-08,36.12841064780301,138.19279647624884,True,True
48351.65526850209,1.0480966167115206e-07,31.405626851619612,145.05496580550624,True,True
48743.73965328139,9.724928890649524e-08,33.574909577953804,146.23121895984417,True,True
45657.446796397315,1.0137875948968164e-07,34.38440687245293,136.97234038919194,True,True
45033.20333138867,1.0377476184026064e-07,34.05614966129484,135.099609994166,True,True
46609.61583146866,9.825341311888053e-08,34.75337307219887,139.828847494406,True,True
46456.099842184536,9.553036765571204e-08,35.86211807139579,139.3682995265536,True,True
45726.80787865473,1.029827460437314e-07,33.79751570452929,137.1804236359642,True,True
49289.87788428413,1.0128110755309605e-07,31.881147717285167,147.86963365285237,True,True
48405.12524196015,9.755086630023808e-08,33.70525778013329,145.21537572588045,True,True
47383.686439714664,1.0277316439917066e-07,32.682220609487516,142.151059319144,True,True
45729.819215225056,9.643664467836891e-08,36.08930807626576,137.18945764567516,True,True
48925.005954777684,9.745154176349469e-08,33.38109125763815,146.77501786433305,True,True
48885.83648774337,9.809728644132754e-08,33.18792398508914,146.6575094632301,True,True
44658.0057555685,9.649292093643402e-08,36.93391566359645,133.9740172667055,True,True
48794.836446950736,9.726611045832967e-08,33.53395024475366,146.3845093408522,True,True
46490.091882103545,1.006884000332715e-07,34.00010727284881,139.47027564631065,True,True
47634.805644943735,9.751342259338154e-08,34.26346925570595,142.90441693483123,True,True
48793.1270950798,9.615408573903838e-08,33.92295969621927,146.3793812852394,True,True
48857.072639180835,9.590385009007168e-08,33.96695746298813,146.57121791754253,True,True
47587.67845701612,1.0473160243802562e-07,31.93359880057298,142.76303537104837,True,True
47359.81741738953,9.998405361084404e-08,33.61084043110944,142.07945225216858,True,True
47130.8351576843,1.049156037362621e-07,32.18658585694636,141.3925054730529,True,True
48200.57795185859,9.683742605228953e-08,34.09766570463651,144.6017338555758,True,True
45206.84781902896,1.0353649366787528e-07,34.00340849307372,135.62054345708688,True,True
48061.39119436295,9.734979013119292e-08,34.016433246701574,144.18417358308886,True,True
49243.318356909156,9.775487881496147e-08,33.06240023840755,147.72995507072747,True,True
46356.84423497541,9.562306740609777e-08,35.904062995380414,139.07053270492622,True,True
48177.90515813321,9.90051791692941e-08,33.36678056543347,144.53371547439963,True,True
45449.4741908877,1.0028612523488231e-07,34.91808490836425,136.34842257266308,True,True
47667.354301137246,1.0293754107757486e-07,32.43585079784269,143.00206290341174,True,True
48691.084448225345,1.0153499564114098e-07,32.19251671561782,146.07325334467606,True,True
44658.12099961376,9.863344513786494e-08,36.132289632327286,133.97436299884131,True,True
46914.250745759506,1.0278394846046916e-07,33.005783739872506,140.74275223727852,True,True
48029.57400478397,9.699447427265864e-08,34.16366097765791,144.0887220143519,True,True
46784.47389204253,9.881424129525189e-08,34.42697317609804,140.3534216761276,True,True
48921.51794744385,1.0246435512437452e-07,31.75026808181052,146.76455384233157,True,True
46795.536510786864,9.642844062147598e-08,35.2704139782206,140.3866095323606,True,True
48248.61232998867,9.606719094507198e-08,34.336831127000806,144.74583698996602,True,True
48567.73238676233,9.851925919989219e-08,33.262215060471355,145.70319716028698,True,True
45316.606623507854,9.663560496398194e-08,36.343402180286965,135.94981987052358,True,True
46574.44887624185,9.801391398641825e-08,34.86459903587077,139.72334662872555,True,True
46656.60926885659,1.004129070639408e-07,33.97171073581588,139.96982780656978,True,True
48812.08306912261,9.84744505984845e-08,33.11076564995423,146.43624920736784,True,True
45501.52301307953,9.726768206217634e-08,35.96049255029579,136.50456903923862,True,True
48059.648964359505,9.561809883993198e-08,34.633743235124854,144.17894689307852,True,True
45666.10018759344,9.757978241126167e-08,35.71629169135809,136.99830056278032,True,True
48194.30905522487,1.014008898696498e-07,32.56736391111758,144.58292716567462,True,True
49244.278348276304,1.0358937267124239e-07,31.199608984381292,147.73283504482893,True,True
45072.04970340389,9.801426997098104e-08,36.026619567704635,135.2161491102117,True,True
44714.60527447871,1.023812727064615e-07,34.765638210494956,134.1438158234361,True,True
46743.24849309123,1.0119687303068405e-07,33.646054767079534,140.2297454792737,True,True
46662.45336301436,1.0221439082072753e-07,33.368794556183396,139.98736008904308,True,True
48787.183398943554,1.0002126380152587e-07,32.61535034604444,146.36155019683068,True,True
46691.47658095294,1.0264809686018197e-07,33.207151344088814,140.07442974285883,True,True
48572.59011098511,1.0207065855232859e-07,32.101694113797656,145.71777033295533,True,True
46712.16552970112,9.555899719823785e-08,35.65484450972067,140.13649658910336,True,True
46065.60624101355,1.0102203782208348e-07,34.20008738651087,138.19681872304065,True,True
46577.29476116913,1.0185430980009286e-07,33.54798658001686,139.73188428350738,True,True
47533.70929510062,1.0293305989909856e-07,32.52846297092696,142.60112788530185,True,True
48547.96461320069,1.0389087132484344e-07,31.55525661061355,145.64389383960207,True,True
47029.37942765713,1.0374328514241277e-07,32.6205205619153,141.08813828297139,True,True
49099.93851295577,9.818277325367627e-08,33.01443645640098,147.2998155388673,True,True
47973.923954189806,9.583412576763956e-08,34.61742052710831,143.92177186256941,True,True
46264.55633604144,1.0008569376921068e-07,34.37159817147513,138.7936690081243,True,True
48299.10615899044,1.0009173235462727e-07,32.921743892117554,144.89731847697132,True,True
47471.05381312026,1.0321405497006887e-07,32.48272223168542,142.41316143936078,True,True
48718.22121952232,1.0118508951938012e-07,32.28584729157741,146.15466365856696,True,True
48179.46350439905,1.0396632477158933e-07,31.773530953556644,144.53839051319713,True,True
47663.04404451578,9.762356932006858e-08,34.20453366944583,142.98913213354734,True,True
48978.39561110144,9.769062090365346e-08,33.263098888803654,146.93518683330433,True,True
45806.529493407914,9.602469552026478e-08,36.18343588403051,137.41958848022375,True,True
45104.33164632161,9.806510235311659e-08,35.98217354271011,135.31299493896483,True,True
49141.14825816393,1.0205849951918082e-07,31.734061017124795,147.4234447744918,True,True
48121.003314665926,1.0038389588278055e-07,32.94741993926525,144.36300994399778,True,True
48653.00542917395,9.965094486187987e-08,32.82683692765745,145.95901628752188,True,True
48220.045181073394,9.743082154624891e-08,33.876314343440185,144.66013554322018,True,True
44796.439637678115,9.721980444259613e-08,36.54448872481998,134.38931891303434,True,True
46380.82746830427,9.99319416318926e-08,34.33818321322706,139.1424824049128,True,True
47908.83466035186,9.916374446112427e-08,33.500524526207236,143.72650398105557,True,True
44976.158511505724,9.762438854681914e-08,36.247615802928685,134.92847553451716,True,True
46923.76490548282,1.0173243382059382e-07,33.34017283097586,140.77129471644847,True,True
45739.991370128344,1.033649774425724e-07,33.66283118166792,137.21997411038504,True,True
48827.07273659794,9.806725358839265e-08,33.238041853924535,146.4812182097938,True,True
46027.388007334725,1.0079976322122825e-07,34.30396256372617,138.08216402200418,True,True
46223.953170691166,9.828637791877693e-08,35.03157928543401,138.6718595120735,True,True
44890.945777564804,9.638196622143804e-08,36.78456244846915,134.67283733269443,True,True
49345.104957498195,1.0489506835019568e-07,30.7482911235317,148.03531487249458,True,True
47758.52336388035,9.964176327338241e-08,33.444740987587316,143.27557009164104,True,True
46635.94184461026,9.754929350383821e-08,34.98446615573851,139.90782553383076,True,True
49192.03661328314,9.821411857766964e-08,32.942109384777126,147.57610983984944,True,True
48805.702562611485,9.564805655849308e-08,34.09364326210973,146.41710768783446,True,True
46186.40896641305,1.0385838431824425e-07,33.17908252753899,138.55922689923915,True,True
45431.99107923806,1.0266009971858858e-07,34.12374433739141,136.2959732377142,True,True
49222.11512795682,9.977361885685863e-08,32.40739593399835,147.66634538387046,True,True
45474.60390030955,9.753010389538354e-08,35.88496441397377,136.42381170092867,True,True
46932.90257455064,1.0415458587090567e-07,32.55849496059123,140.79870772365192,True,True
48398.836972703146,1.0107659014133679e-07,32.53378734454898,145.19651091810945,True,True
45714.124999371794,1.0478048347594741e-07,33.22686157221511,137.14237499811537,True,True
45926.332831354506,9.518518136238201e-08,36.40734599165218,137.77899849406353,True,True
48275.42797663661,9.578499739942851e-08,34.41886201584515,144.82628392990983,True,True
46769.17484002004,9.958380080524811e-08,34.17210452449071,140.30752452006013,True,True
45268.83928060535,1.0452682848336931e-07,33.63512137312001,135.80651784181606,True,True
46266.99978875393,1.0338764071503938e-07,33.27209660966561,138.80099936626178,True,True
45611.37482528788,1.0306738245755778e-07,33.855226366421434,136.83412447586366,True,True
49293.331171388854,1.0449822756036975e-07,30.897478539079092,147.87999351416656,True,True
48797.30506654449,1.0061865016832403e-07,32.41498365667479,146.39191519963347,True,True
47635.26486036089,1.0432337297643858e-07,32.02653300262125,142.9057945810827,True,True
48544.338310512394,9.604062618066922e-08,34.137095170255826,145.6330149315372,True,True
46114.82492785971,9.978083797328026e-08,34.58855512784011,138.3444747835791,True,True
44787.42270233257,1.0199175710236583e-07,34.84167185563283,134.36226810699773,True,True
45037.03345974952,1.0232378306244229e-07,34.536137687313534,135.11110037924857,True,True
46215.14967221562,9.8863834515079e-08,34.833596501794844,138.6454490166469,True,True
45911.06398478647,9.84751614896854e-08,35.20270792575239,137.73319195435943,True,True
44699.58090101214,9.904081790009591e-08,35.950295310544746,134.09874270303644,True,True
45888.44590642915,9.509406103024204e-08,36.47231980867467,137.66533771928746,True,True
47842.24287685481,9.637132675972587e-08,34.51920317707481,143.52672863056446,True,True
49061.11954786135,1.0025895586949264e-07,32.356348162252836,147.18335864358406,True,True
47514.21334318455,1.0109156162741472e-07,33.134596236502496,142.54264002955367,True,True
48626.01310923923,9.883831014305447e-08,33.11510658623446,145.87803932771772,True,True
47783.77935494338,1.0030399568453112e-07,33.20636990671495,143.35133806483014,True,True
49063.07196556658,1.0432384284031976e-07,31.09437403548892,147.18921589669975,True,True
49066.126592071436,9.87792928626372e-08,32.83767829350555,147.1983797762143,True,True
46054.18078691947,1.0310214874704684e-07,33.51840573211923,138.1625423607584,True,True
49002.609394724546,1.0398471572659369e-07,31.234274006753587,147.00782818417366,True,True
44807.447788357626,1.0346814120713107e-07,34.3291679301441,134.4223433650729,True,True
47412.19142628786,9.851294264322698e-08,34.075074226224906,142.2365742788636,True,True
46940.46360175958,9.907709511907896e-08,34.22153550602876,140.82139080527872,True,True
48135.35054464972,1.0380293455895746e-07,31.85270807183679,144.40605163394918,True,True
47373.68898289686,9.540820142313436e-08,35.21252904898284,142.12106694869058,True,True
46491.065559141935,1.0300145896372332e-07,33.23588557886133,139.4731966774258,True,True
48236.00058915857,1.0475026073600201e-07,31.498779566923687,144.7080017674757,True,True
47678.294371453136,9.50357411363316e-08,35.124686365367,143.03488311435942,True,True
46524.49291090934,1.0150034008110427e-07,33.703188237551345,139.573478732728,True,True
45508.030668490916,1.0078580932694341e-07,34.700257848694434,136.52409200547274,True,True
48834.55790717644,1.0493453695285353e-07,31.058066874179683,146.5036737215293,True,True
44804.460955056435,9.535511326859021e-08,37.252454127904564,134.4133828651693,True,True
45163.77988143603,1.0300136322798862e-07,34.21266279297276,135.49133964430808,True,True
48149.7768258096,1.044455026908962e-07,31.64725953521137,144.44933047742882,True,True
47526.619267738984,9.840574148471067e-08,34.03006440372954,142.57985780321698,True,True
49286.7855884591,1.0106902487890196e-07,31.950051386879228,147.86035676537728,True,True
48292.87000203925,1.0133583735783766e-07,32.521761100577535,144.87861000611775,True,True
44837.34520790456,1.0298817392384082e-07,34.46615870835782,134.5120356237137,True,True
44989.341784066535,9.520289638608493e-08,37.15868454356737,134.96802535219962,True,True
46665.13023427574,1.0133775772577098e-07,33.65552417033583,139.99539070282725,True,True
45239.64810568385,9.801235735667042e-08,35.893852903878646,135.71894431705155,True,True
48152.91349067046,9.587851307203759e-08,34.47277717887319,144.45874047201139,True,True
47563.707048860655,9.570614814746826e-08,34.962670589578515,142.69112114658196,True,True
45902.11300331678,9.932352852710736e-08,34.908831673937144,137.70633900995034,True,True
47938.21043159604,9.722154016543053e-08,34.14882911936122,143.81463129478811,True,True
47915.73625491133,1.0499586493939676e-07,31.635140699239187,143.74720876473398,True,True
46851.3872595093,9.86760910331718e-08,34.425934641444606,140.55416177852788,True,True
49015.17199361106,1.0239951739656453e-07,31.709667700839205,147.0455159808332,True,True
45620.29411580454,1.0368058060929706e-07,33.64841643284954,136.86088234741365,True,True
47281.67076589057,1.0065647077033595e-07,33.44148989681489,141.8450122976717,True,True
45810.34563729148,1.0130343982942519e-07,34.295123468458314,137.43103691187446,True,True
48616.32396795736,1.0444458637370163e-07,31.34383121001603,145.84897190387207,True,True
46834.7913308217,1.0345996802629793e-07,32.845751450931026,140.50437399246513,True,True
44753.44877289445,1.0120316006423111e-07,35.13982139075534,134.26034631868336,True,True
47910.68588993845,1.016026482730261e-07,32.69510341603238,143.73205766981536,True,True
47021.789349997474,9.837957509019755e-08,34.404562341553785,141.06536804999243,True,True
48147.76737853176,1.0381018826446961e-07,31.84226844852326,144.44330213559527,True,True
46933.33761127573,9.991474651991954e-08,33.93978610980507,140.8000128338272,True,True
46040.29521355429,1.0280712826942985e-07,33.62472985548794,138.12088564066286,True,True
46911.56418929608,9.566378678806894e-08,35.46440267740474,140.73469256788823,True,True
48077.22688946831,1.0369277398308105e-07,31.925097282340435,144.23168066840492,True,True
46981.97727734681,1.0097518270133321e-07,33.54858392907131,140.94593183204043,True,True
48369.72125923314,9.729641973539676e-08,33.81813763703631,145.10916377769942,True,True
44858.19297600412,9.744353115443159e-08,36.41039104262346,134.57457892801236,True,True
48217.21973657825,1.0221666130677329e-07,32.29209900269028,144.65165920973473,True,True
48994.86328424369,1.0235445016173822e-07,31.736779307931343,146.9845898527311,True,True
46450.7503758144,1.0355161853300582e-07,33.087999169039364,139.3522511274432,True,True
47492.35977650212,1.0113027499899472e-07,33.13715310104343,142.47707932950638,True,True
47449.89586981521,1.0385772363431337e-07,32.29580160419302,142.34968760944562,True,True
45826.16312494911,1.04462246580555e-07,33.24660268110125,137.47848937484733,True,True
45510.83854548818,1.0121467678095004e-07,34.551093875263696,136.53251563646455,True,True
47343.3253021914,1.0244110711338547e-07,32.81611081754624,142.0299759065742,True,True
46758.096309322405,1.0293853260020015e-07,33.06627988434875,140.27428892796723,True,True
45496.98494486453,9.990852382060029e-08,35.01345538551105,136.49095483459362,True,True
47591.6354286297,1.0408648824581398e-07,32.128847441540685,142.7749062858891,True,True
46495.91884212144,1.0456128301141994e-07,32.73666193069458,139.48775652636434,True,True
47615.307181965945,1.0217580602857632e-07,32.713383791752484,142.84592154589785,True,True
48807.45498335643,1.0343717745829388e-07,31.52516062411314,146.4223649500693,True,True
44947.58209766133,1.0422698936605492e-07,33.972976922632306,134.842746292984,True,True
48080.31503961088,1.0003456574504378e-07,33.09045476887617,144.24094511883266,True,True
48359.42778557983,1.0412080884600419e-07,31.608322297735608,145.0782833567395,True,True
48952.30438581061,9.829618730441847e-08,33.0757970274346,146.85691315743182,True,True
48967.041875259245,1.017736182010424e-07,31.936038869766083,146.90112562577772,True,True
49307.555374100026,1.0332220539139418e-07,31.24014154879444,147.9226661223001,True,True
46097.04980458103,1.011734882143466e-07,34.12559846532478,138.29114941374309,True,True
48189.6426168027,9.845347205905947e-08,33.545586517552394,144.56892785040813,True,True
44884.22817047011,9.837102388755056e-08,36.046174305552,134.6526845114103,True,True
47255.85516351674,9.676016982551704e-08,34.80710336471326,141.76756549055023,True,True
45850.351493887356,1.0167156616463725e-07,34.141134517825286,137.55105448166208,True,True
49034.836605928394,1.0320511235932554e-07,31.44953207706078,147.10450981778519,True,True
47465.940943392976,9.547744789575274e-08,35.11860329828171,142.39782283017894,True,True
45674.61331306486,9.693473002411408e-08,35.94726450850975,137.0238399391946,True,True
46165.451616614744,9.618515712767644e-08,35.84222686764339,138.49635484984424,True,True
46192.70661623258,1.0102429018076825e-07,34.105224599432105,138.57811984869775,True,True
45291.415382811385,1.0234977116925853e-07,34.3334434413072,135.87424614843417,True,True
47353.58887058861,9.613276773235989e-08,34.9619611804752,142.06076661176584,True,True
45242.42921375261,9.95320441564796e-08,35.343641429218025,135.72728764125785,True,True
48716.88652702805,9.534215080943437e-08,34.26538862601494,146.15065958108417,True,True
49044.09708112445,1.0039865771972081e-07,32.32254000647035,147.13229124337334,True,True
46443.41272627515,9.762273670459856e-08,35.10306421777861,139.33023817882545,True,True
48539.047882626546,1.0295750857900469e-07,31.84717055559715,145.61714364787963,True,True
45027.594538396974,9.870275945140994e-08,35.810640637005456,135.08278361519095,True,True
48263.185756154264,9.796207982446075e-08,33.66248316279762,144.7895572684628,True,True
47794.01046946566,9.88568192123715e-08,33.68526937289655,143.38203140839698,True,True
48846.759937114104,1.0454071077236681e-07,31.16728134497659,146.54027981134232,True,True
48412.316729905964,1.048457647787419e-07,31.35547424588225,145.23695018971787,True,True
48897.13327182789,1.0179371850283731e-07,31.975382925535737,146.6913998154837,True,True
46342.07735778871,9.836835405420018e-08,34.91316566490592,139.02623207336612,True,True
45175.16443345263,9.79692642828566e-08,35.96089922148892,135.52549330035788,True,True
48499.87134890113,1.0054340686692129e-07,32.638181112988356,145.49961404670339,True,True
48577.85463529709,1.0209287210536841e-07,32.09123117112291,145.73356390589126,True,True
46369.77227389071,9.690379396840697e-08,35.41965998038196,139.10931682167214,True,True
45170.733804146555,9.991349159427426e-08,35.264590873472685,135.51220141243965,True,True
44933.73016695412,1.0019634901937808e-07,35.35051635337018,134.80119050086236,True,True
45097.914267264714,1.0327515576934644e-07,34.17179688542995,135.29374280179417,True,True
44801.201188784755,9.744777690189183e-08,36.45512044741262,134.4036035663543,True,True
49185.00334346286,9.989726784100502e-08,32.391705543204466,147.55501003038856,True,True
48229.17058471088,9.5415891800452e-08,34.585146895020124,144.68751175413266,True,True
46982.43854985669,1.0149191841812749e-07,33.377447044846086,140.94731564957007,True,True
46060.14064169355,9.885952442293212e-08,34.952347942494235,138.18042192508065,True,True
47458.38155470512,9.626381065791281e-08,34.837273534013015,142.37514466411537,True,True
45097.497978454754,1.0242680773944345e-07,34.45514217190513,135.29249393536426,True,True
47673.22629790298,1.0226047073286339e-07,32.64658812698832,143.0196788937089,True,True
45478.00407065297,9.964518100316007e-08,35.120641102994824,136.43401221195893,True,True
46279.67214093137,1.0356078940700228e-07,33.20737188316983,138.83901642279412,True,True
46390.484252986724,1.0495403991852998e-07,32.68827970467478,139.17145275896019,True,True
49255.33859683398,1.0107557535003906e-07,31.968377915824956,147.76601579050194,True,True
49233.3491003012,9.584921852829486e-08,33.72657000116121,147.7000473009036,True,True
46201.688054005645,9.884513646634767e-08,34.85033706059256,138.60506416201693,True,True
47769.3100836961,9.921223633870752e-08,33.58195099407355,143.30793025108832,True,True
47480.71077954522,1.0359409353993381e-07,32.356975892688276,142.44213233863564,True,True
47153.73013046081,1.0444031998705756e-07,32.31736060759991,141.46119039138244,True,True
47506.01426619184,9.951933416891437e-08,33.663872640585936,142.51804279857552,True,True
47701.71273091072,1.0487420287881703e-07,31.813942080786646,143.10513819273217,True,True
48247.3952043468,1.048750411629218e-07,31.45387205414587,144.74218561304042,True,True
48422.638468920704,1.0191625712181924e-07,32.24988839976852,145.2679154067621,True,True
47130.04681578828,9.835392499802751e-08,34.334487131816275,141.39014044736484,True,True
47098.833916882395,9.722690531871445e-08,34.7554978701967,141.2965017506472,True,True
46812.769893858866,9.543997506363626e-08,35.62258861719538,140.4383096815766,True,True
47871.323149421994,1.0473392604384163e-07,31.743683215044463,143.61396944826598,True,True
49007.85230472734,9.683698541680116e-08,33.53614971869851,147.02355691418202,True,True
49135.29585337346,1.0145272759317911e-07,31.927346720960585,147.40588756012042,True,True
48376.614008761884,1.0303044792361597e-07,31.93148203527914,145.12984202628564,True,True
46333.93686121565,1.0443788225053352e-07,32.88992418063783,139.00181058364694,True,True
47137.27831980414,9.576734970511399e-08,35.256415835422466,141.41183495941243,True,True
47404.78048302232,9.539314080983534e-08,35.194989800689015,142.21434144906695,True,True
48108.11216529335,9.518139075689961e-08,34.757599165715796,144.32433649588006,True,True
46849.84855231301,1.0076840156029953e-07,33.71223694606473,140.54954565693902,True,True
48716.36660143688,1.0343635147621372e-07,31.58435762364292,146.14909980431065,True,True
46710.1302448479,9.527361850736305e-08,35.763201799309364,140.1303907345437,True,True
47695.16956583696,9.602547424958529e-08,34.75035725643223,143.08550869751087,True,True
45755.31299667817,1.0418996926628636e-07,33.385100747563904,137.2659389900345,True,True
45275.83940374604,1.0056447590059129e-07,34.95497744825527,135.82751821123813,True,True
45752.05689119775,9.570459621647527e-08,36.3476814109754,137.2561706735933,True,True
47036.29803499142,9.929698507538559e-08,34.07618252193643,141.10889410497427,True,True
46110.63330956986,1.0234030211746007e-07,33.72658353092155,138.33189992870956,True,True
46782.07680799258,1.0352859036774328e-07,32.86096654403185,140.34623042397774,True,True
45474.49175676559,9.729552268338118e-08,35.97157240109575,136.42347527029676,True,True
45345.06782222095,1.0428917962578032e-07,33.6550953002247,136.03520346666286,True,True
47644.3305824169,1.0254353289859325e-07,32.576215276515974,142.93299174725072,True,True
48530.942477355886,1.0068769977544243e-07,32.57054208263038,145.59282743206768,True,True
48840.12707597647,9.73262264054891e-08,33.482159538313624,146.5203812279294,True,True
45376.993369403586,9.596890339503513e-08,36.54718088689704,136.13098010821076,True,True
48950.51499909429,9.592864102866776e-08,33.89335607749202,146.85154499728287,True,True
47446.027909196695,9.588320499381597e-08,34.98466578088729,142.3380837275901,True,True
47736.455101737156,1.0449477911357108e-07,31.90622137286026,143.20936530521146,True,True
47243.892157316266,9.807264680749928e-08,34.34998611615487,141.73167647194882,True,True
44764.82562301938,9.876600375950269e-08,35.997782841566234,134.29447686905814,True,True
45416.305926464316,1.0446460385284548e-07,33.54587800774868,136.24891777939297,True,True
48199.57425780996,9.584166082042799e-08,34.452647328994075,144.5987227734299,True,True
48357.07411296085,1.044214570382926e-07,31.51885027680175,145.07122233888256,True,True
49305.1000531732,9.913976128515099e-08,32.55970177242698,147.9153001595196,True,True
48052.20096350235,9.662582384315642e-08,34.277854985977534,144.15660289050706,True,True
44671.813218252806,9.910089633745786e-08,35.9508338830699,134.01543965475844,True,True
48971.362682746665,1.0196934487505107e-07,31.871926384197263,146.91408804824,True,True
48620.32301956271,9.79062365965834e-08,33.43427688139532,145.86096905868814,True,True
46475.12985259924,1.0430447193808398e-07,32.831943448884466,139.4253895577977,True,True
45629.72579008183,9.817338383200301e-08,35.52863417515474,136.8891773702455,True,True
48738.038855382554,1.0015400497527311e-07,32.60496671367496,146.21411656614765,True,True
46324.621387642685,9.889969880981645e-08,34.73867776312449,138.97386416292807,True,True
48890.98367305412,1.024926855033926e-07,31.761315639841342,146.67295101916235,True,True
47282.861553205905,9.84575658013958e-08,34.187495393331126,141.84858465961773,True,True
48944.36113529341,1.0130632603320262e-07,32.09821649941859,146.83308340588022,True,True
45337.54548282185,9.898571254835374e-08,35.464154774877514,136.01263644846557,True,True
45712.14586203916,9.602251265274193e-08,36.25896947202845,137.13643758611747,True,True
47830.03509371052,1.0286140455988295e-07,32.349456003124025,143.49010528113158,True,True
45171.66314167255,1.0262563209801203e-07,34.33192900323359,135.51498942501766,True,True
45320.042690650036,1.0339277098428851e-07,33.96562782337976,135.9601280719501,True,True
46032.053147108,9.960849918774383e-08,34.71070136233762,138.096159441324,True,True
45926.31978431281,9.694841013101662e-08,35.74520521728441,137.77895935293844,True,True
48308.4608194384,9.652612833159483e-08,34.13123824058667,144.9253824583152,True,True
44851.019318428196,1.0135371056517645e-07,35.011293903809296,134.5530579552846,True,True
47040.67998607138,1.0445162313748232e-07,32.39152144800432,141.12203995821415,True,True
47860.09929701487,1.011393828367254e-07,32.87957817156309,143.5802978910446,True,True
47501.786848432275,9.738345053426259e-08,34.405274445416374,142.50536054529684,True,True
45322.22242930056,9.876921168389006e-08,35.55390816205347,135.96666728790166,True,True
48660.12325280924,1.0192837251843997e-07,32.08867887381782,145.9803697584277,True,True
47649.10474403468,1.0089937946189744e-07,33.10372694215627,142.94731423210405,True,True
46474.18091267158,1.042037011943404e-07,32.86436478669195,139.42254273801476,True,True
44664.04038815283,1.0391751086342315e-07,34.29046611266207,133.9921211644585,True,True
49142.63555029769,9.705684371365733e-08,33.36841079513013,147.42790665089305,True,True
46448.98005197698,9.847334921120755e-08,34.79567297769857,139.34694015593092,True,True
45076.30329929447,9.962737354907295e-08,35.439954688916,135.22890989788343,True,True
48967.10833739216,9.5340557670765e-08,34.09086221743326,146.90132501217647,True,True
47609.265013496624,1.0271431457583197e-07,32.54600466138955,142.82779504048986,True,True
47219.699710205765,9.958197002769331e-08,33.84668948130709,141.6590991306173,True,True
45648.65341960577,1.0119483955885717e-07,34.45353552188807,136.9459602588173,True,True
46926.32748276342,1.027504621950126e-07,33.00804330923796,140.77898244829026,True,True
49070.726439555605,9.693531699722913e-08,33.45920435963221,147.2121793186668,True,True
45884.547546611655,1.0034899650918096e-07,34.56532495560289,137.65364263983494,True,True
45860.733974269286,1.0323038998038017e-07,33.6179759805517,137.58220192280788,True,True
47802.73223941855,9.663712188653308e-08,34.45271285384187,143.40819671825562,True,True
47599.179456442456,9.514437703055956e-08,35.14289529909329,142.79753836932738,True,True
47721.34287221143,1.0117951593005567e-07,32.96210042363,143.1640286166343,True,True
47113.49027443448,9.92116035219795e-08,34.04962895210893,141.34047082330346,True,True
47067.319126011476,9.768213982199923e-08,34.6166872685455,141.20195737803442,True,True
46345.178902129286,1.0434472216943695e-07,32.911303359421254,139.03553670638786,True,True
47364.49053014483,1.0131868123555151e-07,33.16482675796791,142.09347159043452,True,True
47808.978832291046,1.0167951881337242e-07,32.73988742591098,143.42693649687314,True,True
47030.81956894932,9.518586205246278e-08,35.55209004842474,141.09245870684796,True,True
47270.981592656084,1.0026165151436639e-07,33.5807705235188,141.81294477796828,True,True
47636.20911628433,1.0227241893834042e-07,32.668140187611144,142.90862734885297,True,True
45531.44871989075,9.910155155787966e-08,35.27184755263713,136.59434615967226,True,True
49288.86194481692,9.86015833005811e-08,32.748201376654386,147.86658583445075,True,True
48451.232983109105,9.641806036331962e-08,34.06880556302471,145.3536989493273,True,True
48284.80662982636,1.0130791319773346e-07,32.536157788240565,144.8544198894791,True,True
47746.96011830223,9.928364367582393e-08,33.57350612908769,143.2408803549067,True,True
48816.91689438703,1.0108585773583178e-07,32.2522029286064,146.4507506831611,True,True
48800.169666763955,9.593396958328165e-08,33.99588758612421,146.40050900029186,True,True
45063.31221993738,1.0023661787175834e-07,35.234703177456154,135.18993665981216,True,True
46619.33486136107,1.0343589307682812e-07,33.005232022818085,139.85800458408323,True,True
45599.986422293885,1.0232314613462556e-07,34.10998538625896,136.79995926688164,True,True
44972.16018402953,1.0050273502707125e-07,35.21263314862138,134.91648055208861,True,True
46454.63759845494,1.0207537824157846e-07,33.56371752288819,139.3639127953648,True,True
45100.009743228664,9.637267599448608e-08,36.617574824343215,135.300029229686,True,True
47991.836953266924,1.0050955425525198e-07,32.99479323915397,143.97551085980078,True,True
45558.90004461335,1.0489776271698885e-07,33.30279438292078,136.67670013384006,True,True
44835.88111997141,9.851585898139777e-08,36.0319921528935,134.50764335991425,True,True
48234.71222985415,1.00942647168808e-07,32.687804367417925,144.70413668956243,True,True
46584.503651064275,1.0105957483356385e-07,33.806576434068575,139.75351095319283,True,True
46150.06839412677,1.0043807974924942e-07,34.33597481258271,138.45020518238033,True,True
48399.54156546948,9.597854798157624e-08,34.26136867312464,145.19862469640844,True,True
48749.41828244887,1.0255065287210667e-07,31.83554318946333,146.2482548473466,True,True
45374.609745504335,9.832121011817461e-08,35.67467404460108,136.12382923651302,True,True
46030.567314947344,1.0039043847559922e-07,34.44145205306523,138.09170194484204,True,True
47196.72697421198,9.957942173500376e-08,33.864030740338805,141.59018092263594,True,True
46714.75284724286,9.875724236486707e-08,34.49825449740416,140.14425854172856,True,True
48503.89961888989,9.722024291021387e-08,33.751009978315615,145.51169885666968,True,True
45751.602104815756,9.668064973153537e-08,35.98108578459808,137.25480631444728,True,True
48879.645200075036,9.698946774127725e-08,33.57124989128921,146.63893560022512,True,True
48489.188603580165,9.845705099107609e-08,33.337144017446654,145.4675658107405,True,True
45541.12620160043,9.79004267046632e-08,35.69700505245958,136.6233786048013,True,True
48238.301714821486,9.947172249420017e-08,33.168702546938306,144.71490514446447,True,True
47659.444954677325,1.0267798221671022e-07,32.52324164394328,142.97833486403198,True,True
47288.1399702873,9.926806216794977e-08,33.90457898250319,141.8644199108619,True,True
45688.35610327687,1.0196032214768346e-07,34.165155406570925,137.06506830983062,True,True
48410.55766988021,9.827296396590348e-08,33.453841217099956,145.23167300964062,True,True
45647.024351947744,9.796163733991502e-08,35.591937030128506,136.94107305584325,True,True
45521.98158827864,9.901284861794896e-08,35.31078864901739,136.56594476483593,True,True
48222.425404774105,1.0184284772146788e-07,32.407128200131744,144.66727621432233,True,True
48287.62834614053,9.520523404039938e-08,34.619710445006525,144.8628850384216,True,True
46188.0849234881,9.983298396855284e-08,34.51565535157863,138.5642547704643,True,True
47703.177870500294,9.740568088142572e-08,34.25220491230625,143.1095336115009,True,True
46068.07417700277,1.0274408586641592e-07,33.62507345127591,138.2042225310083,True,True
45763.34756954966,1.0246624735596517e-07,33.940756265034835,137.29004270864897,True,True
47309.967270726556,9.74757262089467e-08,34.51206968054923,141.92990181217968,True,True
48461.52514014028,9.848255576120085e-08,33.3475354771145,145.38457542042082,True,True
49302.05958402257,1.0451061499029468e-07,30.888346897792726,147.90617875206772,True,True
46790.57151923463,9.595681008097442e-08,35.447530070748996,140.37171455770388,True,True
48773.56713183128,9.978158547059818e-08,32.70282058514403,146.32070139549387,True,True
46351.8263478417,1.0085215762695201e-07,34.04615616708623,139.0554790435251,True,True
45250.48256665477,9.613331859615139e-08,36.58667831061876,135.7514476999643,True,True
47562.924844660454,9.995126059864246e-08,33.478292725814896,142.6887745339814,True,True
46154.38082204441,1.0295213588096627e-07,33.49437215521627,138.46314246613323,True,True
49090.603589094535,9.90464852405292e-08,32.732764874558924,147.2718107672836,True,True
46980.94879204375,1.0105738538694333e-07,33.522028477750105,140.94284637613129,True,True
48136.70935525205,9.694233307597782e-08,34.105959005617265,144.41012806575614,True,True
48315.80249010446,9.619406189978218e-08,34.24385667767579,144.9474074703134,True,True
45164.82651051129,1.0267209783564263e-07,34.32158608998885,135.49447953153387,True,True
46848.09564576008,1.0432532272930477e-07,32.56405301148488,140.54428693728025,True,True
48847.697439561714,1.0401801729512909e-07,31.323296635327026,146.54309231868515,True,True
45054.92847410417,9.578136344207991e-08,36.880501008902804,135.1647854223125,True,True
45692.598217847466,9.657857335124276e-08,36.06562741953622,137.07779465354238,True,True
47229.914777333375,9.890045418584717e-08,34.072553621788344,141.68974433200012,True,True
47993.810264950334,1.0165178972910426e-07,32.622697716531704,143.981430794851,True,True
47116.060720505084,9.985755871843718e-08,33.827524282284905,141.34818216151527,True,True
46536.06865774592,9.578025915059362e-08,35.707087874546886,139.60820597323774,True,True
45815.58098261016,9.546180809790186e-08,36.38959964827913,137.4467429478305,True,True
47854.11714005877,9.68193580761797e-08,34.35093988517896,143.56235142017633,True,True
46277.9057208908,9.970757207318523e-08,34.491993338196856,138.8337171626724,True,True
48815.71217224226,9.79298777391199e-08,33.29241424196903,146.44713651672677,True,True
47863.97946250286,9.69908719453128e-08,34.283129920563056,143.59193838750858,True,True
47528.1708113563,1.0157585038231593e-07,32.96693445051151,142.58451243406893,True,True
48991.63590018767,9.816609624273999e-08,33.093040394567964,146.97490770056302,True,True
45164.68735614297,9.608672452503479e-08,36.67395386323345,135.4940620684289,True,True
46144.10871673359,9.870522340319275e-08,34.94328528662274,138.4323261502008,True,True
45613.33684778559,1.0122473933354215e-07,34.47002673978637,136.84001054335678,True,True
45006.30610702773,1.0207428145161325e-07,34.644191500688706,135.0189183210832,True,True
44873.710543728244,1.021785421129945e-07,34.71110566015087,134.62113163118474,True,True
47931.95704085496,9.966496542820453e-08,33.31596903676294,143.7958711225649,True,True
48990.315416769365,1.0163996144348974e-07,31.962843209061386,146.9709462503081,True,True
47434.103592447645,9.505464449427834e-08,35.29848711363341,142.30231077734294,True,True
45747.74896795351,9.63951499754805e-08,36.090692804086856,137.24324690386052,True,True
48518.98692150813,9.826252818593798e-08,33.38262420864012,145.55696076452438,True,True
49272.50441924756,1.0456015364459722e-07,30.892231577155968,147.8175132577427,True,True
45176.38360751253,9.869227508143248e-08,35.69648951707567,135.5291508225376,True,True
47394.26741117456,1.0404793849316751e-07,32.27459766687696,142.18280223352366,True,True
44862.21386381466,9.607630357787765e-08,36.92522450688777,134.586641591444,True,True
47624.92463385726,9.750174271008004e-08,34.27468341557538,142.8747739015718,True,True
44842.325081579584,9.745610151528351e-08,36.41857716411539,134.52697524473874,True,True
47280.5271776626,1.0123917897883541e-07,33.24981297943515,141.84158153298782,True,True
47288.86702322092,9.990645306694159e-08,33.68741462744327,141.86660106966275,True,True
46820.9934406914,9.536199431748143e-08,35.645456622060905,140.4629803220742,True,True
45067.870232136,9.904010714577933e-08,35.65676961500294,135.20361069640802,True,True
45592.23521664572,1.0443831175592406e-07,33.42484517272523,136.77670564993716,True,True
46471.95791739489,1.0409185823546256e-07,32.901250127472856,139.41587375218467,True,True
44803.15704490912,1.0310116614445114e-07,34.45465745997757,134.40947113472737,True,True
47216.24352723562,9.810416426762784e-08,34.35905867406711,141.64873058170687,True,True
46470.838469710805,1.0387785160951481e-07,32.96982668287115,139.4125154091324,True,True
46026.962811844554,1.0387919129784565e-07,33.28735239558176,138.08088843553367,True,True
46828.15484886421,9.679668171533827e-08,35.111761376298055,140.48446454659265,True,True
47827.12481043495,9.819866850897597e-08,33.88755683716912,143.48137443130486,True,True
47369.99500458498,1.0433084671063712e-07,32.203573090282624,142.10998501375494,True,True
48829.29613857626,1.0141121959363814e-07,32.14057646461306,146.4878884157288,True,True
45937.226043160095,1.013336043942279e-07,34.19021837076348,137.81167812948027,True,True
47572.354620571685,9.788930448305417e-08,34.176709050734566,142.71706386171508,True,True
49103.09161907482,9.558156137298106e-08,33.910732736770825,147.30927485722444,True,True
48849.75046391832,9.822731760308442e-08,33.16847449123039,146.54925139175495,True,True
48833.38567511933,9.639913879292807e-08,33.80883003560584,146.500157025358,True,True
47398.18027752713,9.755591958743127e-08,34.4195221074653,142.1945408325814,True,True
45616.19105169991,9.793762458503691e-08,35.62472712570299,136.84857315509973,True,True
48053.81921774432,1.0421296971211049e-07,31.781211571044636,144.16145765323296,True,True
47513.130378429996,9.666854683681934e-08,34.651440773453096,142.53939113528997,True,True
46003.4893722308,1.0289961354190667e-07,33.62138607620554,138.0104681166924,True,True
45530.70230874627,9.508191674487746e-08,36.76358493936784,136.5921069262388,True,True
46821.575843548286,1.047496049429012e-07,32.450523813890804,140.46472753064486,True,True
46833.19966215228,1.0400443466538558e-07,32.67491330962654,140.49959898645685,True,True
46167.846854578995,1.0394838109825273e-07,33.163684966676655,138.50354056373698,True,True
46460.471476475934,1.0087085787926656e-07,33.96024420659319,139.38141442942782,True,True
44663.58564400966,1.0378025163913946e-07,34.33616809741936,133.990756932029,True,True
48582.26140399671,9.868650830104142e-08,33.19591333003938,145.74678421199013,True,True
48326.92981278673,9.79122677483526e-08,33.63518469285287,144.98078943836018,True,True
48739.82176862208,1.0121444371579624e-07,32.26217944025072,146.21946530586624,True,True
46663.83634754796,9.807254856764728e-08,34.777009185136386,139.99150904264388,True,True
48129.76915650274,9.88782025066474e-08,33.443043221053664,144.38930746950822,True,True
44784.63036230932,9.621000886291443e-08,36.93778787746658,134.35389108692797,True,True
48501.24583296842,9.7577812573116e-08,33.62917081311577,145.50373749890528,True,True
46384.383447905944,9.76262609842918e-08,35.146467941673365,139.15315034371784,True,True
45261.888417767244,9.93302523832317e-08,35.40021690466041,135.78566525330174,True,True
45296.70458267878,1.034231199228756e-07,33.97315568935405,135.89011374803633,True,True
46344.79385615719,9.838742434010505e-08,34.90435246147045,139.03438156847156,True,True
44996.95155612853,1.0001414405800677e-07,35.36515915071232,134.9908546683856,True,True
48053.78954652412,1.037118333080744e-07,31.934798356717703,144.16136863957237,True,True
49099.06774759862,9.613024141564427e-08,33.71994460454571,147.2972032427959,True,True
44996.65786675179,9.708629994239746e-08,36.431908619826416,134.98997360025538,True,True
46733.84148501839,1.0447343296635463e-07,32.59738671863809,140.2015244550552,True,True
45574.78207530045,9.833032712574713e-08,35.51469154013997,136.72434622590134,True,True
46189.59341527885,9.680386695319086e-08,35.59453191770504,138.56878024583654,True,True
48681.292851261554,1.0464122005713585e-07,31.24318018916648,146.04387855378468,True,True
44774.617061580575,9.744891851967756e-08,36.47633769577105,134.32385118474173,True,True
44858.656244203,1.0048273386199615e-07,35.30875700506083,134.575968732609,True,True
46144.6987297842,9.576797215959836e-08,36.01455269819795,138.4340961893526,True,True
47659.430716064686,9.562541355942051e-08,34.92190726839091,142.97829214819407,True,True
47507.89969609474,9.717359167909454e-08,34.47514056395733,142.52369908828422,True,True
48541.26191105953,9.84908981772301e-08,33.28993685050841,145.6237857331786,True,True
46601.735790990904,1.0188201645641387e-07,33.521273260877095,139.80520737297272,True,True
46982.94061805206,9.567431257476012e-08,35.40662944358302,140.9488218541562,True,True
48718.337900641534,1.0305841016760375e-07,31.698902777080512,146.1550137019246,True,True
47296.78741497707,9.930548797528483e-08,33.88560461468717,141.89036224493123,True,True
48805.46962216738,1.0496903417136016e-07,31.066364561055444,146.41640886650214,True,True
46637.24188662924,9.836257114133295e-08,34.694241784233746,139.91172565988774,True,True
44669.362351710675,1.0240951934379871e-07,34.79125145864858,134.00808705513202,True,True
46971.07896550647,1.041391677227371e-07,32.53684907067422,140.9132368965194,True,True
46047.64860476972,1.0112753267983696e-07,34.17773374114178,138.14294581430917,True,True
45173.2517764342,9.582627743985355e-08,36.7666583944159,135.5197553293026,True,True
48256.68472852111,9.905020987222035e-08,33.29716431904805,144.77005418556334,True,True
48343.10068998657,1.0372307837679975e-07,31.740241858622486,145.0293020699597,True,True
47918.720252995445,1.0232355535376249e-07,32.459311136605216,143.75616075898634,True,True
47655.232591858156,9.898591609948391e-08,33.73930492679797,142.96569777557445,True,True
49279.60039125858,1.0413448898968364e-07,31.0140415208293,147.83880117377575,True,True
45133.953415246535,1.0467717484236991e-07,33.68718817296072,135.4018602457396,True,True
49335.418211079326,9.965824165444776e-08,32.3704023332432,148.006254633238,True,True
46438.83617928114,9.684302853995491e-08,35.38917528788862,139.31650853784342,True,True
46368.02186517295,9.7451519215001e-08,35.22191374027959,139.10406559551885,True,True
48168.206008681605,9.879097792439649e-08,33.445860615256635,144.5046180260448,True,True
46666.94879033784,9.75791263452509e-08,34.95053272288672,140.00084637101352,True,True
47786.94192192011,9.56565189950785e-08,34.81739863734903,143.36082576576035,True,True
47551.65305186168,9.966008015116258e-08,33.58406644577159,142.65495915558503,True,True
45399.748315745295,1.030926659560688e-07,34.00469750495165,136.1992449472359,True,True
48364.97747390151,9.55959287036091e-08,34.42308150310323,145.09493242170456,True,True
49299.179692987476,9.511711363608772e-08,33.94077663931268,147.89753907896244,True,True
47852.63364293861,9.860956159366088e-08,33.72836265277003,143.55790092881583,True,True
48443.81449178927,9.849962779552978e-08,33.35394511910041,145.3314434753678,True,True
44738.239702086605,9.747627670356736e-08,36.49575121661278,134.21471910625982,True,True
44769.52488815036,9.987362430344823e-08,35.59482285394488,134.30857466445107,True,True
46081.933891802415,1.0357093633629375e-07,33.34659788575541,138.24580167540725,True,True
44970.3368896879,9.676281452311961e-08,36.57509800181381,134.9110106690637,True,True
46328.656921302645,9.644602014463701e-08,35.61935987818857,138.98597076390794,True,True
48398.12203233132,1.039287004046548e-07,31.641431605512263,145.19436609699395,True,True
49057.43892206887,1.0445265618133263e-07,31.059593784174545,147.1723167662066,True,True
47294.04368202521,9.765012798724774e-08,34.462030831602085,141.88213104607564,True,True
49104.61834765916,1.0268516231910136e-07,31.563859223185343,147.31385504297748,True,True
48353.855111680576,9.652347050194639e-08,34.100134991888986,145.0615653350417,True,True
46395.77506418838,9.768170805315694e-08,35.11789309117883,139.18732519256517,True,True
45939.0464076618,9.748235371973403e-08,35.53956836904539,137.81713922298542,True,True
48930.05685235128,1.0142326778458584e-07,32.07057984599196,146.79017055705384,True,True
47323.18349808465,9.715067014161956e-08,34.617872846297026,141.96955049425395,True,True
46306.57010413276,9.596570654928315e-08,35.81471109456748,138.9197103123983,True,True
48013.92927562525,9.513910601701077e-08,34.84125715643037,144.04178782687575,True,True
48802.51604166347,1.002057050245873e-07,32.545089543351466,146.4075481249904,True,True
48482.938506244354,9.827400797251659e-08,33.403542660065156,145.44881551873306,True,True
44808.98773204048,9.901633741161301e-08,35.871384637887864,134.42696319612145,True,True
48087.67237326514,9.743617933782316e-08,33.967699084327485,144.26301711979542,True,True
47063.09214202565,1.0387202613578965e-07,32.55675195678603,141.18927642607696,True,True
48119.07647030086,9.754731697010903e-08,33.906855813094694,144.3572294109026,True,True
45606.83931908049,1.0429054904378072e-07,33.461484350266986,136.8205179572415,True,True
47000.72828336033,1.0496245076316263e-07,32.261279052332284,141.00218485008102,True,True
46935.83385567333,9.533681094901251e-08,35.5676337421509,140.80750156701998,True,True
46819.384986485755,1.034487472190846e-07,32.860123506698784,140.45815495945726,True,True
47603.09145178423,1.0275271592216806e-07,32.538060635071744,142.8092743553527,True,True
45070.80740745378,9.924407538229912e-08,35.5811682653484,135.21242222236134,True,True
46975.75224157852,1.0349918927375019e-07,32.73478104488757,140.92725672473557,True,True
45590.45471582109,1.0277344292630395e-07,33.96763437175671,136.77136414746326,True,True
47312.21926137395,1.0159408764282586e-07,33.11146354619059,141.93665778412188,True,True
46332.54965931354,9.570516352807646e-08,35.89207462897334,138.99764897794063,True,True
48572.181911374806,1.0445304696983456e-07,31.36977513552651,145.71654573412442,True,True
47842.62846067867,9.765695805758297e-08,34.064491297600206,143.527885382036,True,True
44956.553820878325,9.868133957508699e-08,35.87501428578161,134.86966146263498,True,True
45839.466218186986,1.0004293941305262e-07,34.70516682470752,137.51839865456097,True,True
46205.697176934525,9.817776944161179e-08,35.08418910895046,138.6170915308036,True,True
47074.1589301963,9.574197583631581e-08,35.31304570887898,141.2224767905889,True,True
47728.917633802266,1.0205179380628972e-07,32.6751735477123,143.1867529014068,True,True
48972.077031023786,1.0081519534004014e-07,32.23633139502479,146.91623109307136,True,True
46161.9448386209,9.521961584932566e-08,36.208422889800225,138.48583451586268,True,True
49083.22035764867,9.89470817465079e-08,32.77057732349493,147.24966107294603,True,True
48573.69008382304,1.0359627260518216e-07,31.628231165541276,145.72107025146914,True,True
44842.53288750286,9.955613919164152e-08,35.65019831494176,134.52759866250858,True,True
46795.04221886392,9.972146178569923e-08,34.10606788453715,140.38512665659175,True,True
47772.42700837456,1.0473481810705763e-07,31.809126503118296,143.31728102512366,True,True
45607.813369377145,9.929158670307505e-08,35.14539509721486,136.82344010813145,True,True
45827.444237551696,1.0356492367821817e-07,33.5337254668927,137.48233271265508,True,True
48900.36972102214,9.575988281880248e-08,33.98790400619702,146.70110916306643,True,True
49240.705044253315,9.587744423336028e-08,33.71160427167764,147.72211513275997,True,True
47611.77913832577,1.0070464085580645e-07,33.19374370096271,142.83533741497732,True,True
48363.60266670284,9.749409392525462e-08,33.75383939531438,145.09080800010855,True,True
47734.27912498121,1.005260546326174e-07,33.16737685054781,143.20283737494364,True,True
46993.130794931276,9.819015724524817e-08,34.49195385377476,140.97939238479384,True,True
48872.02825621866,1.0325289465602332e-07,31.53969815252067,146.61608476865598,True,True
47066.26446976731,9.676536658787608e-08,34.94543529340727,141.19879340930194,True,True
45375.08554687153,1.0132615934466055e-07,34.61633565316145,136.1252566406146,True,True
47729.9050208835,9.65778339334005e-08,34.52646384504076,143.18971506265052,True,True
47074.5670893003,1.0290520280661148e-07,32.85462116954151,141.2237012679009,True,True
46702.11053202168,1.0403413379857404e-07,32.757275156745365,140.10633159606505,True,True
47393.9661543099,9.595179772513965e-08,34.9980592145553,142.1818984629297,True,True
45659.96173567575,9.992212729356796e-08,34.883730053226564,136.97988520702725,True,True
48346.968180443364,9.598246393069268e-08,34.2972257819018,145.0409045413301,True,True
47136.466184241806,9.63981001233893e-08,35.02633012578198,141.4093985527254,True,True
48548.60317221801,9.83125231108219e-08,33.34529397634199,145.64580951665403,True,True
47712.011067501204,1.0387866873647686e-07,32.11190230386124,143.13603320250363,True,True
44978.45078411887,9.862228678513054e-08,35.87901985728622,134.9353523523566,True,True
47537.92658241314,1.0308818895767877e-07,32.4766321311461,142.61377974723942,True,True
45692.66318450377,9.802617754400504e-08,35.53297678268564,137.07798955351132,True,True
45956.92957704256,9.986306869870784e-08,34.678812601472714,137.87078873112767,True,True
47890.32634733638,9.85431379971401e-08,33.72453321869367,143.67097904200912,True,True
47811.128639298055,1.0289742887460959e-07,32.35091828719213,143.43338591789419,True,True
47111.99085435716,1.0401192739296812e-07,32.479215478087546,141.3359725630715,True,True
45313.9882239396,1.0013567662273319e-07,35.07510723454915,135.94196467181882,True,True
48915.855614449436,1.0074574876985973e-07,32.295629059369126,146.7475668433483,True,True
46010.16387013935,1.0458475773128998e-07,33.07485560631746,138.03049161041807,True,True
49261.50076040505,1.0476982422111664e-07,30.837295170631936,147.78450228121514,True,True
45098.35846268993,9.592502684706501e-08,36.789803479622144,135.2950753880698,True,True
46538.59824331255,9.964000759288857e-08,34.322039091167966,139.61579472993765,True,True
48645.73066648282,9.513940932332189e-08,34.388635979655675,145.93719199944846,True,True
47831.21381470475,1.0033386724345947e-07,33.163562530429864,143.49364144411425,True,True
44790.164822463186,9.834464375472377e-08,36.13156388465492,134.37049446738956,True,True
44893.08906458544,1.033951495585097e-07,34.287867539665925,134.67926719375632,True,True
46389.333350573346,1.0361131515290695e-07,33.112716733742865,139.16800005172004,True,True
47266.608009666794,9.72479374619778e-08,34.62464228896712,141.79982402900038,True,True
45038.45435081673,1.0490869334591275e-07,33.68411768315931,135.1153630524502,True,True
47944.39920578999,1.046366577127772e-07,31.724763394284313,143.83319761736996,True,True
46066.01931924644,1.010916282887875e-07,34.17623792389846,138.19805795773934,True,True
45387.695361079626,1.0247397731114987e-07,34.21908618807216,136.16308608323888,True,True
46591.53155270278,9.554502908118002e-08,35.752387431450835,139.77459465810836,True,True
49202.76812359691,1.0496633186000768e-07,30.81630574438839,147.60830437079073,True,True
47730.69509010873,1.0415902557427232e-07,32.01293290239898,143.1920852703262,True,True
48017.17015712579,1.0479432535348149e-07,31.62902494613097,144.05151047137738,True,True
45911.186039868655,9.844832383446719e-08,35.21221080148666,137.73355811960596,True,True
47763.093313711826,1.0050740368477741e-07,33.153518952186,143.2892799411355,True,True
48893.07768924271,1.0384462721676035e-07,31.346476005877616,146.67923306772812,True,True
44776.28453128469,9.920901519111992e-08,35.827865850180636,134.32885359385406,True,True
45349.05347209275,9.822325689601477e-08,35.73037500760574,136.04716041627827,True,True
48641.890151961365,9.685805503285693e-08,33.7811122807581,145.92567045588407,True,True
49145.1526280924,9.814745106341036e-08,32.99593339090914,147.4354578842772,True,True
48592.79266774719,9.597378911180158e-08,34.12680502325014,145.77837800324158,True,True
48784.19956087596,1.0462730036980314e-07,31.181422826007974,146.3525986826279,True,True
48132.06521895172,1.0304318181016731e-07,32.089753023734794,144.39619565685516,True,True
47516.79620883641,1.0168023723300461e-07,32.940973518524125,142.55038862650923,True,True
48364.11660303106,9.855710350796762e-08,33.389425032462576,145.09234980909318,True,True
46480.15011096162,1.0438910111534554e-07,32.80178303981701,139.4404503328849,True,True
47847.9808452776,9.679458808802891e-08,34.364136866011144,143.5439425358328,True,True
47218.82236097782,1.0186756764685553e-07,33.08788774744234,141.65646708293346,True,True
46971.22610076053,1.0398949171414842e-07,32.58357852125893,140.91367830228157,True,True
48408.50448696727,9.612249171418793e-08,34.20372811173749,145.22551346090182,True,True
48278.45015120921,9.78247666171519e-08,33.69907586990132,144.83535045362763,True,True
49331.40410508087,9.509107450340444e-08,33.92789379483378,147.9942123152426,True,True
46318.483890248914,9.673954313687784e-08,35.519084559029295,138.95545167074675,True,True
46273.36710254082,1.0363281731202527e-07,33.18881333657801,138.82010130762245,True,True
48841.0170935424,9.840518213349232e-08,33.114443637950956,146.52305128062721,True,True
44856.08999356228,9.730200819820122e-08,36.4650584097509,134.56826998068686,True,True
47715.63737708844,9.876646612181505e-08,33.771463959774344,143.1469121312653,True,True
48349.406959182124,9.745659101192322e-08,33.77674259825245,145.04822087754638,True,True
45708.4978803405,9.984191197647149e-08,34.87468496560701,137.1254936410215,True,True
48984.77046419876,9.618062657828322e-08,33.780918381160156,146.95431139259625,True,True
46533.858281880035,1.0153992111278846e-07,33.68327004363688,139.60157484564013,True,True
47324.45942454072,9.897935466800043e-08,33.977377226481586,141.97337827362216,True,True
46078.21117245911,9.537602426761616e-08,36.214734523169625,138.23463351737732,True,True
44770.007710276164,1.0263724849468014e-07,34.636018387848225,134.31002313082848,True,True
45141.5639038656,9.648535092571067e-08,36.54114486144749,135.4246917115968,True,True
44713.390299555984,9.979761172132848e-08,35.666655158578926,134.14017089866795,True,True
48048.42696525332,9.545211347791142e-08,34.70207217234225,144.14528089575995,True,True
45273.58251835536,9.743475644447691e-08,36.079571083646805,135.8207475550661,True,True
49132.35662308667,9.934297563468615e-08,32.60733999210427,147.39706986926,True,True
46176.41732194806,9.761105709545992e-08,35.31025721704882,138.52925196584417,True,True
47570.02741111965,1.0050907088852867e-07,33.287522393186805,142.71008223335895,True,True
47225.50571866474,1.0330704716064451e-07,32.62222404841352,141.67651715599422,True,True
46029.7970294937,1.0282704769410566e-07,33.62588357780028,138.08939108848108,True,True
46046.18971210025,1.0325211633333221e-07,33.475530726958446,138.13856913630073,True,True
47508.172727270416,9.746937622718329e-08,34.370323366405664,142.52451818181126,True,True
47895.528096483824,1.0330043574855323e-07,32.1679223676836,143.68658428945147,True,True
47484.93371746453,1.0038675738142718e-07,33.3878050736861,142.45480115239363,True,True
46438.09700029084,1.0389542153618869e-07,32.98749275139722,139.31429100087254,True,True
49011.72712242905,9.689180975792977e-08,33.51452410838771,147.03518136728715,True,True
45968.55210627748,1.0479467521106569e-07,33.038482459093416,137.90565631883246,True,True
45448.05595089104,1.0355669538646898e-07,33.81634281819463,136.3441678526731,True,True
47604.15157672085,1.0434043555080938e-07,32.042224357932675,142.81245473016256,True,True
49296.88148922038,1.049527119258972e-07,30.761465366340804,147.89064446766116,True,True
48284.53684824829,9.66301938242592e-08,34.11137384014978,144.85361054474487,True,True
48265.17561400671,9.978866451995383e-08,33.04494477851572,144.79552684202014,True,True
48448.59358281483,9.964228712124928e-08,32.96820255088956,145.34578074844447,True,True
46147.98124859243,9.975384040219156e-08,34.57305839061994,138.4439437457773,True,True
45110.724582456205,9.998612335146094e-08,35.28585120333454,135.3321737473686,True,True
48093.89651149056,9.638628888553271e-08,34.33324937344432,144.28168953447167,True,True
45412.44256236159,9.943866258546499e-08,35.24438977091668,136.23732768708476,True,True
46046.50632496352,9.656554010489068e-08,35.79326147883166,138.13951897489056,True,True
45209.99553267077,1.0354471145912143e-07,33.99834254884776,135.62998659801232,True,True
47500.614452941845,9.693192452679803e-08,34.56639342036011,142.50184335882554,True,True
46498.23455571253,9.65706384711322e-08,35.4436602566713,139.4947036671376,True,True
47341.2760482071,9.97591847287448e-08,33.699796671438826,142.02382814462132,True,True
44809.26365471888,1.0468848059723978e-07,33.9276225346322,134.42779096415663,True,True
48175.583824063084,1.0092005458566092e-07,32.735250487984636,144.52675147218923,True,True
47604.02027384689,9.736695237236479e-08,34.337203595830665,142.81206082154065,True,True
46786.61184967888,9.709504743869805e-08,35.03494639920518,140.35983554903663,True,True
47529.156133892684,9.897513493088175e-08,33.832487151546616,142.58746840167805,True,True
45271.94412093146,1.0135328189772192e-07,34.68591621562327,135.81583236279437,True,True
44791.876140589105,9.584442128153115e-08,37.07268479398313,134.37562842176732,True,True
48848.64800492526,9.713237122723974e-08,33.54313055082862,146.54594401477578,True,True
44846.07809640094,9.920012307504884e-08,35.7753137968333,134.53823428920282,True,True
46918.363279325444,9.555463212482552e-08,35.49976950144493,140.75508983797633,True,True
46089.63755358225,1.0115439988475032e-07,34.137527332423375,138.26891266074676,True,True
47533.36935050782,9.640763831747447e-08,34.73042418184252,142.60010805152345,True,True
48532.6094752932,9.671837917672324e-08,33.90607191737497,145.59782842587958,True,True
49266.10567400721,9.891028598151263e-08,32.66107237649339,147.79831702202162,True,True
45222.99564882709,1.0318050343280076e-07,34.10854249002111,135.66898694648128,True,True
45927.7784725531,1.0185806485871158e-07,34.021172072819645,137.78333541765932,True,True
47413.639256413946,1.0116708487292812e-07,33.180093428377795,142.24091776924183,True,True
49196.54763537134,9.798555511598017e-08,33.015923305582,147.58964290611402,True,True
45231.037740840766,1.0164924720796207e-07,34.61620172341296,135.6931132225223,True,True
47789.7086949713,9.953201859701499e-08,33.459768845831654,143.3691260849139,True,True
46039.22342029584,1.0330062251401464e-07,33.46487472100925,138.11767026088754,True,True
46127.634279481834,1.0497672289301098e-07,32.86744454067582,138.38290283844552,True,True
49193.2317084727,9.535737216027879e-08,33.928175284553745,147.5796951254181,True,True
49105.78846942743,9.69342148476925e-08,33.43569431125717,147.3173654082823,True,True
48644.52649642998,1.0040397763922686e-07,32.58631362089378,145.93357948928994,True,True
47033.93396725105,9.919372996779649e-08,34.11336847095389,141.10180190175313,True,True
48269.926012496595,1.0438423360550465e-07,31.587015357152538,144.8097780374898,True,True
45462.14776116724,9.912639901289899e-08,35.31675989026881,136.3864432835017,True,True
45911.9296960821,1.0435693209082228e-07,33.21798478213504,137.7357890882463,True,True
48083.34767501488,1.044560579957013e-07,31.687779164749582,144.25004302504462,True,True
48402.7359204486,1.0366046232493788e-07,31.720284929884127,145.2082077613458,True,True
45660.040404736865,9.66070802575366e-08,36.080694085962435,136.9801212142106,True,True
46654.266532370624,1.0343724374744045e-07,32.98008920286302,139.96279959711188,True,True
48938.59501840827,1.0312309244360327e-07,31.536442920604422,146.8157850552248,True,True
49250.14106427236,9.663910704702371e-08,33.439497645520596,147.7504231928171,True,True
45780.856857934334,9.717178501286972e-08,35.77635028914232,137.34257057380302,True,True
48571.037930440725,1.0420540805434177e-07,31.445064429599363,145.71311379132217,True,True
48262.991989000184,1.0316059724099407e-07,31.96627579068354,144.78897596700054,True,True
46773.64206904823,1.0437009470907114e-07,32.60189663524508,140.32092620714468,True,True
46790.932873601116,9.574617998471806e-08,35.525236025036804,140.37279862080334,True,True
46673.830760960984,1.0242934622664832e-07,33.29065068305545,140.02149228288297,True,True
46802.96357541512,1.0217878822233699e-07,33.280207862036804,140.40889072624535,True,True
46992.56009649248,1.0101454078740836e-07,33.52796019895221,140.97768028947743,True,True
47046.60733047126,9.813456700269706e-08,34.472264266501284,141.13982199141378,True,True
48244.231284509755,9.739875252304168e-08,33.870479608130886,144.73269385352927,True,True
45465.61894779829,9.800107731191207e-08,35.71956604579152,136.39685684339486,True,True
45446.69198666823,9.867755651162539e-08,35.489466265561695,136.3400759600047,True,True
45626.565925511764,9.849019971954145e-08,35.41680094761193,136.8796977765353,True,True
45599.553611365176,1.005032524158117e-07,34.727972113003254,136.79866083409553,True,True
44915.63673080083,9.996301136421592e-08,35.44730648512307,134.74691019240248,True,True
48492.64825316286,9.634638946454465e-08,34.06503073515911,145.4779447594886,True,True
47314.707807932704,1.0045372539770227e-07,33.485587400936176,141.94412342379812,True,True
49287.75283891587,9.699406026892217e-08,33.29170011746572,147.8632585167476,True,True
48318.96365053232,1.0183427831856725e-07,32.34510242602529,144.95689095159696,True,True
46827.99633488498,1.0111368109494114e-07,33.612795600917444,140.48398900465494,True,True
45869.08235572432,1.0463175216509632e-07,33.16168439350941,137.60724706717298,True,True
49184.62767482513,1.023911544249039e-07,31.602999475743047,147.5538830244754,True,True
44666.88878837024,9.837686738228261e-08,36.21941563532333,134.00066636511073,True,True
48143.1334394199,9.908514036720245e-08,33.363933690611944,144.42940031825972,True,True
48523.49014685692,9.710900155467181e-08,33.776030799329675,145.57047044057077,True,True
46970.79742716233,9.856097663091742e-08,34.37852188425457,140.912392281487,True,True
47087.979732207554,9.718119457048773e-08,34.77986089106573,141.26393919662266,True,True
46824.433003840015,9.646190584126302e-08,35.23641905010644,140.47329901152006,True,True
48221.55284971654,1.0469917516160893e-07,31.52359068430751,144.66465854914964,True,True
44712.76799018116,9.656619768179388e-08,36.86068861066486,134.13830397054346,True,True
47604.130868429245,1.0082676423069385e-07,33.15886536082811,142.81239260528776,True,True
47346.98169246569,9.639598985028641e-08,34.87135842896295,142.04094507739708,True,True
49042.07693449321,9.741776242929899e-08,33.31295262756345,147.12623080347964,True,True
45758.89952083347,1.0046873032430141e-07,34.61893046362242,137.2766985625004,True,True
46429.26810936364,1.0105744391934912e-07,33.920323435420386,139.28780432809094,True,True
45214.40361960173,1.0324594963552515e-07,34.093399038544845,135.64321085880522,True,True
45248.912255805444,1.0335676840674968e-07,34.03087109747357,135.74673676741634,True,True
49024.50108124805,1.0033620853367415e-07,32.35558549122389,147.07350324374417,True,True
46131.52504651278,1.0444423476262705e-07,33.03222646349786,138.39457513953835,True,True
47469.3003811453,9.515566061876859e-08,35.234869875562474,142.4079011434359,True,True
47179.593184508674,9.679282379678121e-08,34.85160473406153,141.53877955352604,True,True
44889.02036908691,1.0282826614883842e-07,34.480018562704345,134.66706110726074,True,True
46554.47146163965,9.90121286492825e-08,34.52791340221597,139.66341438491898,True,True
47072.83669435281,1.0063664783297063e-07,33.5964661931214,141.21851008305845,True,True
47840.6636953289,1.0358708662618171e-07,32.11569441338747,143.5219910859867,True,True
46940.41607811604,1.0209382130490887e-07,33.210371771894565,140.82124823434813,True,True
44796.213061517345,1.0462791114912053e-07,33.957153290374926,134.38863918455203,True,True
46915.31927273432,1.0090281589959268e-07,33.62034526960868,140.74595781820295,True,True
45717.89385139395,9.85095717624269e-08,35.33910005469624,137.15368155418187,True,True
46242.587801575304,9.520762346106732e-08,36.149831491551915,138.72776340472592,True,True
48039.45332692829,1.0338226881279437e-07,32.04616143190438,144.11835998078487,True,True
48297.84592395796,9.887650635199858e-08,33.327232942758684,144.8935377718739,True,True
46415.93165303972,9.698396994889482e-08,35.35518402395833,139.24779495911915,True,True
49335.58937063118,9.635028979686894e-08,33.48164487229458,148.00676811189356,True,True
45069.65584749856,1.0108684349413868e-07,34.933431972934684,135.20896754249569,True,True
48427.051105536215,9.755394103859492e-08,33.688935512588735,145.28115331660865,True,True
48990.91100846816,9.692581070767157e-08,33.51700267031629,146.97273302540447,True,True
46870.095548780824,1.0484456892798135e-07,32.38756923255414,140.61028664634247,True,True
45584.91570809735,9.946127547167293e-08,35.103057974731435,136.75474712429207,True,True
45490.39759557134,9.813987600214881e-08,35.649619106170334,136.47119278671403,True,True
46502.095958857615,1.0344719851526764e-07,33.08482712710003,139.50628787657286,True,True
45980.196810357455,9.907053337844748e-08,34.93854416268618,137.94059043107237,True,True
48619.56257710892,1.0349511584196536e-07,31.62927443191368,145.85868773132677,True,True
48447.6867265069,9.695730703781506e-08,33.88180524807106,145.3430601795207,True,True
45832.28335622242,9.906093998976702e-08,35.05469499131819,137.49685006866727,True,True
45979.69797338446,1.0056972197693281e-07,34.41809016052241,137.9390939201534,True,True
45606.995652313526,9.9391455759761e-08,35.110710330808715,136.8209869569406,True,True
49109.517304710884,1.0318068784886948e-07,31.409140149592993,147.32855191413267,True,True
49238.03653231894,1.0022336012587433e-07,32.25153922553977,147.71410959695683,True,True
47853.81630281492,9.949502604749321e-08,33.427368073358835,143.56144890844476,True,True
46130.971109615675,1.004138726994473e-07,34.35847010338365,138.39291332884704,True,True
45587.73794926028,1.0470709159609082e-07,33.34233356093501,136.76321384778083,True,True
46647.40052979911,1.0198844525892631e-07,33.45351166435418,139.9422015893973,True,True
46648.96386773573,9.920366592396705e-08,34.39144380311714,139.9468916032072,True,True
48119.09266596847,9.693702065333228e-08,34.12031518958844,144.3572779979054,True,True
45193.13164489356,1.0471299624560715e-07,33.631567419051066,135.5793949346807,True,True
48240.65032033023,1.0163815336940852e-07,32.460126797545406,144.72195096099068,True,True
46459.81351842127,9.988154587544557e-08,34.29710112900561,139.37944055526384,True,True
47270.52239139735,1.0125261613436542e-07,33.25243679782355,141.81156717419208,True,True
48849.11917624762,1.006049089951799e-07,32.38502390475087,146.54735752874288,True,True
47319.37506272966,1.0266493923094674e-07,32.76113782946565,141.95812518818897,True,True
47392.77750455902,1.0227766745125259e-07,32.834254112231996,142.17833251367708,True,True
49331.19050134776,9.928172962863165e-08,32.495947222653356,147.99357150404327,True,True
48150.392900393446,9.714602603857375e-08,34.024774595783505,144.45117870118034,True,True
46592.360335120866,9.980271888230227e-08,34.22654384719058,139.7770810053626,True,True
47392.209777611526,1.0196073420858391e-07,32.936710178542846,142.17662933283458,True,True
46527.730563950885,1.0365269722398444e-07,33.00104209263717,139.58319169185265,True,True
48385.034882787964,9.842201907122348e-08,33.420797044375114,145.1551046483639,True,True
45274.11255011234,9.711213362969013e-08,36.199009684252346,135.82233765033703,True,True
45809.43076960406,9.86822326517274e-08,35.20677702024452,137.42829230881222,True,True
47055.461443225664,9.960058412451013e-08,33.95847740719112,141.166384329677,True,True
45958.313814161564,9.540211558652491e-08,36.29928242598619,137.8749414424847,True,True
48927.11791513292,1.0356848497068815e-07,31.408187450925105,146.78135374539877,True,True
49171.60580126279,1.0467833999876563e-07,30.92067125335869,147.51481740378838,True,True
44965.95220174957,1.0197710697126898e-07,34.7083245677068,134.89785660524873,True,True
45370.18964642353,1.0383866590611456e-07,33.78239512846142,136.1105689392706,True,True
45412.42404208739,1.0499181409667586e-07,33.38028247150746,136.23727212626218,True,True
47188.923390934346,9.627455538464734e-08,35.03229109666683,141.56677017280302,True,True
49008.729584066095,1.0475060742301758e-07,31.00203033326532,147.02618875219827,True,True
47908.65282456045,9.992237176942682e-08,33.24630914271395,143.72595847368135,True,True
45188.98492824068,9.640851020854818e-08,36.531892741191264,135.56695478472204,True,True
47474.5636945288,1.0293050974498267e-07,32.56979506869582,142.42369108358642,True,True
45331.90480459715,1.0494070479704629e-07,33.455859134941115,135.99571441379146,True,True
49234.899586804306,1.0437200111377912e-07,30.971558865424576,147.70469876041292,True,True
46779.60460684604,9.628501814336554e-08,35.33498150600848,140.33881382053812,True,True
45597.73834948375,1.0105981596271041e-07,34.53809076282671,136.79321504845123,True,True
45798.66156783547,1.0454796586130135e-07,33.23929148803706,137.39598470350643,True,True
46596.00187283718,9.706634153297453e-08,35.18866707849359,139.78800561851153,True,True
46263.57614580621,1.0313390182103176e-07,33.35642377532037,138.79072843741864,True,True
46899.36584815673,1.0439801004960238e-07,32.505806116430726,140.69809754447022,True,True
47420.803412703906,1.0025006964050348e-07,33.47854238279687,142.26241023811173,True,True
48422.408846205166,9.83311717877261e-08,33.42585514583789,145.26722653861552,True,True
45062.283565951795,9.991171814720555e-08,35.35008871472087,135.1868506978554,True,True
45111.744597144134,9.87939191902257e-08,35.710858792464045,135.33523379143242,True,True
47114.67750457558,1.0370040011187046e-07,32.574928927225976,141.34403251372675,True,True
45958.00494350988,9.867523945344233e-08,35.09544674955859,137.87401483052963,True,True
48354.27311661465,9.956923484330036e-08,33.05674614944881,145.06281934984395,True,True
45730.686743771155,9.566329961141185e-08,36.38036499427168,137.19206023131346,True,True
47010.869778608176,1.0456971773340719e-07,32.37545715052442,141.03260933582453,True,True
48713.90031666635,1.0011200596999094e-07,32.63480822979067,146.14170094999906,True,True
48617.438397577214,9.636369702068559e-08,33.97149078245507,145.85231519273165,True,True
45667.63991016806,9.939667781208883e-08,35.06224294889129,137.00291973050417,True,True
46156.56777041335,9.618009509172287e-08,35.85101226056071,138.46970331124007,True,True
46243.041354766734,1.0245678186937257e-07,33.59178109388551,138.7291240643002,True,True
45635.169152243594,1.0356963226364461e-07,33.673482459372146,136.90550745673076,True,True
46130.426963921185,9.82593099564809e-08,35.11227323871944,138.39128089176356,True,True
47609.39590818813,1.0363453829637763e-07,32.25692346422889,142.8281877245644,True,True
47899.92110167109,9.766388350629979e-08,34.02133442318196,143.69976330501328,True,True
47643.33125814575,1.0415343049606856e-07,32.0733580637644,142.92999377443724,True,True
47063.23182371525,9.758248075975332e-08,34.65505003534481,141.18969547114577,True,True
46623.39676774753,9.640743838943678e-08,35.40834898990628,139.8701903032426,True,True
45069.613030191445,9.51592526577073e-08,37.10951512093521,135.20883909057434,True,True
45416.25221046386,1.0383350220998113e-07,33.74981029399406,136.24875663139161,True,True
48672.37794253355,1.0343960060126869e-07,31.61190964611365,146.01713382760065,True,True
45765.056927349826,1.0395855413999179e-07,33.45229315676717,137.29517078204947,True,True
48083.314998539536,1.0281996882512655e-07,32.19202247780532,144.24994499561862,True,True
45793.12613230176,1.0375014178743144e-07,33.49894582449684,137.37937839690528,True,True
49161.831252269454,9.659104053783276e-08,33.51623565445453,147.48549375680835,True,True
44854.68594051767,1.0123169807162524e-07,35.05062687089144,134.56405782155304,True,True
48956.30990744923,9.501603262882873e-08,34.21484396109711,146.8689297223477,True,True
46174.734646686644,9.583963739726491e-08,35.964213019324355,138.52420394005992,True,True
48262.14736983162,9.502569338442457e-08,34.703433312574056,144.78644210949489,True,True
49204.520557062766,1.0402704085585087e-07,31.093447866704395,147.6135616711883,True,True
46255.0282427825,1.0041217302474741e-07,34.266899859518354,138.76508472834752,True,True
48291.591956553595,1.0060920977967997e-07,32.757509176909124,144.8747758696608,True,True
48048.06504123682,9.87732616221215e-08,33.53550371019978,144.14419512371046,True,True
46350.86755198497,1.0356308445054029e-07,33.155630244697875,139.05260265595493,True,True
47472.12485066241,9.690285057124e-08,34.59751511159561,142.41637455198725,True,True
49132.21850201187,9.86469446601781e-08,32.83750246795387,147.39665550603561,True,True
48452.47700710771,9.805618653084345e-08,33.49879215750938,145.35743102132312,True,True
