r_series_ohm,c_f,r_load_ohm,fc_hz,fc_pass
1027.2166322707192,9.600979552985081e-08,103049.98970376467,1629.859685800781,True
1035.3224221342698,1.0285201328656332e-07,100406.42780364779,1510.0347166132217,True
1005.9758554259726,9.940323981865717e-08,103932.01738990494,1606.9983558153021,True
1042.8558012436135,9.857503403704285e-08,103396.09192125643,1563.8219260639505,True
1040.0148231997782,1.0212263184501168e-07,100488.14101303038,1514.0153884578917,True
1035.4722189793276,9.579155782962636e-08,99736.50446435675,1621.213002964142,True
964.6244484679511,1.0478973701621768e-07,96330.25601516424,1590.268258494749,True
997.7968814951054,1.0187178014184526e-07,99036.37998974908,1581.5311110881216,True
1024.2984616984663,1.0344149354044352e-07,97352.11941670619,1517.9044097258045,True
982.9605453623303,1.0028669964288423e-07,98629.29504101019,1630.6004258455396,True
981.9885824260242,9.502885295416479e-08,99902.3594861596,1722.2898913967356,True
1035.800457138847,1.0077796746617934e-07,101261.74933890595,1540.2749209732028,True
971.8725147874379,9.801631419402781e-08,96140.75222293474,1687.6432266261647,True
1041.949354723341,9.619034991003694e-08,104443.81803418758,1603.8108389568345,True
1012.2723010031132,1.0184109642627712e-07,102476.75453665604,1559.0809043358893,True
1016.373494420418,1.0463280369359451e-07,96375.18381094385,1512.3594669123088,True
975.4598345015298,1.0220313133359218e-07,96885.52265634469,1612.4907171448162,True
958.3423695436792,9.670402075271217e-08,103307.53175422309,1733.2655850791793,True
952.3603213990735,1.025334005376981e-07,103119.80041650085,1644.924561196822,True
953.5063239796259,1.0452494558374618e-07,96880.35274577478,1612.6127046447652,True
1041.2369445305783,9.665724672544042e-08,95538.49247759306,1598.6144806468176,True
1025.1381391489745,1.0015959255042224e-07,101849.25906827296,1565.6497779593751,True
983.1197994718084,9.538017814851988e-08,101674.29794843982,1713.6996704324383,True
1046.3823718104734,1.0265298558281912e-07,98786.9148092718,1497.3872280641199,True
976.1779626882353,9.665404410204091e-08,104077.69324639098,1702.650479402202,True
1011.4998665007641,9.92542880082234e-08,103135.95429792049,1600.8240135587382,True
1040.683325683982,1.0258023491810355e-07,103290.97819173723,1505.8842102965757,True
982.4196779819474,9.531190470398999e-08,101637.21366279044,1716.1436523059954,True
1026.0162335415973,9.562675219189551e-08,100807.78155405534,1638.6431117211011,True
1032.141750441484,1.0464512783205364e-07,104942.00049646098,1488.032251865261,True
976.8517456870479,1.0227205823095369e-07,104167.48048215512,1608.0079281626233,True
989.1592463967502,1.0043437271227653e-07,100192.55973573047,1617.84952752218,True
995.3863155229648,1.0200509392283363e-07,97398.54841327753,1583.5159768485435,True
993.8389472795794,1.0241152080588784e-07,100012.07348079489,1579.2455756796312,True
1009.8267176487805,9.542775604121452e-08,103806.86364021523,1667.6424280049312,True
1022.2187998742198,9.969851660355338e-08,102483.77361395482,1577.240631461413,True
984.9031568697284,1.0033145500210458e-07,103269.95127670378,1625.9672949971125,True
998.7776176955405,1.0334459787556509e-07,99960.32876418422,1557.3325917231143,True
954.5156499545512,1.0015317467131372e-07,98878.7027945087,1680.9108098447396,True
1012.3054098019602,1.0217377439636625e-07,98990.06179421712,1554.4896046440804,True
965.9442281822697,1.0393750056475701e-07,96791.77202900998,1601.0629859905375,True
953.6004745342357,9.897260928235158e-08,104654.84215336047,1701.6802734806038,True
952.7392308800646,9.832512853736264e-08,95420.95518325747,1715.917124215366,True
1043.7397872036295,1.0171116448153372e-07,100484.18278053972,1514.7712758661685,True
982.1381710126234,9.740757870417307e-08,97839.83334755263,1680.3223457051756,True
964.109236287663,9.946233768374858e-08,103465.04055972607,1675.1871606705702,True
962.0732810119229,1.0157708880056153e-07,95658.30800316606,1644.9862362759923,True
986.4824173469055,9.628952009336044e-08,102380.81272646347,1691.6726960407125,True
1042.970538906663,9.986133116352289e-08,95965.94817450795,1544.7039068209049,True
1004.7451430606206,1.019163043486829e-07,104789.17190718369,1569.1513617211517,True
1015.0808452728924,9.982659265515607e-08,100945.46333166993,1586.4215115391623,True
1046.7918772072067,9.708047497800682e-08,97962.63517394375,1582.8653910255507,True
970.9438587294493,1.0276816386534996e-07,99756.96849960442,1610.5492333323425,True
1042.7523282857017,1.0101943466876161e-07,98543.5504505903,1526.8818520796476,True
1002.7246787985702,9.657896695921671e-08,101866.57358566555,1659.62493403334,True
995.2588239200277,9.671914093576621e-08,103804.8267327844,1669.228356526336,True
990.4294116037942,1.0024586592213493e-07,95502.59481170693,1619.6115972126127,True
1013.310716277382,1.0189620175429716e-07,101213.41942385022,1556.8467789066085,True
1042.870077978036,9.923480520320832e-08,97371.35169138519,1554.3634194258166,True
982.0064365686605,9.70968329994551e-08,104100.48456639878,1684.9163348398706,True
1014.4560514585277,9.663724899554462e-08,96952.75123180074,1640.4497308115424,True
960.2686407651642,9.856538015240492e-08,102688.24767082444,1697.2480983992457,True
1010.776762791777,9.885967748009976e-08,99502.8419833491,1608.9224698963496,True
1014.9848588374352,9.500389082980057e-08,99458.63910805702,1667.3575123698408,True
1026.1199334177702,9.527404895421733e-08,100880.45852189993,1644.5328680810262,True
991.7173744377932,1.0007677097483625e-07,103970.95334728998,1618.9065190273247,True
960.8605549355602,1.0433421844386236e-07,102806.50325174221,1602.408334778857,True
1019.6810317340066,1.0195465376030555e-07,99767.31622074672,1546.553519836366,True
963.3673353205336,1.0448023365179804e-07,98169.5309801189,1596.7435384736646,True
961.7623015065003,9.772745718603474e-08,98265.58899556202,1709.8803447367327,True
980.2585264449243,9.689536351763426e-08,100650.14142058851,1691.9430933681017,True
994.5628649375556,9.936667969317797e-08,101288.72008103029,1626.2626568302567,True
956.8557894700824,9.855111668110081e-08,95846.4701590392,1704.6147763591878,True
950.3121129192012,1.0103254100744476e-07,97830.3036937704,1673.7512658374294,True
981.5056943632044,9.981456855773282e-08,104414.8623638416,1639.8219644877322,True
1021.9265232279962,1.0458796374943763e-07,102645.85740137972,1503.9075549449246,True
1049.7175435806498,9.776020509496661e-08,104009.18635044698,1566.5589371094452,True
990.0278016133983,1.0224601026588085e-07,97634.96565651975,1588.2101979340318,True
1019.4431622280717,1.0461505416107222e-07,102739.22998729961,1507.1311050180461,True
986.2938945343075,9.947818937683797e-08,95964.94803980306,1638.8026560886708,True
979.4259615274431,9.742408093421592e-08,101963.57781872849,1683.9685364899176,True
1013.6417568956093,1.0126608495632967e-07,98969.63002325139,1566.3795915260575,True
1006.3632507817462,1.021957442839473e-07,103564.61816437237,1562.544257110966,True
1019.309131272717,9.684483815372163e-08,104286.08823994487,1628.0284614820282,True
1047.510636204068,9.839888479193835e-08,96312.42455607496,1560.879849891483,True
971.4199087960102,1.0292975990550729e-07,103354.09980461813,1606.7008380052462,True
1013.9818887359178,9.514743300739243e-08,104276.11303664395,1665.6952254799662,True
970.1242176922259,1.02833101301423e-07,103441.10700121081,1610.3263858910027,True
992.686485710204,1.0192115759455411e-07,103537.34228220895,1588.1361504560107,True
973.7400127432097,9.949009801653935e-08,99834.16468147932,1658.871156857767,True
984.0898137857082,1.008257434236891e-07,104931.98180327672,1619.0786708296537,True
1005.3727274121986,1.0029274906836922e-07,98228.12728324933,1594.5786354980303,True
992.0826760291458,9.734698409641781e-08,97725.51205086427,1664.7015157205974,True
1000.2423032120333,1.0331957909849038e-07,103466.42839016374,1554.9290651894441,True
1001.251366467649,1.0148654354719084e-07,98128.18545892299,1582.2584333204436,True
1026.8952545463699,1.040701692790927e-07,103255.09517893447,1504.0613259707748,True
1035.8433482146147,1.0198694213888364e-07,102170.37163959852,1521.8167410743893,True
969.8287790387778,9.534880891997242e-08,102458.72780513727,1737.4059190185455,True
981.4944934111517,1.0384927208800873e-07,103272.84440144728,1576.2924933726758,True
972.9690332918628,1.0061074321350067e-07,102819.51559647995,1641.2211736073116,True
992.8938465949935,1.04278523781327e-07,104499.3509422776,1551.7772439395483,True
1027.629991826313,9.849696437005733e-08,103783.1284426552,1587.9602266769875,True
1001.3181921597602,9.762377656956822e-08,97520.10123794807,1644.8599925868243,True
982.9990410158013,9.641147179146497e-08,98602.0395017022,1696.0807399362236,True
996.0253496189473,1.0363545537296259e-07,103089.1732745247,1556.7443508379413,True
989.7858709058883,9.87006476069074e-08,103514.77815382974,1644.7192727181753,True
995.007466258004,1.0405221217891725e-07,97983.62574553028,1552.8532691706903,True
951.9351928299827,9.997739670779836e-08,102278.57142583525,1687.851873097356,True
986.112095828808,9.609038129249163e-08,104770.48751342316,1695.4400687276723,True
995.6188197215998,1.0159993320956432e-07,103045.83948102484,1588.5817945138697,True
1038.5213314980563,1.0449392070262866e-07,102843.78720005818,1481.4166337017998,True
955.7058023590976,1.0338707305341916e-07,103954.3795095466,1625.56417012508,True
957.0185556486332,1.0403883678220411e-07,104921.02904978016,1613.049401014494,True
973.995562675005,9.791342480684642e-08,99982.71933031593,1685.1213365232668,True
971.9264031445455,9.77045491535455e-08,102856.564590417,1691.8291117980007,True
981.492328051143,1.0045802653078683e-07,100420.34265093172,1629.9440438083318,True
982.477167691411,9.597256908490349e-08,95712.93957872632,1705.241052859064,True
1023.1516068089808,1.0457341706220173e-07,98626.54496031866,1502.937784368098,True
1022.2592131657462,9.75087389586577e-08,95841.80246763153,1613.7017182607578,True
1036.1248769062765,9.545376192626681e-08,97225.00242207857,1626.3677773006505,True
993.6848627267492,1.0461790192599291e-07,97487.5744226346,1546.5707060140876,True
951.4039127403763,1.0199693241752214e-07,97395.07378061223,1656.112774993495,True
1020.5866282127147,1.0494311916337126e-07,103963.43772806127,1500.579034096018,True
968.5647957997636,9.942185640301561e-08,104342.02455006487,1668.101096887341,True
960.8609751954482,1.010909875760378e-07,102248.19915005096,1653.9001732407546,True
957.7357717027754,1.018084166757624e-07,96218.2868377247,1648.512478964472,True
1018.8553146190104,1.0290484206994703e-07,96967.48196220439,1533.9500290633293,True
982.1849869287845,1.0229729107594635e-07,102175.14273543969,1599.254336386419,True
1046.5171790280783,9.624722548515117e-08,102944.91385338653,1596.1665705631472,True
972.3171874889943,1.0487952323440616e-07,104582.50562192906,1575.2174089480186,True
989.6301607184397,9.635438108567313e-08,95882.2282416565,1686.3016150700932,True
1047.269625647984,1.02997999061776e-07,98213.65406259744,1491.211619598097,True
1023.7615626221911,1.0240962209204296e-07,104073.65432894815,1532.9633855155798,True
1007.6243171604619,9.595360613842554e-08,98124.23869703675,1663.0187988124273,True
954.2521084889138,1.0450925254304292e-07,104903.75901859532,1610.4043736373387,True
969.0184426679527,1.026048645137124e-07,98668.850052043,1616.458276632914,True
976.0967560589816,9.596694838611237e-08,96912.75332455564,1716.1603810711565,True
963.7295520414687,9.796883612257284e-08,97995.38725490423,1702.2650544444086,True
1038.505798236149,1.032967058972033e-07,103210.02499560556,1498.5553675989604,True
951.3190047103611,1.025259259476255e-07,99295.00522148039,1647.408538935442,True
1043.30931811306,9.858767003531402e-08,95209.20687941334,1564.2911442296815,True
968.7728510447845,1.0183529799332269e-07,97467.00150991649,1629.2779875047222,True
998.4997048914504,9.929674409331594e-08,98580.2621127928,1621.488734654793,True
1045.88439671211,9.78169312015629e-08,101657.4289998166,1571.6931024109765,True
1026.7487432490284,1.0116139039704724e-07,95378.9881720338,1548.7856983458553,True
1002.786229588198,9.600410377915549e-08,100159.02599374764,1669.7385751356958,True
1024.1211061351219,1.0157277752772551e-07,97541.34393208876,1546.0642100994173,True
1033.8452273086862,9.750814612757531e-08,100266.59412514098,1595.0664153209445,True
1007.9915150553207,1.0315082614026069e-07,97964.8021726937,1546.451513806363,True
989.8732603127689,1.0063696510723189e-07,103591.87734115725,1612.9214263291956,True
977.3492423208686,1.018066191486696e-07,98942.15303028112,1615.3373725971176,True
1025.0441484140242,1.0047077526138957e-07,103414.76138624032,1560.7068185096994,True
978.1187836418707,9.602150169111373e-08,96513.17574385248,1711.7457955383363,True
974.1325093302353,1.0310612375867023e-07,102833.40652688866,1599.6033577717158,True
1017.0548954127536,9.557726181536566e-08,97048.4288462942,1654.4316089284898,True
959.1567808213315,9.989894564740631e-08,101408.72855332335,1676.7102525066348,True
987.6592832543181,9.753676654984084e-08,95735.41755616537,1669.1758585956286,True
1000.4297992480948,1.0414411579346754e-07,97835.09844447706,1543.1820984087842,True
956.475750028787,1.0234578640918967e-07,98482.3040806855,1641.6243544577537,True
1044.8488065982197,1.037319560879481e-07,99392.4707572959,1483.869609480596,True
955.3779284017863,1.0427694060035985e-07,95648.05671415076,1613.5152102570007,True
1001.7501830470962,1.0097257278960122e-07,96130.7417095562,1589.8623186874215,True
999.8231255798914,9.708353179589463e-08,95066.21431914334,1656.8952926988306,True
1027.7468363104633,9.841141616191059e-08,102893.9885842835,1589.296363278812,True
992.2939904807544,1.006426152530841e-07,102061.43569733188,1609.1624800485092,True
985.4788347812923,9.6366761383465e-08,96475.7453847901,1693.0090752432582,True
995.4696950002167,9.811304351150455e-08,100031.71664747395,1645.757626711909,True
1027.6499309927476,1.0084607029730734e-07,102808.89543645173,1551.084622400662,True
961.4763625837204,9.95178728070236e-08,97737.07437633646,1679.7005956321377,True
998.1205207357553,1.0086525244692032e-07,102720.28508495772,1596.228950646343,True
1031.201345977413,1.0046930747309634e-07,103656.97620924738,1551.4663317295244,True
965.3270635979374,9.864646163188102e-08,102730.95142079625,1687.0423996465265,True
992.2663370106964,9.865579145837342e-08,102068.23843469447,1641.6135734859793,True
956.8976404619973,9.942173638578548e-08,102901.96535329112,1688.4694158688224,True
1004.5110200146765,1.036163751908555e-07,98428.46434386216,1544.7092831947061,True
983.9294077193656,9.639130552132647e-08,96023.92980377034,1695.2969210679591,True
1029.321550675701,9.932270266180987e-08,99428.84589189656,1572.8720335287587,True
973.7087939807745,1.0115974751468865e-07,104420.14826218614,1630.8510425630611,True
1023.6288376567475,1.008677978224287e-07,100530.16826109012,1557.1298742214365,True
1041.8570295663587,9.915213361882168e-08,95061.82986835287,1557.556539365048,True
976.2751405336563,1.0472722522699016e-07,98770.92579065882,1572.0266238467707,True
1041.987672934486,1.0090488930332383e-07,101616.94942471571,1529.2410607126833,True
1014.8854527135231,9.698178435259105e-08,103684.09832921329,1632.8385493674475,True
1044.328503873988,1.043223828877568e-07,101565.40672858703,1475.870514517265,True
1034.7234841321308,1.0319884114412012e-07,102080.50765159266,1505.5701776073986,True
1012.9980257371784,1.0466160280251885e-07,98775.2551193461,1516.5453837488185,True
953.7512138908705,1.0236823536501728e-07,99002.88078156483,1645.8247668490824,True
998.9935071712925,9.999138347647738e-08,96892.65889839792,1609.7175327548418,True
1026.4411850597996,9.691207322514562e-08,102465.75658279686,1615.9839252982447,True
1026.4798831650983,9.905690501341904e-08,97529.25316346239,1581.7284584111756,True
1012.0397418158274,9.863264967756632e-08,103648.73106155919,1609.9849030348605,True
1012.9952871983435,9.814333328293886e-08,103875.88689973271,1616.4661515393466,True
966.6088379706297,9.952984667328692e-08,100425.94902552746,1670.2295755957762,True
1001.8786243351707,1.0165625604274356e-07,104140.11665381269,1577.716852935051,True
996.2172501936814,1.0406282024458821e-07,100901.79098388177,1550.3769484970398,True
1015.0880829523832,1.0362252902077532e-07,95421.26254891386,1529.1772338780966,True
995.2682730130392,9.508091395203658e-08,103531.1965754497,1698.01551102014,True
985.9663455267183,1.0035808927828138e-07,95729.08864674412,1625.009165871373,True
1020.1554806620948,1.0296674780013892e-07,96048.61985751237,1531.2467868350957,True
992.5099254289768,1.026329749547751e-07,104835.34553989842,1577.2139874328595,True
980.7267131953838,9.598013064175012e-08,103960.32058471405,1706.7447439320079,True
1023.0042178862275,9.662427272073353e-08,98374.1951799315,1626.8571668900333,True
1035.2018895669535,1.0323341198719868e-07,102959.87841229033,1504.248432615256,True
1048.6393574957638,1.0082157972602243e-07,95435.1739922818,1521.9012380937322,True
1013.5659616941291,9.639726780503711e-08,104954.7401482625,1644.6645215991382,True
1039.9411130038425,9.945043327987388e-08,96153.14744556184,1555.523520984807,True
1018.8900735720812,9.837617057241536e-08,97203.45750445199,1604.4695681896412,True
1001.4278028279948,9.743429038365519e-08,98427.92032653156,1647.7258063391068,True
1032.2613588950921,1.0239776783196896e-07,100029.60579653819,1521.2434874363707,True
987.6280756369572,1.0187569851160092e-07,96399.94324846708,1598.0223977702867,True
991.6133714067067,1.0095470316012232e-07,102370.32277592823,1605.2318357532727,True
1033.322780061821,9.662313103775104e-08,104689.3505202468,1609.787875398753,True
1001.0485736616066,9.871691272679703e-08,100506.92339679999,1626.5880888104348,True
1024.0460802513257,1.0388724309101089e-07,97720.76333454547,1511.7007757046813,True
999.7297289533356,1.0177308031002534e-07,97547.97259476391,1580.2756959479404,True
1027.7803121165302,1.033290799892035e-07,99357.23547668586,1514.1422128417105,True
958.4587045571847,1.0316448952546946e-07,97526.49472434504,1625.4131195784682,True
971.1014611181272,9.861043695118773e-08,101957.205167096,1677.836147156463,True
993.7548729607133,9.997529861924322e-08,101051.52959650102,1617.7007964835627,True
969.3012303357945,9.79225655604878e-08,104941.18601334705,1692.2775072752731,True
952.936268234575,1.0058461375319767e-07,100601.24959711276,1676.174295776437,True
993.6846815417027,9.764747703095287e-08,99766.24628324572,1656.5888702069105,True
1025.6590717232395,9.970787545687122e-08,100958.28402369238,1572.0902803846996,True
954.2812723784022,9.511838176651676e-08,98128.23029429867,1770.4445026743053,True
1001.0667535245552,1.039070483053275e-07,99264.75822672613,1545.5032683005206,True
964.7357950831517,9.620072399319215e-08,96834.44392694868,1731.9635495826547,True
1047.1019414973139,1.0160905255245071e-07,96700.00302305048,1512.0849151150248,True
1023.038368169344,1.0251883901078251e-07,97303.64189517766,1533.4400846849119,True
978.547598691689,9.574701517102803e-08,102916.20796859107,1714.8367484973403,True
993.4211970073192,1.007342165611992e-07,98362.805039433,1606.4746565468931,True
1001.9896150725425,9.894630082250763e-08,96983.36074830274,1621.8895256553033,True
1048.7921853525365,9.77212462189223e-08,96519.67868696745,1569.7674635794253,True
997.681867872516,1.0040004286415932e-07,102241.29862979431,1604.3957548064207,True
989.495826168392,1.0267265578365882e-07,96078.89846271752,1582.7094645986988,True
1028.871005619911,9.733601002930522e-08,95402.6517452303,1606.3650323054926,True
971.1816280815943,1.0352500320357469e-07,99171.14875265313,1598.4783937185655,True
1006.9446786208014,9.659194838504614e-08,97767.80446854791,1653.193415802228,True
983.5067066715152,9.950036589905718e-08,99074.7011764529,1642.5102068371511,True
961.5675220497506,1.0143307448253303e-07,103605.4862189515,1646.921406657122,True
958.5822476336027,1.0434932187802295e-07,104000.69583606633,1605.7787580197491,True
1049.6464248225022,9.636553208609162e-08,95362.30728456921,1590.7777589281638,True
1011.3690650910061,9.818388175465137e-08,99430.84823759615,1619.069213595454,True
950.7928869192608,9.965325888681922e-08,100703.12095775754,1695.60182769618,True
1004.4525374278421,9.507633108436119e-08,102523.50249151675,1682.8774775428499,True
993.747787209115,1.025385479171811e-07,102504.36704553259,1577.0550927726197,True
997.7000153053984,9.565887680735594e-08,103147.29255467778,1683.7415760291365,True
1021.3819168939608,9.564894701682698e-08,98851.0012786877,1645.9480143351373,True
1001.0566792642612,1.0073975076666849e-07,98925.51343691249,1594.1649628972139,True
975.2319094914795,1.0462102359747762e-07,96890.77204019588,1575.5881402291045,True
964.4553142606729,1.0430437742093403e-07,97683.77497181563,1597.7261748149394,True
980.3043942065568,1.0429482400728053e-07,96377.12705028537,1572.5032731872677,True
985.9321905327051,9.765235421862038e-08,103714.01689461018,1668.7811398313265,True
1021.2015829897374,9.702353195936815e-08,102209.32912349609,1622.367338023671,True
1019.4822180122576,9.76626012437857e-08,102426.70578283838,1614.408647543858,True
989.6570989320809,9.814188485800062e-08,102217.48068194254,1654.4953619065302,True
982.8697820218757,1.0401461249016001e-07,104796.95496984059,1571.3899548359568,True
1015.0571620347042,1.0046860856763021e-07,98790.40390791967,1576.6626820707406,True
987.7273892476726,9.76382030529911e-08,97392.15416246453,1667.038309920741,True
965.7046369860119,9.882431013130938e-08,102225.4214778024,1683.4315631609497,True
978.7028475385125,9.675156328638393e-08,104886.75096342638,1696.4650608609945,True
1009.8125039900767,1.0104031984733477e-07,98768.74380229099,1575.8045891813615,True
990.7468476358938,9.524422388222734e-08,104320.86743483954,1702.644052219858,True
986.0290241026958,9.793334663640311e-08,100588.86320960506,1664.3179890504455,True
1007.5688564222554,9.764330677886005e-08,95060.38620799032,1634.8649745543148,True
979.7415759163907,9.969650492443004e-08,96158.47446805533,1646.005260354391,True
1014.992248798722,1.0498272714110139e-07,96425.69000787163,1509.340120969942,True
1010.7518084661964,1.0008829731327087e-07,102085.28621826207,1588.8069406723519,True
1032.718106349477,1.0314616450783194e-07,97051.22324319786,1510.0180969022028,True
1031.7964472108054,1.0495881472739139e-07,96998.12452450387,1485.2600549701776,True
1032.0571584691486,1.0450920949325909e-07,101613.72487833565,1490.563748022283,True
968.3850420091383,1.0310432864305183e-07,103856.03614583272,1608.8882888521541,True
1047.299213112554,9.705196721985747e-08,102382.06595431145,1581.848845018579,True
965.521000263397,1.0445753007687544e-07,100115.57938114466,1593.2610927528985,True
1034.127094950364,9.543696187542863e-08,99869.66414686281,1629.3091772166588,True
1000.4693851926864,1.0159079733536377e-07,99408.61741800066,1581.6520290391638,True
958.5737059374883,1.0133932677905978e-07,101279.44279935188,1653.8941716779411,True
1001.3469283187999,9.698288520295325e-08,98782.62160642906,1655.4676033290384,True
1049.4401418500702,1.0300701928485484e-07,97874.57179592166,1488.084131017023,True
993.5681244854611,9.708939135449137e-08,103738.12739239434,1665.6756360034537,True
1034.385735582706,9.831665257570344e-08,102476.89444684272,1580.782972760411,True
999.4981312587123,9.706151747332302e-08,97969.51954562821,1657.2932051739297,True
1009.4700733382125,9.700057347280243e-08,101279.17354623046,1641.5709286122585,True
997.854202322231,1.0029334373484352e-07,97649.33079094798,1606.557802270934,True
1029.054754264058,9.928131904682137e-08,96910.68205542183,1574.3503756974253,True
1039.8701498109217,1.0447215895544001e-07,101589.91462727862,1480.0053084766027,True
1008.7224567033386,9.673451875652346e-08,97065.96220425106,1647.998921671758,True
1040.4597117619976,9.911733944846269e-08,98089.7044661458,1559.651713646401,True
1040.3490667792569,9.889067177052855e-08,95733.71331303623,1563.7948920664576,True
960.2335688275216,9.972186760647779e-08,100458.53442728856,1677.9705579824827,True
1036.0968097858688,1.0481081949138941e-07,102186.09689242364,1480.4541166436543,True
1009.6493894801548,9.504687341393106e-08,97903.62063681586,1675.5890595664087,True
1017.6082588045285,1.039072651851082e-07,99189.65022213034,1520.6400201764648,True
1019.9442180361629,9.81421176385928e-08,101982.35126433492,1605.8692030688112,True
958.7339248053388,1.0332922663389279e-07,95627.58546397393,1622.6740242702867,True
979.8248981521941,1.0229250611973319e-07,103522.30629194903,1602.9465847886408,True
1002.3637809104844,9.850891871365547e-08,100085.96553878,1627.9724452018493,True
964.7926050936113,1.0218911598038318e-07,104030.77575544943,1629.2609752009284,True
980.3921614008001,1.0149471056039274e-07,102803.41637112662,1614.7264097118587,True
975.3321711364787,1.0423618214262921e-07,97540.98525065204,1581.1392413972662,True
1016.837724593391,1.0002295258066076e-07,100718.85329985317,1580.6342122501574,True
988.2210573826832,9.733015127070103e-08,97490.82897501328,1671.470502913473,True
984.5071483914521,1.0138763410282975e-07,99110.2407629299,1610.3082871300917,True
1047.419161089482,1.0461303650580816e-07,98360.1484119645,1467.9595233285463,True
1041.431329502524,9.801514332850997e-08,101750.98672004532,1575.1385724426927,True
961.9073604548689,9.831714472074298e-08,95375.1255825223,1699.870236879373,True
961.4561063910928,1.0139273466862614e-07,95426.60507203403,1649.0643539824423,True
972.4129171238731,9.872826621065729e-08,98001.24625333713,1674.233125941713,True
1044.3015797439982,9.521125663359464e-08,100716.43874346174,1617.2821613943258,True
973.4377791420228,9.594987045807464e-08,101218.10065435237,1720.3796446341235,True
951.7097983457373,1.0149219728821563e-07,101006.89804021183,1663.243362361516,True
1016.7662534415232,1.0395348487680522e-07,98634.62023392027,1521.2967027342065,True
1043.6102860891065,9.872106028389639e-08,101336.40416770474,1560.7080355184817,True
1009.3609162428379,9.850754144570544e-08,104225.81534035735,1616.1802632106987,True
972.661890125407,1.0328392523791094e-07,95532.94631032382,1600.386491885983,True
977.0802171226168,9.633168568287246e-08,95439.64211874075,1708.2220085058093,True
1019.703327868425,1.0117894614826254e-07,99489.5525588048,1558.4207547567157,True
1024.3354234538617,9.918888454145367e-08,98745.97299269475,1582.6936317223458,True
959.1596607932137,1.0146659288194667e-07,101971.26118104052,1650.715032935153,True
1000.3562173337144,9.581895449647184e-08,104161.04187546557,1676.351410173614,True
967.5919948523573,1.0158569792909279e-07,96252.0882023423,1635.457730771136,True
985.3889231080168,1.0152982245774231e-07,97886.78071866815,1606.8259892691974,True
961.8752137684626,9.834476753455312e-08,97022.05826394712,1699.1609790376629,True
1041.4599162389043,1.0483077731080387e-07,99248.05997819621,1473.0662933250833,True
1041.7704101991756,9.506199881067624e-08,95852.79918876285,1624.5602025184787,True
972.5414902277194,9.585042598921448e-08,99418.04260954255,1724.0335736056359,True
1003.6811095769731,1.0380763388907494e-07,104264.71822790874,1542.2533936302334,True
1027.6990091881062,1.0053126094647417e-07,103050.89926277597,1555.832045865781,True
991.8233223196399,9.549068447930696e-08,96763.9661995768,1697.6714122793287,True
1039.9314723747082,9.500565582604665e-08,97684.69469644096,1628.0394486149498,True
1043.1394623944618,1.0005178810544288e-07,102035.70284049062,1540.5304028118992,True
951.5925530176612,9.97877821371132e-08,103536.99622695326,1691.472841800104,True
950.7748358829778,1.0033014446362587e-07,102036.31397042212,1683.9881678699603,True
986.3152345984267,1.029076403975778e-07,104341.44781495523,1582.860976696242,True
1030.6376398201432,9.854751494363338e-08,103711.02408657875,1582.5702311237933,True
1020.4781923518342,9.983973558510407e-08,97445.95880610484,1578.4737768396553,True
1032.8999651821766,9.748224434493295e-08,101356.10971801353,1596.760420027582,True
961.3033304655805,1.0107662980702418e-07,102574.2474256239,1653.3320727728408,True
978.3417776898532,1.0326101212731579e-07,102606.82615827046,1590.4296918087502,True
987.9644540705884,1.0358861916924763e-07,95318.03496889722,1571.249057608503,True
1027.2968059032414,1.0111748190041344e-07,101053.7727354456,1547.7137020923847,True
1004.75625799258,1.0327802112117816e-07,95452.78230280396,1549.8836155015074,True
999.141017751841,1.0101315750479742e-07,100756.44642938109,1592.578397395252,True
1044.2680511813621,1.0437087282372494e-07,99432.20551676808,1475.5914719962211,True
1007.5331219821746,1.0349079454752354e-07,100797.19156926744,1541.6244164727702,True
1041.8768133489264,9.512014928543775e-08,99591.3587982019,1622.7477444317735,True
987.8063862206652,1.0092269954955663e-07,98516.09954022017,1612.4726729938645,True
1045.813143048784,9.607537584296367e-08,99033.95349350502,1600.7227283448326,True
1042.5236081662015,9.786633423497413e-08,101160.64839601457,1575.9908163844475,True
983.439527247822,1.0419119074012943e-07,95757.56323648171,1569.2024200075423,True
1040.1477331473855,1.0097005274663557e-07,103751.54920518442,1530.610909480374,True
976.3527549824685,9.87622418506198e-08,97385.32796148262,1667.0738754528263,True
1007.7308292201361,9.934673768778348e-08,95766.07091333701,1606.453315302815,True
970.8635300580045,1.0179383206784668e-07,95610.27845496437,1626.7777868817136,True
1018.7741111809407,1.0418823078592665e-07,99084.93329323435,1514.8377135971932,True
1039.2268118992765,9.902479587459038e-08,98459.37126609801,1562.8803697219446,True
958.3081725481414,9.810561702958986e-08,102190.7758092321,1708.7351193846098,True
1039.7139990330948,1.0008727381989139e-07,95691.78754199747,1546.0397007841937,True
1024.4256936903503,9.6899365696852e-08,95868.60771624256,1620.447134715162,True
1010.3700074752311,1.0488735866071039e-07,97432.79806317107,1517.3890432321082,True
984.4094576437685,9.912505867330705e-08,101704.73862238429,1646.812897506499,True
996.8967403649964,1.0469396360774279e-07,99941.28332192822,1540.1352532594651,True
1010.7501851825342,1.0139756614397099e-07,96559.465657285,1569.1742879857518,True
998.94103402391,1.0346297549263461e-07,97139.95798819726,1555.745611098823,True
997.3976418736223,1.0211415577132634e-07,99938.27219251946,1578.260459115455,True
1036.2818180266345,1.0191607166845617e-07,101866.5858761854,1522.282675414374,True
1007.7800945590986,9.796125994766791e-08,96571.70658291792,1628.9532344383945,True
1021.4595897243912,9.896008453670413e-08,104289.20003707433,1589.9075835419746,True
1039.4543648940833,1.0179019638683408e-07,102106.91550261533,1519.5239272886934,True
1021.8292469085426,1.0034200273632805e-07,104839.99076688464,1567.3696032188295,True
1014.5969742603853,1.0120277765560219e-07,98057.83475424339,1566.0465241706786,True
988.3689427574507,1.0326486602374533e-07,101515.53493065748,1574.549628899633,True
1045.0816813521296,1.0165691291484579e-07,98030.855330283,1514.043579049,True
1001.3127239395429,1.0491149538858248e-07,98777.61875726152,1530.4093691925311,True
978.1376848133318,9.854035891904893e-08,104105.88989904932,1666.7382777493028,True
1002.0131170826114,9.931966927402036e-08,96519.6761743794,1615.8342877941575,True
1043.9938120827114,9.66501109734119e-08,97300.76444089427,1594.244086997866,True
1041.400594746087,1.0032836551558694e-07,99361.47099231137,1539.2412551732896,True
1001.4306837616076,9.765321997842247e-08,99947.76528791164,1643.7752819949064,True
1012.0770605665685,9.62381898504165e-08,102689.7156423404,1650.1309780170557,True
1005.5091305152577,1.0120990193590946e-07,97915.09740967926,1579.9677391618234,True
995.42014755772,1.0067642947487604e-07,100904.419718194,1603.7963194828412,True
981.4213244603343,1.0232649769271538e-07,103522.43485050123,1599.83196441354,True
973.4845744394777,1.0019698293937151e-07,97845.30303341271,1647.9193434107583,True
960.9389590197443,9.680186520861268e-08,102358.40422645521,1727.0254399499797,True
982.5100782710459,1.0478478735271837e-07,103574.44936902031,1560.5769697322178,True
1038.992664015506,1.0430967948129413e-07,103108.39018384057,1483.3286809705728,True
956.7655631224238,9.620307277032463e-08,98465.05014371213,1745.923603386384,True
1024.7402078067664,9.606009405593005e-08,101167.44855645357,1633.2033080644092,True
964.4661895292552,1.0152519688603923e-07,98287.03920941005,1641.3459721696966,True
1005.3375563839188,1.0198892907847375e-07,97555.51961022426,1568.2229986137795,True
985.7832571194416,9.51597789016239e-08,104619.717387567,1712.6091771910674,True
1027.853451368469,1.0159333235211509e-07,104067.94499344224,1539.1895374010635,True
950.7396693608035,1.0410011577802347e-07,102706.9923957173,1622.9644046224826,True
1004.7938715014799,9.645181170963747e-08,102303.99151780496,1658.3547589941159,True
964.032528303568,1.0367021000768699e-07,97401.40669427275,1608.2433773137695,True
1014.1921330066019,9.856495366857089e-08,100264.67576287761,1608.2303602532074,True
967.7761380358762,9.610274091770067e-08,101439.13890850353,1727.5601486925486,True
964.4943480707439,1.0321916440078301e-07,98727.64631292726,1614.2925547258887,True
988.12282211021,9.704365979491027e-08,98070.50772136009,1676.4705584732444,True
1010.803814592609,9.537357040885773e-08,96767.67841756488,1668.1618619342505,True
990.9197238539133,1.0372770801274583e-07,97172.43676056227,1564.2032473120262,True
1011.2658733390633,1.0198272521656921e-07,100180.53321007294,1558.7990961490186,True
977.4270227358865,9.852838169945927e-08,97059.44839389063,1669.2680561424079,True
959.5372378092204,9.857928953135957e-08,101958.57482436756,1698.4026894457038,True
1047.82814614433,1.0355186599942438e-07,98058.15642841658,1482.478142363987,True
959.0228713870645,9.554914337943371e-08,103738.9100523808,1752.9147516113535,True
1047.5901566838247,1.0293199527402301e-07,103190.5277154169,1490.9567958216223,True
1018.7449793944044,9.590804177947138e-08,104684.73531485115,1644.7714307685587,True
1045.6937385094332,9.878447696597159e-08,96446.23183801226,1557.4363375443434,True
1039.9893265807839,1.0227136477444926e-07,103247.32778175794,1511.4363847750774,True
1006.4225084088962,1.0183986921979975e-07,98114.83893946925,1568.7512421286156,True
1044.331531989533,9.943167935205107e-08,98376.2579909843,1548.9699806319256,True
986.0225315696966,9.818808008160763e-08,96771.45101651257,1660.6466757914238,True
957.0989956196696,1.049568991850754e-07,102022.35221786455,1599.2174513522768,True
1002.2100381479788,9.620027781438948e-08,104213.56481686843,1666.6394708463972,True
965.1747893124731,1.042431038170124e-07,95847.3980256821,1597.7847157883332,True
982.0776500398648,9.700329177306643e-08,101354.04547844762,1686.8470433354341,True
1027.457400663248,9.82485812417089e-08,104498.77428403686,1592.1326653710096,True
955.4339971272486,1.0344159740566372e-07,98395.54763136304,1626.0014842596424,True
1027.4731913956887,1.0262095460582404e-07,96403.47287151113,1525.519707462272,True
962.6345587835985,1.0472539221578138e-07,104681.13939094801,1593.2434930165962,True
980.9473219045627,1.0457508847724413e-07,104214.91837347596,1566.0837538769867,True
974.0170419549013,1.0137704054729286e-07,98079.22199270614,1627.8172127394826,True
985.4512877773874,9.871607089269398e-08,97314.68193667757,1652.61940516243,True
994.4179008475113,1.0417737355527859e-07,98049.12927710396,1551.8875127014683,True
991.3970316579139,9.90076035836637e-08,95981.11797482781,1638.199630499997,True
955.8062982040763,9.575728201661489e-08,102202.21448899123,1755.1778444667168,True
999.7158711677073,1.0276075218805357e-07,95969.94009132759,1565.3696211563586,True
965.0672716202279,1.0213389934512238e-07,100310.8643180501,1630.237598882458,True
1018.3571478816638,9.745160308248062e-08,100929.34742263246,1619.9104774583056,True
965.081812977956,1.003344639750318e-07,100564.88123313035,1659.4101740392068,True
1031.332233031453,9.948834565151645e-08,102808.86280190427,1566.694327335702,True
952.2670807200974,9.648468026422463e-08,101939.09577903624,1748.4013820664238,True
954.6443015988503,9.894613203343246e-08,99716.16467283017,1701.052501471243,True
1032.8584051143039,1.0043886523942395e-07,104264.17105494883,1549.3822307680136,True
987.9091447616917,1.0062591471726129e-07,104688.05725992985,1616.115414017388,True
1008.7679833027761,9.816598891732546e-08,99492.82622019244,1623.48761070035,True
954.0394259285954,9.620389805168197e-08,97703.4077144934,1750.9804692517343,True
1016.5779003689752,9.753905683346788e-08,102034.55958053045,1621.0873291873747,True
957.8477090398715,1.0434861918846002e-07,101058.6288817011,1607.4366959605925,True
950.2006279023367,1.0445895437816326e-07,103226.68539881772,1618.2236111818002,True
996.2277105759919,9.806147121625559e-08,100035.91582816573,1645.3819323187597,True
951.8346038686342,9.738326956685461e-08,103397.09893273597,1732.821994507131,True
1041.441662885496,1.0494788023082595e-07,100904.24234788633,1471.19734116631,True
956.2336416364755,1.0362038905060422e-07,100031.88488921557,1621.5962196898645,True
1005.407909199642,9.662905847341725e-08,100871.64310485714,1654.5403250193426,True
1030.7095048183244,1.010101824998511e-07,104715.2543286606,1543.7342617652068,True
1035.1391606237096,9.696210984531556e-08,99818.82909256409,1602.137757759766,True
955.8831632412781,9.719768533589946e-08,103526.12013811585,1728.8246635654689,True
1047.9554023061532,9.879343072429034e-08,96514.01978513747,1553.9585977390773,True
968.8336334471362,1.0099994838567969e-07,97075.04181059502,1642.7166385163946,True
1018.7721483132925,9.694288172700539e-08,102999.72493794587,1627.427507516962,True
1000.3743379795436,1.0483120734007402e-07,102065.11713978718,1532.508675701123,True
987.8978132443203,1.0294156888344801e-07,99669.31913740722,1580.5227509402885,True
1010.1002053756258,1.0303210860531821e-07,101939.55115427356,1544.4193968736454,True
979.4246948032452,9.998899981954425e-08,99984.34931859435,1641.0824797010196,True
994.747128800637,9.990963935798856e-08,102632.17427604295,1616.9221580630974,True
957.4781109828675,9.902725614369699e-08,103140.06231942061,1694.1412241749942,True
1017.1128902209078,9.774375835867372e-08,103463.32122969857,1616.6294731393361,True
1028.762068718031,1.0187821374304114e-07,98155.91982589388,1534.447289476575,True
991.2116905652823,1.0436779630502762e-07,101543.51924794965,1553.4811494905425,True
977.7097752889666,9.72582139616702e-08,104231.9413430854,1689.4239168143122,True
982.6161596960806,1.0269930952782255e-07,101674.593435487,1592.3763416555596,True
961.7042405746924,9.523122189937893e-08,104737.72007415116,1753.754303911908,True
989.3652756040073,1.0070231816399079e-07,102470.5638688101,1612.8614086800035,True
954.0362839114134,1.0188788546243982e-07,96201.54840121785,1653.5540595391517,True
983.9500506158265,1.0456412826215947e-07,97366.87193212671,1562.5399655120063,True
1031.702557445658,1.0199944042845807e-07,98887.33700622001,1528.183142102885,True
1046.146243256013,1.0059100350192878e-07,103622.97504173404,1527.6754956293444,True
1027.8328139333994,9.723671265178846e-08,102642.1758101149,1608.4022432848267,True
974.6883397319903,1.046439735188404e-07,98095.98767884303,1575.919469638567,True
964.7709076583661,9.839974727411364e-08,96706.20412133896,1693.2190111550228,True
1003.1049404810375,9.872699691701724e-08,103587.97679926864,1622.6435930403106,True
1034.5862872606274,9.856892941684285e-08,97330.57117987004,1577.2676418633532,True
1025.1908509818927,1.0222878129698096e-07,100837.8132141551,1534.035066894598,True
1024.106539342294,1.0327184871777674e-07,99753.02899788809,1520.2988212224175,True
957.875856944712,1.0440549345067071e-07,101047.5544889071,1606.515940948136,True
998.0215272163285,9.760794771647277e-08,100258.95080908651,1650.048930977974,True
952.3070179865815,1.0304608391565825e-07,104192.84290016668,1636.6771214764342,True
1025.1559899000397,9.941232538089189e-08,104583.17506383416,1576.9804245252617,True
998.9045212152441,9.899828313167279e-08,96226.63096451788,1626.1236002672097,True
1029.1210811000328,1.0030227262595822e-07,104507.15688411547,1557.0358937404337,True
1010.0998970295882,1.000286826828868e-07,96289.19782257013,1591.7079754441033,True
1045.4160181116324,1.0018318528159262e-07,96957.17739174467,1536.0089641781935,True
1021.5268142083478,1.0070164348792553e-07,101136.03950602662,1562.7819907568532,True
1001.1523654274932,1.0199269791346019e-07,99463.59221819627,1574.3468453700573,True
971.1195866208855,1.002652515638574e-07,95519.39101397678,1651.163310809191,True
1031.0174084962146,9.53138390967132e-08,104103.36761979446,1635.604025493503,True
956.6423506008272,9.502141979202296e-08,98547.6237996967,1767.8465174383578,True
1048.4862687294901,1.0225829288521451e-07,102669.12949692235,1499.5863933593314,True
959.6607091587093,1.0033987719325181e-07,103837.365148131,1668.107943466767,True
985.7635448406137,1.0385795985491266e-07,97269.84097785692,1570.3147764678959,True
961.8777845655342,1.0191809961933302e-07,95201.99566926864,1639.8903715986908,True
1026.2191988936243,9.974740675740159e-08,98690.76288655489,1570.9812537455232,True
1048.06260616175,9.906534226224377e-08,98069.25796962086,1549.2725470453722,True
958.4140396428755,1.0370955817476672e-07,103772.57212994766,1615.9979002761668,True
954.112061337978,9.85617735979184e-08,98999.88722157192,1708.7467884512766,True
962.5216681789948,9.698253196257286e-08,103325.96308215444,1720.8499115507823,True
954.7316475642318,9.817526034318041e-08,99163.3855974409,1714.3444242630055,True
982.542581087723,1.0286939047164962e-07,97856.33264861834,1590.4552102369385,True
973.615550607532,9.692092151949046e-08,100180.92437819258,1703.0031042071685,True
958.1930869610737,9.656576410606292e-08,101043.51994858081,1736.3725663679563,True
1005.3806727221439,9.595259457131821e-08,96676.75490301882,1666.9629927379053,True
990.2849772275863,9.95179844989097e-08,98292.5644365626,1631.2177405994678,True
1026.2056189325456,9.778029084645993e-08,102820.3955227057,1601.9443878221393,True
1046.5429165186556,1.0399633169524322e-07,97014.29780720401,1478.1038096267037,True
967.9183992420375,1.0407084886621303e-07,96801.14111473081,1595.7808528326282,True
952.3113683343413,1.0123305021942594e-07,103895.18988588628,1666.0248838981154,True
1008.3482031798978,9.80030240143853e-08,104599.29965051448,1626.0605723954527,True
951.1031946113586,1.0031281902594638e-07,98835.42090236247,1684.2064831867924,True
1031.332794901973,9.599354574612435e-08,97999.0618805754,1624.5229894380575,True
1025.018588344006,9.653943938695027e-08,100406.54519860604,1624.7805627117505,True
1034.7957014088536,9.860804586660971e-08,99998.1196437283,1575.8838853748643,True
974.290112522258,1.007942228065079e-07,96469.49559664684,1637.0439390513054,True
977.5853665902154,1.0269909633615106e-07,98996.2447467062,1600.9081939599075,True
956.7476901972647,1.0314134388402723e-07,103427.62368022806,1627.7543214202462,True
988.1946713337542,1.0352159495925405e-07,104461.06649917208,1570.4920963598126,True
975.5736358404089,9.528426659084281e-08,96101.78959135339,1729.5191592576493,True
1006.1285345433513,1.0038158875119395e-07,103808.15721967485,1591.115103095459,True
965.8932395380741,1.0058227564672845e-07,95714.44307835356,1654.7417475346563,True
994.8682939551516,1.0446848756373298e-07,101246.64917125543,1546.3787100659058,True
989.3090897803216,1.047426704530632e-07,98026.71972011522,1551.4062056759506,True
965.4597104857219,1.0295793774636603e-07,96463.816169985,1617.1532484928712,True
1048.6508749849145,9.531934144880398e-08,97381.48550391264,1609.384693517031,True
992.2176542882581,1.0017050771668289e-07,102364.38708174705,1616.8236400071742,True
1039.31593380469,9.69818747074955e-08,99763.08051289278,1595.4491876323493,True
955.7422164792321,1.0019286728308154e-07,104693.23706937418,1677.2169157025237,True
1042.079491102259,1.047784510030597e-07,102856.82702562957,1472.3978110434075,True
974.447781687179,1.0293193912843929e-07,104701.49781489532,1601.528434987755,True
953.7142635858046,1.0087182067664408e-07,103023.35366046158,1669.6824312100373,True
1031.6295773663892,1.0122215390087614e-07,99074.19682595546,1539.9959087808218,True
1027.0592892563493,1.0150397180935668e-07,96596.76178776039,1542.889469298257,True
1007.938977060392,1.0147715417679712e-07,100175.80524812262,1571.6850296328755,True
974.1087659422468,1.0013942549352454e-07,103511.80101765128,1646.931166326775,True
1017.1495853874502,9.714711141850749e-08,103258.40198811216,1626.531616593582,True
963.2664209913169,9.54252825386549e-08,101432.15736355378,1747.894199141297,True
1015.2527143828503,1.0310978481063459e-07,98173.72553145893,1536.0814210052908,True
1045.1153536291165,1.037689203927449e-07,102055.14814299517,1482.5640437649029,True
1036.0324756234907,1.004961175729735e-07,102913.08917225822,1544.001392350395,True
973.9570316854323,9.514750476873473e-08,102632.70301353672,1733.7434663366023,True
975.9730147226815,1.0444104666316137e-07,104664.75296159512,1575.948534668,True
989.2524488509484,9.943771655304479e-08,98706.6211185607,1634.1531385947014,True
973.9615867648565,1.0459389558932445e-07,103262.30358489197,1577.062835622354,True
1034.3207150678004,9.524334431237543e-08,104645.4391844439,1631.5552509635418,True
1006.6842027112519,9.78249424136567e-08,96925.92505987872,1632.9190225558564,True
956.8685055855292,1.022897340930443e-07,95164.23372235047,1642.407081426507,True
979.2378612073463,1.0163630313767628e-07,96406.11145976796,1615.370455561353,True
1037.1560898407297,9.704368952571868e-08,95368.33335522807,1598.4765926131813,True
959.5790870682924,1.0179964268846705e-07,104919.72057617962,1644.1712060571392,True
993.2879653985975,9.792137093860998e-08,103084.09189263474,1652.0841849642368,True
954.4217042373527,1.0104813986844138e-07,97167.99450719624,1666.4661485689794,True
986.9121912838705,9.735865837596814e-08,99194.94786142942,1672.8868780299665,True
1004.3347422834325,1.0459742220635257e-07,99924.40126598756,1530.2554804823196,True
1012.1440982888721,1.0472530998290077e-07,99689.12362955807,1516.7475069976213,True
1017.8107813771157,9.97770640189319e-08,98412.8694856702,1583.4008726044672,True
992.6923955405139,9.901846438977512e-08,102244.23501161207,1634.8785289432017,True
1007.6850966226733,1.045743366829275e-07,104375.04879379933,1524.90555729298,True
1011.9775842613237,1.0373665716178757e-07,104675.05709682299,1530.719081980168,True
954.918096592732,9.781088897125106e-08,101543.92394853821,1720.0133556774779,True
1001.1908223801946,9.757197402465646e-08,103748.9018480485,1644.936311227486,True
1039.357112942403,1.0311464115870428e-07,100781.4452912074,1500.3443160623224,True
977.7165363818855,1.0175329540368475e-07,98065.19423368589,1615.7240528575494,True
962.07085056747,1.0213180864489201e-07,96528.26234970683,1635.9089139420864,True
1029.4045303914515,9.759458975309464e-08,98373.49795893946,1600.771210294834,True
1016.8703321542461,1.041481352906038e-07,95028.75012764735,1518.887491629395,True
964.6677555034744,9.961222095054683e-08,95599.20666524922,1672.9776553457725,True
951.8050629454126,1.0208670015119493e-07,97043.69220301592,1654.0238382845441,True
960.1783765510396,1.0020432256412746e-07,96872.70357313512,1670.5719332698866,True
979.2812919114466,1.0291128175657078e-07,98979.40941424305,1594.8703610031457,True
979.8291809987699,9.890538877568173e-08,95040.40458893908,1659.221208836934,True
969.9821759622137,1.0019493909477034e-07,98889.47891002927,1653.6733276785328,True
987.7823297161672,9.785893029338319e-08,99476.94097404853,1662.836639535091,True
1012.8060835399557,9.962659809778236e-08,99605.75346253575,1593.3537251800335,True
1013.97050296846,1.0280072141995624e-07,99461.55827021509,1542.4236985611108,True
1005.7200193407465,1.0454024703380768e-07,99593.45237781893,1529.055098283554,True
1036.2458593211923,9.752329976222559e-08,96573.23982543426,1591.784088236309,True
1035.6255418632009,9.50682852112638e-08,96209.09717154787,1633.9231320705862,True
964.1664050902065,9.653377827220785e-08,101213.76184073203,1726.2605986742224,True
990.2119578647063,9.606884751989744e-08,97660.87999688924,1690.0153443049026,True
962.1214130358035,9.935836423901413e-08,95868.71924877373,1681.599598646147,True
953.1444899276516,9.56768045104928e-08,96310.32959662577,1762.51019071802,True
1037.846935183149,1.0330224091893929e-07,95482.41390952123,1500.6250045896616,True
990.0819576771743,1.0477196612781647e-07,100542.15196630436,1549.3861040158915,True
1005.1966790901454,1.0279373726981071e-07,96294.32482857935,1556.3685368277647,True
983.3819964567623,9.723923582789737e-08,104917.43276680616,1679.994993680301,True
1033.618551909002,9.837263522900464e-08,103082.11948995442,1580.9515944634727,True
977.4862772189491,9.660364863632027e-08,96925.63968304491,1702.4478433308807,True
956.6041632616348,1.0028801244874597e-07,102888.04452578389,1674.395502898001,True
953.1713657953447,1.0236710861850834e-07,98142.40575058464,1646.9722409836374,True
959.4632811301863,1.0357054171620243e-07,100860.03909459827,1616.8411842542987,True
1015.9696733511303,1.0369909227387623e-07,99768.803870196,1526.0353401013633,True
991.2659669227146,1.0351006963572171e-07,98320.45829483563,1566.7653672066417,True
988.3485450856138,9.50666191925585e-08,97297.58611768117,1711.0837264861837,True
973.3129068646539,1.0166329836575796e-07,98970.77950224573,1624.2526762012208,True
1027.0767666742556,1.0246723571139435e-07,103675.0587587845,1527.2616818487847,True
959.026971241636,9.829708670578176e-08,100134.1484397276,1704.4658066758973,True
980.8638327622905,1.0384219457786827e-07,104489.73484337621,1577.2311173511368,True
952.0035562340552,9.880524237238485e-08,100041.91763377597,1708.1059272364419,True
993.0478123108797,1.0483777727823455e-07,98948.59195585865,1544.0772355597921,True
1023.2199644938778,9.890403577342942e-08,96372.36625152477,1589.3658106535636,True
997.3022190169536,1.0140037673756812e-07,95831.30044951766,1590.1938176875346,True
952.3603103901709,9.858201579222116e-08,104214.98697069069,1710.6922598297817,True
981.8982928102097,9.642701638344586e-08,104809.95829166497,1696.6981573879696,True
1045.3233278509986,1.0484385997657528e-07,99170.82420622515,1467.507294346368,True
1016.9542395988826,1.0203407770175684e-07,99251.07981828637,1549.5326680181936,True
1049.4756331855413,9.538185292353207e-08,97662.26185058376,1607.0301882171104,True
996.6006992292009,9.941666248403375e-08,103149.5719045081,1621.8685374004278,True
1026.2220393992475,1.0084199565424652e-07,104255.71375201008,1553.0711711303288,True
978.4788930851583,9.781193308086839e-08,95870.30946814365,1679.9133843012976,True
1002.988533853897,1.0269788822558507e-07,104694.60192260555,1559.9240261946077,True
1017.6269844904606,1.0491294610434413e-07,100963.15692197073,1505.7672893713004,True
993.6187565489836,1.0245631958727853e-07,104948.00025156498,1578.1709222885806,True
1021.9686641122177,9.531886471332339e-08,104932.94502992411,1649.7302248194483,True
953.7227598319631,9.803290873186652e-08,104699.2939698529,1717.7669594765505,True
956.9472882186276,1.0107261569254449e-07,98664.34010421151,1661.4625045502899,True
965.3500408708151,1.0049919590816102e-07,104213.32539990298,1655.6829189127798,True
1016.0934110943882,1.0421500374059678e-07,97150.87797914435,1518.710203379916,True
975.601109289789,9.567730710835426e-08,101755.91384155533,1721.4045101115164,True
980.7106831969405,1.0385315331706914e-07,99285.4373404879,1578.0774548256245,True
1043.8628167495249,1.0439979241890857e-07,98881.01072582492,1475.8349093364827,True
959.9530084411824,1.001355923793681e-07,96226.85889956106,1672.2173020244777,True
1002.5256441526957,1.0056995654444518e-07,97249.26251229121,1594.8157841504524,True
1013.2700251844207,9.722569481460817e-08,98314.10933590634,1632.1760800136774,True
970.9647132450792,1.0262691100012715e-07,95668.83752436285,1613.3959524976324,True
978.9656236116688,9.69955416505744e-08,101413.01921502162,1692.283680968905,True
958.0879293561749,1.0215114499758877e-07,100404.50353622368,1641.7084604221684,True
1049.3583079468585,1.0003949544758687e-07,96251.5473056811,1532.6182627406592,True
1004.7583418324128,9.816451168498451e-08,104859.96676158931,1629.0918048897286,True
961.4700982109491,9.947582269643218e-08,100329.81698150717,1679.9984439212335,True
961.7888233011589,1.0023046811886475e-07,104875.18604031394,1666.1163286634214,True
1006.0489560225099,9.90314445207093e-08,98591.2689910864,1613.7531013429625,True
1038.408584772147,1.0081841514943827e-07,96005.94116780831,1536.6824825896272,True
1045.4753766442266,9.793217811944801e-08,101411.41460590716,1570.4902241535244,True
961.4115567924455,1.0457722626212195e-07,96538.09901384702,1598.7382572810366,True
1029.6976463601595,9.673369080577306e-08,95337.52270034574,1615.0951861466854,True
1017.1606453708679,9.615193346179207e-08,97964.20906414515,1644.2149177229894,True
954.0112065072268,9.791453105915568e-08,96019.84723412033,1720.7317504613625,True
972.2606248328257,9.755542155121513e-08,102420.03090452086,1693.905906158338,True
1000.1463223933226,1.0275828247790237e-07,98019.33395544076,1564.403028037091,True
1011.9249581317629,1.0380201889813323e-07,104691.6278506186,1529.831699641033,True
1024.42692201703,9.83516249016991e-08,101859.91653611783,1595.5248899515732,True
1008.6048923901101,9.883243809036221e-08,101198.69358340483,1612.5253669257152,True
951.7639777369251,9.802028498009964e-08,97851.11379980881,1722.5773323841224,True
961.0863166250106,1.0285158973121695e-07,103225.04255713057,1625.0680802671836,True
983.9708670064537,1.0284477734574441e-07,95153.0976483215,1588.998887931157,True
970.5325413290842,1.0480776416853621e-07,101296.44402749094,1579.6387919394049,True
951.589349545154,1.0019116501269094e-07,96109.47796070245,1685.8540622875523,True
973.196096269553,1.0400719986875556e-07,100546.23598176928,1587.5950334935062,True
1015.5802474660098,1.0008494331224353e-07,98284.33839433429,1581.982637641609,True
967.5843548374296,1.0474654730435002e-07,103895.29128885518,1584.9569689104133,True
1019.6880376801323,1.0153195569967631e-07,102599.68232351966,1552.5478297039158,True
958.3206116052356,1.0486359088874647e-07,101538.66003855223,1598.6898639713277,True
1004.5449008591361,1.0428091171205493e-07,104773.69339518958,1533.8752320029553,True
1009.1661856810181,1.0162391955353272e-07,95878.01709303225,1568.2264948201805,True
979.2451770643984,1.0387432526918487e-07,95430.4515661976,1580.7173222805995,True
1023.9951077508098,9.741986546447307e-08,101577.16723764376,1611.5022198225001,True
1022.3000307631254,1.011842203565764e-07,100169.45261020132,1554.3140955705626,True
1008.9660144121997,9.59822630822607e-08,101984.76121795019,1659.6942900632307,True
985.5112495360858,9.975380081785069e-08,102120.22343604125,1634.557332720927,True
1048.1989365746879,1.0251609473248017e-07,104942.29118656389,1495.8936607321994,True
1028.0064859308184,9.922636365771408e-08,103843.14026187411,1575.7067842306537,True
983.7731464416324,9.551089277110107e-08,104317.66635698112,1709.8133688990456,True
1001.1078828894886,9.891583936170122e-08,96005.43469320373,1623.97230174084,True
1031.4944789192668,9.565624096651472e-08,104113.5407461443,1629.0014393022518,True
981.0261098560239,1.0366255915853306e-07,96591.09148987623,1580.9069039965027,True
981.8429496773311,1.0479974790769581e-07,97519.73643564522,1562.3147858267687,True
1027.4628480725635,1.0455275794290628e-07,97428.23276425389,1497.181771969145,True
1004.3202094118442,9.979791417845361e-08,95490.69974712672,1604.6129387464528,True
984.0555660580993,9.717103665093006e-08,95736.79895720493,1681.5310689237544,True
1038.3278418267698,9.543479471853637e-08,98334.56457697244,1623.0825940595007,True
962.5822153148396,9.567792178301679e-08,101497.42215820785,1744.4957781565515,True
988.2355739563574,1.0019327952475657e-07,95447.6009460004,1624.0316593364098,True
1016.225196601916,9.866773471412746e-08,99945.03665044645,1603.4246421388575,True
977.6749490444803,9.605523494258374e-08,103689.3238183679,1710.7255221958353,True
985.3724470200034,9.7392280022037e-08,99223.59304006404,1674.892020097133,True
1008.9850011382119,9.536852484427094e-08,101865.6299459084,1670.3631624948243,True
1008.7242523384048,9.751608027950263e-08,99052.83843571582,1634.4505623676027,True
1002.9756115616668,9.974353987032527e-08,104179.96387501206,1606.2238964988933,True
973.2603687431697,9.969735659728292e-08,97408.97013078113,1656.6286268754102,True
1043.364769700109,9.667825694765284e-08,95571.42412167057,1595.036785463174,True
990.1324551175455,1.008796819450954e-07,99728.76105765879,1609.2134480067593,True
972.9591936094637,1.0351618488145204e-07,96354.43266775881,1596.1754792056083,True
1011.6539800212332,9.914380640986612e-08,104403.94400339424,1602.1771003611636,True
1037.2509560866051,9.656425594848974e-08,101887.61726654816,1605.161752782904,True
1030.6107726657453,9.691416726764993e-08,97771.29255150107,1610.2456691464665,True
1024.4692359332817,9.641878925445731e-08,102424.08218245959,1627.3533762568388,True
1036.0852453488892,9.806068871902901e-08,98527.58892450156,1582.970286978929,True
1031.198214735761,9.898075910695619e-08,98823.09866049042,1575.561970161718,True
987.4911606945792,1.0201078662285795e-07,101449.15103546961,1595.31972665394,True
978.1205536339734,9.628477850835658e-08,99301.6273221968,1706.5812850128536,True
1022.9791151515295,9.818599622827202e-08,103864.9793988965,1600.148565777758,True
1027.467195058307,9.704055767941369e-08,98357.41778506416,1612.9173152160672,True
1043.7872687469705,1.036668895785077e-07,102560.15870570665,1485.8182233995196,True
955.6484303085672,1.020937220721756e-07,102326.54854515709,1646.4937453923417,True
965.5375586674706,1.012298703252858e-07,102289.24651541677,1643.6997241793993,True
978.984668531039,1.0179172948230266e-07,102460.89596391859,1612.3584920376372,True
1019.5576194654101,9.853106787733496e-08,103810.77991773587,1599.8515914386471,True
986.8264321102789,9.924107244735544e-08,96860.59781412812,1641.6862540978066,True
1015.044319056833,1.0037922656554558e-07,98911.33228715486,1578.0667522731983,True
1046.3513950161444,1.0309533823861631e-07,103938.76483728009,1490.2314618549524,True
1040.7604228431437,9.629056408464004e-08,96578.53533515184,1605.2426398875928,True
950.7395974058669,9.784475649588333e-08,99702.5735625323,1727.2002768488537,True
985.1640249578822,9.711540232140854e-08,100392.6406170573,1679.826693663281,True
971.8319820430762,1.038154956886121e-07,101161.8604343604,1592.6450200502152,True
1032.5950507595026,9.50078832442396e-08,97759.5021118184,1639.433004851924,True
1010.401923686689,9.737836854602573e-08,103612.45886979111,1633.3455887349442,True
1028.3706745085456,9.599581503356711e-08,104869.9538706529,1628.00659491705,True
1009.7807904797867,1.0129255996947455e-07,100882.68293544512,1571.5960175496177,True
958.5383794379024,9.849891898827443e-08,104369.21143471506,1701.1772449757511,True
989.9862675040011,9.699248451250296e-08,100892.7458859269,1673.7612842872531,True
990.9382679882739,1.039667484334388e-07,103268.65098740353,1559.6479387091777,True
961.4926194629309,9.616286438161207e-08,101231.71404740341,1737.6896811937274,True
966.1897301457698,9.728848957154602e-08,104922.38951831436,1708.7447855911034,True
979.8541492064091,9.674548767593289e-08,104463.49444155149,1694.660151459408,True
1025.4905820538174,9.615080440703069e-08,104510.19777358859,1629.9572388645213,True
1043.933527384149,1.0308127768403884e-07,103730.99151762115,1493.8820968594262,True
1024.6913330941393,9.732141799347968e-08,95168.43298391216,1613.131429720339,True
969.2232113706845,1.037744731563537e-07,100030.99591355982,1597.6936587508137,True
1021.0995874765819,1.0291333736718388e-07,98972.49077360076,1530.1641798019152,True
1017.5632546727185,1.0217966654751887e-07,99185.52939568358,1546.4185295632683,True
993.8992823495884,9.502391325539885e-08,102289.3520628528,1701.548437398081,True
995.1794449638355,9.859761216175471e-08,104500.83725690859,1637.4521921917465,True
1021.8497981914343,1.0104249009892007e-07,104963.02156222817,1556.455041382038,True
1014.7777588440691,9.536880349478952e-08,100586.4999935954,1661.1250618058386,True
974.3435312175952,9.855281059455398e-08,102626.01293259306,1673.1805374828916,True
1048.9754052645856,1.0097336818790432e-07,99557.21805310246,1518.4480823447273,True
970.3980238347864,1.0160747634539699e-07,102065.18666513076,1629.4992658038366,True
987.7714514998014,1.0457695542611853e-07,97759.59584484974,1556.3017145197302,True
987.7860973578204,1.0279448100718263e-07,102011.84049186998,1582.6048457694271,True
1049.1351601733033,9.757207042052225e-08,97822.71694446966,1571.433900283309,True
1020.4666152462416,1.036266173514695e-07,104610.98172379575,1519.7283505530092,True
957.9685013698223,9.683360682477388e-08,96662.30322514728,1732.7091416012672,True
950.4140593751753,1.0267137398171581e-07,97706.9268074878,1646.8800083770373,True
1033.0213983947635,1.0355572906335959e-07,97175.96678660024,1503.588688793595,True
952.7976793961803,9.963181741473346e-08,104433.62369023403,1691.864968672757,True
986.1825078543486,1.0152274831116268e-07,101741.7327921586,1605.0509223092026,True
1035.923286671156,9.987940608812346e-08,104976.00516927637,1553.3927634841432,True
1044.3862085695314,1.0087763902662342e-07,100639.21819468644,1526.327651561283,True
1037.7422726166114,1.0230082626756074e-07,97598.1346796614,1515.112477524364,True
1030.176937848817,9.967026141235157e-08,95616.59482616009,1566.7394897124861,True
999.4918547588471,9.678970005981395e-08,103054.01445610874,1661.129662191413,True
1027.2572681784716,1.0119579784038233e-07,98158.40480443541,1547.0339155084964,True
980.8259048838572,1.0397457962035954e-07,103612.98396277732,1575.4072230668091,True
1019.0471588697366,1.0498856594711547e-07,99196.7733876968,1502.874052424787,True
1049.9747558898164,9.72378871637448e-08,101737.48000937689,1574.9432023116333,True
951.1772514784894,1.0331115659693359e-07,101211.75324356373,1634.8346988979933,True
974.7761615764977,9.888121696396868e-08,97771.80312487678,1667.6690331022241,True
1027.9649296155471,1.0404380408261069e-07,101506.71855769369,1503.147563960146,True
985.9213277189641,9.686568391086361e-08,96274.84264196402,1683.5762095804323,True
972.305827032081,1.0492067517090382e-07,101457.21598387984,1575.0646001579257,True
983.276667339354,1.0250525421511267e-07,104954.02421156727,1593.8523212510706,True
963.5991250291685,9.668261789482106e-08,104367.17791628429,1724.116789400938,True
973.1267296954887,9.961708384345347e-08,101928.59843901117,1657.461727677853,True
991.2019023313538,9.971340092073287e-08,99451.71230042675,1626.3406434827812,True
1044.144180850614,9.867552758768379e-08,101115.36687211582,1560.6727440984048,True
966.0311043995927,1.0009051229583179e-07,95013.65915986667,1662.759391871643,True
1033.772067717279,1.0088111024038498e-07,99247.83266595937,1542.0048101017428,True
1017.2873815530832,1.0251593780084948e-07,98543.25825174242,1541.8617526547396,True
1008.616135764935,9.872001649073284e-08,95632.11182914148,1615.2711900511163,True
993.403237502088,9.510479163683817e-08,100148.91092796595,1701.2918341224467,True
966.2744252826182,9.548695098233265e-08,101921.84849942019,1741.2998918582775,True
977.3546014717218,1.0287933738303973e-07,98970.93869947873,1598.481095403554,True
956.628289537492,9.871625677596159e-08,97979.21193652997,1701.7977194154812,True
1003.1333855841435,9.785484067646475e-08,97377.66868260181,1638.0611827666844,True
983.6655717967581,9.647111756562492e-08,104531.06748936758,1692.9458599727252,True
970.6784283206465,1.0122712371035258e-07,102240.33669287464,1635.127546391879,True
971.5399086115797,1.0166455582081102e-07,104756.87844938648,1626.2941718280376,True
992.0623986785313,9.570779288762909e-08,102589.6435801401,1692.4403847065712,True
958.6542563883012,1.0160042003421476e-07,95704.73104782839,1650.4076081092196,True
955.5470876359287,1.0299401014295576e-07,104749.82544046092,1631.9236023847745,True
978.8683505577501,1.0040091630506969e-07,95466.58773222745,1636.019740953932,True
1040.0003896436156,9.66207317868195e-08,98408.69064408797,1600.59672885139,True
993.0037995436146,1.0377994932452577e-07,104256.36408334285,1559.0953934103072,True
1007.0755024136599,9.550795059860332e-08,102274.41549338197,1670.990829956201,True
987.3115381077781,9.70539795931226e-08,99270.51844030898,1677.45385393297,True
1048.6709868554144,1.0285621309687056e-07,98588.30782315825,1491.232932928091,True
979.0939548861962,1.0329215841214077e-07,101098.23697928661,1588.964277060817,True
978.1274912312705,9.563833347857014e-08,102603.43341456124,1717.565167422236,True
966.4419391117578,1.0481250586025326e-07,100766.4420832331,1586.2684677428608,True
1048.238988811185,1.0050523199653151e-07,103263.94265428981,1526.0103465672546,True
984.4211689750598,1.0461675000447572e-07,98606.68397409406,1560.8176254591954,True
952.3388185453678,9.88652015036716e-08,101986.83198037845,1706.1678447463792,True
1021.088761837738,9.907207461916848e-08,104904.24531512683,1588.5912147099168,True
1012.6263415573613,1.021044976537492e-07,99752.42759141755,1554.9359561712963,True
1047.2520658723674,1.0392314624071065e-07,101780.25987574508,1477.4146175958808,True
967.8322389463093,9.88133877595403e-08,100083.61425497755,1680.288334177707,True
976.1286634397694,9.577733610566557e-08,103357.01536814558,1718.4331710308318,True
985.2914235951678,1.0169502020916807e-07,98446.84358937269,1604.281999299209,True
1021.9608389660804,1.0028991735072335e-07,103214.99152909742,1568.2219490008376,True
1037.2591219221613,1.0124993646863733e-07,96020.68743116914,1531.808225780117,True
954.788723006323,1.0274223513981535e-07,99830.32305291912,1637.9390858567497,True
1036.43103526976,9.521126402535222e-08,102013.993978989,1629.2263587150044,True
1023.0257007299653,1.016283217329228e-07,98202.52225560368,1546.7484767228539,True
1011.7664483845832,9.866465737487496e-08,103155.11148604596,1609.9676184672414,True
982.2563357028974,1.0243950418946181e-07,95088.03865429354,1598.0525625109672,True
1025.9335526640573,1.0198684266238035e-07,96544.4696187402,1537.2604349978258,True
985.1550513303213,9.977306513707821e-08,99242.73617847294,1635.2798757053445,True
1009.3418804582836,1.0319098904468382e-07,98904.8627476394,1543.6529022738332,True
980.3171788181766,9.943896144102663e-08,99395.78589959237,1648.767042673592,True
1021.583451270382,9.965167175418592e-08,98143.77866461266,1579.6429040568044,True
984.6093519431028,9.86474577092747e-08,99052.95766969913,1654.8778795680398,True
1037.3813220063894,9.83444984300245e-08,96362.15661591646,1576.8196491600786,True
1028.1506505760638,1.0275651524660698e-07,101847.68187486466,1521.6550912154878,True
993.1515971497462,1.0001692627311677e-07,95258.4089552625,1618.9578381028136,True
993.6100764411021,9.519887470664801e-08,98763.9730982586,1699.4942364782955,True
987.4786713400412,9.619775640874836e-08,98566.55453123129,1692.2197047738932,True
1020.6306705462007,1.0363816110075893e-07,100212.63813881559,1519.9614849282666,True
1041.7596649388004,1.0074882525580047e-07,101113.81923798866,1532.0190899204154,True
956.3923761366146,9.933521495236507e-08,97740.04183173987,1691.6469578561691,True
1002.4387649615767,1.0454194683329638e-07,103995.38830548503,1533.3380962010833,True
1035.5432543641368,9.644008469496152e-08,97254.8684151581,1610.6237839451617,True
1004.0325522562877,9.938931994931013e-08,103521.1536344584,1610.3655296759493,True
1020.2178387651453,9.749495669860746e-08,102566.09505130096,1616.0084285417217,True
1041.6032531089693,9.932327440479305e-08,96706.68689126047,1554.9607811929652,True
977.2495844029721,9.542951962245524e-08,97699.86453579085,1723.671011520062,True
953.2695959036864,9.801234063527758e-08,95423.36340137567,1720.4444671533543,True
990.8648022156063,9.780162998662305e-08,103330.22631737485,1658.0757872784345,True
959.4502011451151,1.00811344522946e-07,100222.07844523864,1661.2160474967504,True
1033.22428188174,1.0019097243525249e-07,98482.6949738542,1553.5655073239816,True
1036.8364815030186,1.0306569987244602e-07,97012.30324010788,1505.2640073197929,True
954.5132568761128,9.716277394964136e-08,100850.34612381987,1732.3250170439608,True
977.8840554607343,1.0107178743848312e-07,103338.06973670021,1625.5233365011154,True
1018.4632081056237,1.0246685059819267e-07,98263.94457029288,1540.8824403528852,True
1047.750637953276,1.0369501299115721e-07,96491.70807116231,1480.794096296535,True
966.1872402631125,9.894449344902735e-08,102735.03355392959,1680.4767426811786,True
1033.3177073051831,9.640531368605952e-08,97577.29235135224,1614.582238555143,True
971.4604409887805,1.0436278428068888e-07,99804.10199615666,1585.098275791139,True
1030.9715577070099,9.508536478972802e-08,98567.1232431523,1640.5093874598329,True
972.9033334379806,1.0357594479232588e-07,103237.49522576113,1594.2819698449352,True
993.0182305692933,9.616517325742736e-08,98736.36079378307,1683.4146038180509,True
955.7158629023711,1.0453585443300019e-07,96698.75299104274,1608.7824225083764,True
1039.0493147854752,9.677796096434926e-08,96748.78890788539,1599.7304514054897,True
1029.0707996782692,9.615901968407421e-08,102074.90893019033,1624.5806542725754,True
990.4726497035654,9.833514749509729e-08,100252.11229703898,1650.2075266999966,True
967.0352485018848,1.0499616869925902e-07,102865.03245630467,1582.2245193002968,True
963.1933507807386,9.817246879262848e-08,99981.36265908179,1699.3420101147235,True
997.9095189518094,1.0178734694412478e-07,102997.34061743098,1582.0589574200092,True
966.6312884795477,9.994689567722924e-08,101016.40331233015,1663.1292541228136,True
964.4101782341885,1.0112897549438397e-07,102736.7011286715,1647.1779992782228,True
1048.0943793494027,9.865721214856104e-08,103482.91341067366,1554.7744350262128,True
956.0422139962224,1.0322389607037805e-07,96780.95200653207,1628.6655290946858,True
952.9360433499605,9.8659229662212e-08,97521.07457625696,1709.3925455486033,True
1010.2626224180586,1.0416035488644192e-07,102589.51918198605,1527.3523652005902,True
1040.9777435200385,1.0150133290443925e-07,99453.16331042613,1522.0505741001703,True
1020.1322877042707,1.003591953072106e-07,101045.7651713428,1570.2507499248056,True
1004.9893131148344,1.0049356017413254e-07,102271.68951298729,1591.3557907644572,True
1039.2491775247674,9.552161352318894e-08,99424.87469510772,1619.998980493061,True
997.9725071274495,1.0493698877608457e-07,95111.84477723828,1535.699005609623,True
1042.722779242651,1.0178727378584171e-07,104776.70354203488,1514.4622760906614,True
973.4350495801383,1.0498813249996963e-07,96420.47173062814,1573.024463386221,True
1038.9587401777178,9.960180083882193e-08,104895.34871117237,1553.2273910587862,True
972.5404079263209,1.0108678377489843e-07,96020.10076180362,1635.2897930047923,True
1028.4992942085155,1.0476004644070051e-07,104187.1444003287,1491.7176658767712,True
1038.7295694553206,1.0160298252349866e-07,98529.67237500855,1523.9323144939947,True
951.7188274015963,1.0362901839570386e-07,96903.93855460765,1629.5759119211568,True
1028.7446993336603,1.042576851671762e-07,104889.15037893376,1498.4533151944981,True
986.932545624961,1.0312545594522593e-07,102893.96770734349,1578.7471131810635,True
966.6321503628789,9.704316797590654e-08,103695.91975851242,1712.472404468689,True
950.7573537194555,9.75041384923632e-08,103782.84020785334,1732.5583060734932,True
989.1058338223555,1.0003595255552298e-07,98090.51598684167,1624.7201906514417,True
1009.8250138594481,9.729015382679404e-08,99457.89813093415,1636.411039323167,True
961.947732527598,1.0328150131017616e-07,99449.8342732684,1617.4345839336943,True
1036.6746512791801,1.0359543088751745e-07,98652.74387940967,1497.5348746308907,True
1005.2990790666151,1.0473679097495604e-07,101088.97585480685,1526.5926812661783,True
1000.9462997558574,1.009507203512718e-07,95653.47911386043,1591.5522595359039,True
1000.4007185332578,9.670248322845437e-08,104362.61724940759,1660.9316083971144,True
1014.2279685885059,1.0307933429059272e-07,96694.28565358785,1538.3124017643072,True
988.7807218954316,9.594390816201776e-08,99620.09101188218,1694.306904880076,True
965.7676717300695,1.0385938677992296e-07,100626.14087424992,1601.9539064712824,True
956.9433743254515,9.601104145125814e-08,97248.01127492858,1749.3043733271866,True
975.5685721185735,1.0319863774877035e-07,103185.08192131552,1595.7877840287995,True
1002.4250234525666,1.0106939032077505e-07,95610.23105191921,1587.3702642377912,True
1014.0156759698231,9.515506558105696e-08,98475.04858721061,1666.451552247116,True
1048.3693522905783,9.639025892710062e-08,97201.5719862109,1591.9582703525919,True
952.6814416171129,1.023007165939774e-07,98140.4202076488,1648.8807948268052,True
1043.963082009133,9.607558118789074e-08,100984.20178175485,1603.2033391834477,True
983.5856166099015,9.722137967428879e-08,95790.00822397761,1681.4456791323037,True
986.732523430697,1.0137480619283157e-07,104703.51492458108,1606.0693900391666,True
951.2150477989563,9.808478470372731e-08,102358.84645821003,1721.698153411205,True
958.2057928197637,9.752865239967221e-08,99572.72428623537,1719.445548949769,True
1032.0763047484681,1.0423307322154086e-07,99167.53454203141,1494.8557981977501,True
977.0869084675178,1.0006300446885149e-07,95539.4426654071,1644.4943763029557,True
1040.0559310227873,1.0038905852826837e-07,97741.79883393714,1540.5432812292318,True
988.574799422834,9.874906082706921e-08,103701.83442945885,1645.8796706631447,True
1017.5596385995087,1.0264911055948409e-07,103797.88546044151,1538.6571001818004,True
978.5685410063899,1.0240269001086677e-07,103609.21395298379,1603.2457325030273,True
1031.8480939563171,9.845848806647508e-08,96971.06587106401,1583.2446262420306,True
1025.5398458242996,1.0158207219965784e-07,99511.0102817475,1543.4883930359163,True
1013.2894145799154,9.550117989822987e-08,98660.47699980687,1661.5581584912265,True
1008.2765183536859,9.711879125127894e-08,104077.07768136829,1641.0594450765007,True
1005.0958706872626,9.514731925465587e-08,102159.65641534963,1680.6140977656435,True
954.3526069402839,9.735426323705031e-08,95940.27041733173,1730.0355690358247,True
1038.7284878096743,9.85982844557936e-08,103042.0162455471,1569.6570447566464,True
1042.87372282075,1.040261057565073e-07,99609.64944668667,1482.4133610969147,True
978.655249114183,9.937055751665577e-08,95386.54729708271,1653.3537510418028,True
1048.4582009217786,9.501733697384642e-08,97915.0528552689,1614.6997886595002,True
1004.8266564240922,9.912616664296475e-08,100399.87928791714,1613.8590116459434,True
983.8310269852478,1.0373291313418317e-07,103966.59685251572,1574.2490056134893,True
1002.5247960100996,1.0384605624774875e-07,98776.2184176687,1544.2607542752942,True
1032.6104193802742,1.0222746327814193e-07,95061.21333473915,1524.081412497903,True
1024.7567854329345,9.730788340772238e-08,103538.27086126668,1611.8645538753449,True
1024.643305444072,9.868443342397335e-08,101590.81912963175,1589.8535363975636,True
1012.6772163072535,1.0103724042079339e-07,101623.46633940647,1570.9918699953191,True
966.07884195668,9.86037966799642e-08,100268.98812609263,1686.856992000985,True
1035.763239808556,1.047363860525881e-07,102785.98015564811,1481.8917817015622,True
1028.4308749776146,9.989729634047744e-08,103229.03668397845,1564.5757255099434,True
994.9151662220823,9.690848186593256e-08,96203.66850657346,1667.7870365757606,True
1019.6606385137579,9.945394174981854e-08,96891.82434601188,1585.9481348017837,True
953.9945906876328,9.647165889433927e-08,97969.41194394694,1746.1559775808068,True
1034.040880654444,1.0329655084995186e-07,103118.48536210893,1504.9770783265383,True
1039.7183812004337,1.0373344821027685e-07,96836.02821917593,1491.5015695992586,True
1024.7512365080759,1.0022277165461394e-07,97985.34247355185,1565.8625172219263,True
988.9557758340018,9.748363508721162e-08,97307.73510470605,1667.6429760978888,True
1030.1173585836455,1.0277686924634279e-07,99683.47160829535,1518.8082932965276,True
1004.4613044259438,1.039792727933174e-07,96786.93818128674,1539.6572633232654,True
1013.2208204045374,9.595283707971524e-08,97898.42807038399,1653.9787641922521,True
987.1067023353537,9.805761566658811e-08,96626.79959445231,1661.0733069928126,True
990.8475003080988,1.0347550012428745e-07,99973.15732152817,1567.6854956525679,True
1019.3577201976341,1.0085645708678991e-07,99929.06653237157,1563.8587371615315,True
968.8577742149896,1.0425646206649232e-07,95440.15371138888,1591.6355101698484,True
1007.7506722015859,1.0427665897281662e-07,98004.51558671755,1530.110663718381,True
1038.643005964163,1.0140324154066898e-07,97114.04515436612,1527.2922440639068,True
1020.712638026857,1.0456537353813816e-07,103946.83441188508,1505.818147971554,True
967.846589924492,1.0285732382173738e-07,101577.32194227926,1613.975104663751,True
1047.305252688559,9.933644508199024e-08,100778.96574073902,1545.7105763590607,True
1048.8872209583376,1.0292215005967316e-07,104070.74877056631,1489.147293051529,True
984.9001729159286,1.0004831318546367e-07,97171.15144641572,1631.5405737243268,True
1035.3640623732133,1.0383688599461819e-07,97606.20634427648,1496.090737220376,True
1015.110120016345,1.0417206327615513e-07,103603.89382678947,1519.813195518183,True
1008.2948048845952,1.0382698520859774e-07,95838.14836086669,1536.2702455877372,True
1035.367559506308,1.0094221517008541e-07,99686.03985062898,1538.6512336767805,True
1028.2058979332426,9.941827675319368e-08,103519.79113430741,1572.4112399988142,True
956.1404479460634,1.0320995506382093e-07,103798.03622523538,1627.6426549759196,True
1038.4463962197078,9.6582209411319e-08,100915.0945742291,1603.1903661656966,True
1023.9243314952489,9.637929448106895e-08,97705.88375319625,1629.6566045967281,True
1005.8191711758269,1.0332702599121441e-07,96382.44946345889,1547.3728723330175,True
984.6385561776639,1.0321996146188869e-07,98148.11914655326,1581.6661039657215,True
1039.5652221548287,1.0042273175844766e-07,99644.11538328191,1540.4364477175811,True
961.981151077521,1.0319977291797695e-07,95240.39513956165,1619.3452005736706,True
965.0468722655725,1.0051672701026224e-07,104818.87439374224,1655.8216446435106,True
1040.9983644807626,1.0374729192476028e-07,103171.23411713247,1488.5155956921506,True
981.6507033790463,9.912479146011361e-08,103108.783421039,1651.1860850665648,True
976.1631941704466,9.844392931039264e-08,97053.028264525,1672.8426509312485,True
958.3598951940407,1.0239375217738537e-07,97841.13406154065,1637.7638647970855,True
966.260139612685,9.603545821309404e-08,100736.30575378245,1731.5711619950123,True
1011.6721908247248,9.824551697820102e-08,104129.29987288156,1616.8384059804278,True
1038.364401977349,9.579246477082609e-08,95150.22941943197,1617.531432836254,True
980.9874284570998,1.0150561367918192e-07,104521.27927205035,1613.3318310440632,True
1007.5773686647274,1.0384850018013087e-07,95453.24893155928,1537.0987224919459,True
975.9071991049731,9.617520251612132e-08,101518.35494306989,1711.9989032711192,True
993.34563412977,1.0177600804285807e-07,99050.5135454456,1590.039950913019,True
984.6647482139397,9.508644922559842e-08,103872.46120627776,1715.9737472489169,True
988.4228262886294,1.0088546218013154e-07,97806.88939229245,1612.1879413524348,True
1023.6985667905818,9.807622737290312e-08,103636.31240058535,1600.8590998148004,True
984.6348710794715,9.788239077529733e-08,104861.19922970625,1666.8606735595574,True
960.1849532359116,1.02167733826682e-07,100227.37111092308,1637.9183281305382,True
1046.8054225317628,9.785277190801674e-08,103539.16650286599,1569.4583954900954,True
1023.3214863536584,9.93651667846699e-08,96052.80791864458,1581.88992340277,True
978.3635993595504,9.727819005010175e-08,96807.19928863506,1689.1625654671827,True
989.5912947644028,1.0096626111870325e-07,103511.99334825383,1608.12645063047,True
1024.2498100395183,1.0411453619586475e-07,99741.2082688042,1507.7867735852374,True
968.9136570423545,1.0428004424616525e-07,97436.995996111,1590.8569940127138,True
1027.2782548784292,1.0193790963848332e-07,101042.10661291618,1535.2864540070366,True
1031.0669194174188,1.021236975591714e-07,96353.69651326959,1527.6694037577543,True
952.795100049968,1.0098196008798941e-07,96633.63851826225,1670.467131591381,True
987.2610372578413,9.800165406247905e-08,97635.34516695947,1661.5910233409327,True
987.0495506970643,1.0005576616523615e-07,96978.94615280544,1627.9345901024276,True
988.2107016504187,9.696484570480873e-08,96389.51966560657,1677.9773728036607,True
1047.790304006905,9.710526549848297e-08,102157.8808612778,1580.2822548451572,True
969.1685294721339,9.884760415663872e-08,97613.01201836861,1677.820077323754,True
1008.2850768272414,9.950037132821615e-08,95498.76603486374,1603.1471088606258,True
1019.7082295024136,1.0168830821697434e-07,104754.47589158989,1549.8165030252442,True
1010.0034483391275,9.923015306522847e-08,96697.45049262985,1604.5981483912528,True
1016.5906501044652,9.584362157383705e-08,98941.16118087,1650.252052818553,True
1028.7410331089704,9.791507557173707e-08,101413.08355055231,1596.0548876658165,True
1007.4158400037059,1.0365921968416973e-07,101522.4721573471,1539.188179686957,True
957.8384759344455,1.0315933698826454e-07,96693.08650131214,1626.6729654190474,True
1003.5535243427558,9.788584152949624e-08,96763.42124357668,1636.9698253366369,True
1026.5898464923587,1.0406756555268483e-07,102143.7801266314,1504.7031621305382,True
1049.7522017756871,9.769189835173334e-08,100437.4534036254,1568.1600673801581,True
993.9598445044364,9.765784313994778e-08,104702.43700443392,1655.1888660198065,True
1049.2091923153491,1.034398144385592e-07,101488.82130286151,1481.620829053547,True
1033.9468512843628,1.0040232946249005e-07,99915.23405325257,1548.9921503766766,True
1001.1840235001297,9.949379694838567e-08,102795.03450062353,1613.316631797441,True
1002.5083515727613,9.993730327997858e-08,96742.28722123438,1605.0249869256525,True
1040.5365575260032,1.0162878064181853e-07,96007.44913427999,1521.3448495594362,True
1049.6201418186954,1.0495137683684221e-07,100939.53177232177,1459.797211750507,True
1049.088145770573,9.727269925133362e-08,101827.68472848543,1575.6822680856283,True
954.705566163254,9.995439311134353e-08,98723.24094007697,1683.9471941767383,True
1011.3606151509322,9.930292251528763e-08,103410.43849541538,1600.216912945784,True
1018.6820605779287,1.0285270993482342e-07,98720.35734301069,1534.702487767784,True
1017.7555020291231,1.0433131704718452e-07,102956.20554970553,1513.679900295781,True
1019.0653538746773,9.604330561856404e-08,100087.74309458912,1642.670662987174,True
963.3593741137097,9.698843696934478e-08,97302.5926185059,1720.2457645741783,True
1048.7299831160349,1.0119279925624045e-07,98095.36988546648,1515.7417122018762,True
965.6242503455192,9.889114809349255e-08,100468.46804446308,1682.7078307965742,True
955.6921478633014,9.750816488644321e-08,103286.95185017935,1723.6976443276126,True
1034.9566274662643,1.0036806394818928e-07,99183.96308297924,1548.1416491682273,True
997.7565118966495,1.0407885753651553e-07,104235.55239936544,1547.2852961293147,True
974.3321103295604,9.649133951107346e-08,95096.55254930843,1710.2192775627839,True
997.4064535241013,1.0335930462678787e-07,98526.1194114816,1559.4546676722002,True
980.577570785163,9.927703190935409e-08,99250.60889961151,1651.0456577289378,True
975.7419337088638,9.846907212047822e-08,100027.12894035035,1672.6351959020803,True
1039.3280493938373,1.0323365708034946e-07,95983.9832183188,1499.4206739154433,True
967.1326449963489,9.992497913831314e-08,104834.55848577665,1662.065602157934,True
979.750319092999,1.0275939022659966e-07,101971.29566252396,1596.011533378359,True
989.2037162597162,9.945983705764109e-08,97281.30735125304,1634.1069054194513,True
995.084857671744,1.045562931990049e-07,98642.20427432441,1545.144038510915,True
998.8656993133965,9.956236950262873e-08,96873.40969018295,1616.861824101575,True
986.7760739888326,1.0453593373009981e-07,96625.83800578082,1558.649943233731,True
957.100408052547,9.533812431802088e-08,98800.8709491213,1761.0953192863067,True
1020.8573213804277,9.760428454214198e-08,103640.41897325123,1613.032314893149,True
1011.76583803013,9.995581847821958e-08,104479.6203296094,1588.9764248132064,True
996.6833508106372,9.787865912495969e-08,104256.61288174441,1647.0508636731768,True
972.2552376733993,9.709530515569105e-08,97014.46321653764,1702.8340966502587,True
1018.1606487004942,1.0125702332889515e-07,101678.91261874267,1559.2144159780044,True
950.2974379026335,9.928581685264019e-08,97400.02620847146,1703.2958164527877,True
1042.2920940659696,1.0449160318518946e-07,98752.9272053856,1476.7570563232316,True
1012.0982950697323,1.0447752369414852e-07,98748.17038511984,1520.5584545245938,True
954.7652873568632,9.9556908034473e-08,98739.62459309315,1690.5629965269175,True
970.3701137940201,9.625324607620659e-08,102784.59685341701,1720.078210072409,True
971.555100796361,9.883705960442936e-08,96162.5303214575,1674.166516410573,True
1005.740669888084,9.852548649635974e-08,100129.23323916862,1622.2807226903028,True
1036.8499892830473,9.93466536900754e-08,97665.52480232215,1561.4830516122418,True
961.5017688901092,9.604333792080074e-08,99563.91830480122,1740.110051413272,True
984.2450744904957,9.872604631826396e-08,99886.98318514331,1654.0306339783326,True
1039.9636408763615,1.0096761677374648e-07,98766.78229455704,1531.6828918624458,True
1008.0371669353418,1.0331470223521557e-07,97429.0658348429,1544.0158123753417,True
995.9891350125098,9.983956471968523e-08,97654.40388943626,1616.850399968362,True
1034.740410339909,1.04605284885312e-07,100255.88172558151,1485.5746249999422,True
1023.7149874418627,1.0250521523798344e-07,104722.55943200518,1531.5103492023181,True
981.0065142173814,9.504614817734528e-08,95738.92174403253,1724.4124619209485,True
1021.7943578586302,1.0000664753298849e-07,96712.2784721576,1573.954395323691,True
1042.0480157726847,1.0315553844449398e-07,103048.00669686624,1495.5794590808168,True
1007.694327419143,9.619135885782378e-08,99874.71297438494,1658.4987584511669,True
957.8695021279711,1.0440374374457997e-07,97427.3053138939,1607.1140008137945,True
952.2048424428988,1.0271115737785858e-07,101356.50288783877,1642.6048634164815,True
1037.3790101141806,9.647765909133047e-08,97886.14013310106,1607.0680684124234,True
1004.762022092383,9.790433837944934e-08,101513.79110569801,1633.9260791194101,True
999.7878750277432,1.0265054092823268e-07,99227.09631254648,1566.4082812475442,True
957.9434956925287,9.955413414284324e-08,95549.76110286935,1685.595331736761,True
1007.4879884504045,1.0063401482007993e-07,96945.92654660571,1586.0813887977256,True
1007.8503074005507,1.0239510112046448e-07,98494.92537906367,1557.9957193861771,True
1018.6010416639222,9.974079045603985e-08,100120.8419334752,1582.4838056875697,True
969.0398501067383,9.826019492282862e-08,95555.65675996889,1688.4294427688849,True
1013.5497535012237,1.0085170882554679e-07,100477.84706577634,1572.717454840389,True
963.0844829697226,9.913752847560639e-08,100177.495474884,1682.9566452842153,True
1033.8897976091714,9.687281670152111e-08,101594.5032482981,1605.2448006723803,True
989.4823475588969,1.0205561252173646e-07,99020.44471496991,1591.8180513272257,True
968.9812374166298,9.819019742053413e-08,101020.28973578758,1688.8166743309139,True
1034.7133939734467,1.0380979864750172e-07,99882.42465190458,1497.05432889025,True
980.3503641906503,1.0159933896460671e-07,96260.85384521002,1614.1673317524871,True
965.9048669799814,9.983322042945054e-08,98291.71147865348,1666.7007878560569,True
1004.8888481026503,1.032584015295275e-07,104271.99269837058,1548.609952632948,True
954.4059901450497,9.819769163332792e-08,98550.63568161095,1714.6336886399272,True
978.0528359793745,9.660101484431744e-08,95323.18060540546,1701.8036502604505,True
1023.070913928273,1.0018606163789145e-07,99524.01174605421,1568.731761516538,True
968.6416791620665,1.0043269388675828e-07,97631.40346381944,1652.2259884176424,True
982.4338131030116,1.0098661204453323e-07,96975.40651745809,1620.4312895648607,True
968.7309537100691,1.0479488884925903e-07,96944.63935296575,1583.416090356611,True
957.3785183627807,9.626741592820615e-08,97335.32073306815,1743.8452229669326,True
1023.7956266419664,9.70693047281893e-08,102155.8160602515,1617.5426264867642,True
953.5792250254954,9.606247014522846e-08,103832.77658371716,1753.395430274343,True
994.1101362099114,1.0132009366053608e-07,104802.12357302013,1595.1082882949972,True
1016.2510748972429,9.906522056714226e-08,104607.3587734973,1596.2344230054284,True
995.8506896379215,9.874934119318826e-08,101359.76836759459,1634.3225617374828,True
979.4981441848738,9.935657223310702e-08,100968.89093185133,1651.249487781562,True
1015.1681684045026,9.551978306710385e-08,103956.83468057972,1657.3309804696944,True
981.8619384193664,1.0343282560539262e-07,95987.46571699009,1583.1832138246002,True
961.8902103068707,9.790733611783657e-08,104664.29172519533,1705.5027945747445,True
1039.966420487453,1.0261247465264322e-07,104215.74673888044,1506.3052407353296,True
1049.1083921086047,1.0047612724490824e-07,103847.827585408,1525.113867887349,True
976.4921947645457,1.0160552923665264e-07,97358.35597969998,1620.1985269439763,True
1045.4832268085,1.0389027599336914e-07,103932.61553896789,1480.0453007919234,True
980.8783379817576,9.716973105162321e-08,102003.13195114578,1685.8940592772935,True
1010.534480666577,1.0291461796008898e-07,96608.08414746865,1546.361814751081,True
1035.59517887774,1.0022456269321122e-07,99840.81533280098,1549.3068573224384,True
1001.3869019592727,1.0036369538847999e-07,103893.1947102928,1598.849315985846,True
976.4622248003286,1.0150695072263347e-07,97937.22950036768,1621.7260760901752,True
964.3253062992202,9.912001814358348e-08,98005.0691970471,1681.463980488865,True
999.3107658159556,1.01633049552893e-07,98268.45227061537,1582.9920281787563,True
962.7262529908584,9.604815127815817e-08,102818.9052197533,1737.3040215102749,True
1000.4816951626063,1.0182829155402775e-07,100179.25452131347,1577.8229703764132,True
1049.013812877187,1.0454676217391045e-07,103834.43337917724,1465.8647221813753,True
1028.2926459558453,1.0106363795515988e-07,102222.16525137062,1546.8755852184631,True
959.5541846714374,1.014051618075688e-07,95860.91304699633,1652.0233385577367,True
1037.772882298451,1.0105201083906563e-07,102116.19270871366,1533.0777043464338,True
1049.018723299141,1.0142527761378987e-07,98445.54905520813,1511.7987121487956,True
956.5236976698421,1.0141405815158777e-07,100945.3889064204,1656.2354871678006,True
957.6754799670823,1.0330576930470377e-07,96607.03728451878,1624.6551600015073,True
962.0867350868107,9.86636790205259e-08,104622.12787564262,1692.092280771625,True
1027.012189769115,1.0381538018911252e-07,100698.18618782182,1507.9596889480345,True
993.6841873649739,1.0179422247164424e-07,100490.14129805696,1588.9930446382587,True
1016.5350553367491,1.0203580351756815e-07,98253.21058535516,1550.2985519876154,True
974.7676693067426,1.0224846181925344e-07,95661.12660969404,1613.114558358627,True
1013.46560633375,1.0459865244996842e-07,100916.08174682062,1516.4382944103274,True
976.163404565779,1.0387258899339082e-07,96850.26135298508,1585.4481282874704,True
1034.801937491387,1.0322934304620139e-07,103877.80794058005,1504.751030752362,True
1047.4236996868997,1.0415685250014192e-07,97498.67720728075,1474.519803926474,True
971.1548007937911,1.0110572264706588e-07,103028.0972722365,1636.1777003118602,True
1021.3991138830556,9.83283772658064e-08,104767.39720665409,1600.1448717233052,True
970.4144905111629,1.0077931720475861e-07,103906.27052509546,1642.587984103681,True
1012.1492396245122,1.0302559863397406e-07,101213.4249923176,1541.5296031888017,True
1011.3969394059839,1.0379338055812597e-07,101483.99529066803,1531.2130600329533,True
976.5300817327579,9.867223445050032e-08,99229.07327733119,1667.9868193404277,True
975.6970105668655,9.919065073074713e-08,99935.91901884272,1660.5576908449746,True
990.9854711491753,9.955597627176682e-08,95726.39815467964,1629.8901310356523,True
979.6010482188137,1.0075423998538568e-07,97877.56801718783,1628.6679827656037,True
1046.8650653191166,1.0410011244053627e-07,101594.90057419903,1475.4701583415033,True
1021.4923391892256,1.0119465418919151e-07,104669.49608096936,1554.6952554236707,True
1013.7759329561022,1.0104911525678403e-07,99990.25090982158,1569.3747825469334,True
971.4824346742223,1.0125793585325179e-07,97210.32158602639,1634.0853517269027,True
978.069121482172,1.033189225344078e-07,101042.50170760551,1590.2096109789336,True
1029.8692888958644,1.034688735952242e-07,96750.00350598429,1509.4779780804872,True
1032.6037839521555,9.936991543359319e-08,103498.14122033496,1566.5454328859103,True
955.1538684686312,9.767401415562105e-08,101119.28663375975,1722.0698658420986,True
994.2619835430514,1.037489095061961e-07,98543.3858139431,1558.4599662375667,True
953.9195565998399,9.855960926836787e-08,96713.77157145833,1709.5114234822388,True
1034.6599451049308,9.754665113809779e-08,102805.53211479004,1592.7922293127133,True
977.6559648252885,9.62111531420615e-08,103705.56583919367,1707.983505580876,True
1002.8409918872974,9.934267745983714e-08,95369.63076986474,1614.3403045099767,True
1022.0639681247557,1.0319185735720488e-07,102320.9462296204,1524.0990213578705,True
1003.605937698733,9.693152704862814e-08,104047.82162656313,1651.8127776433591,True
989.5530930987667,9.644177141610123e-08,102126.51085432971,1683.8510996624057,True
1020.6510719629018,9.835402390438465e-08,98883.93072781153,1601.8077384227875,True
998.3288751981421,9.739352002608595e-08,101763.72636390264,1652.9366778444144,True
1033.5640122266534,9.814791126666288e-08,97271.66301344532,1585.5938785036187,True
972.3759633527739,9.719200985991963e-08,96894.55831993368,1700.951578038115,True
1039.249391347172,9.865715364442987e-08,103380.8113814932,1567.8906728670893,True
985.9568482763664,9.87312539258892e-08,104624.66802592426,1650.369124931187,True
993.1080677552669,9.912503880968859e-08,96949.78094592273,1633.3013813034229,True
996.1988125916187,1.024888673076737e-07,104227.28719942212,1573.72436937747,True
1035.4146547615205,9.637981502076072e-08,101115.50289961541,1611.1807393269698,True
973.6659039223938,1.0329235879927008e-07,102701.2145303126,1597.496583759934,True
1016.419902852237,9.65150405021909e-08,95573.86058963045,1639.631570597427,True
961.9635196608366,9.547630101030308e-08,96607.928648629,1750.1247169356209,True
1036.1709879354264,9.759247047579109e-08,98920.10153392052,1590.3689588478624,True
1025.5571417452072,1.001747407501669e-07,101174.24141045024,1564.8839062002567,True
961.1755278109938,1.0362273488077453e-07,96033.11504306401,1613.9405415389258,True
970.9835791746567,1.0492293619453754e-07,102460.56167131847,1577.008708177448,True
957.374542877179,9.91690877673974e-08,100037.81017628015,1692.3821246683372,True
955.3827993731027,1.0044920546374623e-07,102573.85407826722,1673.873163863728,True
988.7343187335972,9.572540376333143e-08,95306.14483110687,1699.0087129546803,True
1028.812659000927,9.595854097942744e-08,95776.3202734295,1629.4477333607372,True
1042.073888016884,1.0369749290755263e-07,98018.96381964034,1488.4907062359803,True
1010.6132033239566,1.029985143043027e-07,103979.2396395965,1543.849257342956,True
1033.1697120106503,1.0088662281910705e-07,96389.66088606427,1543.2815801085471,True
1039.9034387330294,1.0178366304275243e-07,96605.04823684519,1519.8440023859443,True
957.3284864945463,1.0254900852924047e-07,97391.04319098347,1637.1023797524936,True
1008.6530679726397,9.972997075935153e-08,100852.59202455006,1597.9917836733202,True
1004.7194258731913,9.547469092708814e-08,100579.38591447897,1675.7292547613845,True
1006.9657629056645,9.993878036897489e-08,102839.10923202471,1596.9935498308857,True
972.2350508778568,9.912648545269779e-08,101441.03325637741,1667.2537803502198,True
1039.3875115834642,1.0024193528746625e-07,100128.34831723494,1543.3988517039538,True
1045.5077092064182,1.01003872797117e-07,99071.89215420531,1523.0493315659141,True
1012.595173880181,1.0348614710779359e-07,102145.585709391,1533.8614495120285,True
1048.19171592968,9.910636492367958e-08,97103.03454502868,1548.605470685511,True
963.0863422278866,9.520240449953693e-08,102445.11850177431,1752.1477284125392,True
993.9549984157208,9.534491795904714e-08,98060.94560070372,1696.4292417451543,True
1032.6248262601734,1.000522935068093e-07,99363.70939298341,1556.46937792598,True
1007.7850653394082,9.60069808230737e-08,96822.46126751405,1662.0589746347302,True
960.8919940773665,1.0107301281050472e-07,102019.89572835264,1654.1758627084973,True
1049.629046821133,1.0103216620782449e-07,95985.14238914772,1517.2180475971034,True
1040.4490242928002,1.0029817649129722e-07,101334.32788022805,1540.7872080640707,True
1015.7468473434766,1.0429983382865064e-07,97993.96919907158,1517.8522479564037,True
971.9813161864207,1.0232458240023308e-07,98718.67190547696,1615.9851725795645,True
951.1785456413612,9.909940647716388e-08,97625.76333635203,1704.8961524088973,True
975.7458161431815,1.0307639520694092e-07,103101.45414118672,1597.4049318833597,True
1011.5101231349302,1.0062370689511872e-07,104943.03616631737,1578.7579737536587,True
979.4403531782978,9.623750981272295e-08,104870.53167568546,1704.25681532404,True
983.1763321925482,9.925162986962979e-08,98457.48513679639,1647.275863353813,True
1045.3709325808652,9.68763326760047e-08,95888.56671379661,1588.6969054999536,True
1014.9641426692058,1.0074629227389579e-07,102825.35657821644,1571.8321112671508,True
986.0153814799143,9.742146868684786e-08,99681.75554194736,1673.2334709334352,True
1034.9850924417094,9.849332110333725e-08,101496.85151528953,1577.1951099151452,True
974.4997318057169,9.941480607956307e-08,103235.53532194656,1658.3174314387618,True
962.443550345855,9.549611167269317e-08,103473.15311824121,1747.7529557999915,True
1045.9655296323876,1.015502217001114e-07,101580.70204758336,1513.8083639194224,True
980.6863634842354,9.96735886222148e-08,102652.22756340375,1643.7631194567307,True
993.6346938510495,9.809345293091171e-08,95975.30319040883,1649.7818009677862,True
1025.8523687372765,1.0057011266542999e-07,99687.10832047208,1558.5211284822008,True
1040.5212719174936,1.0180260377326062e-07,101613.56724200053,1517.870902835841,True
993.3357698363905,9.820933263522561e-08,101980.65570237473,1647.3316566008132,True
1036.365718340856,1.0447837440452696e-07,96035.62066453256,1485.7380828129455,True
1034.9535314888785,1.0424441311495651e-07,103505.29797296309,1489.935447984262,True
992.5588166934986,1.0019892661815581e-07,101594.29462688831,1615.9324452218868,True
1003.815307943223,9.66049697359307e-08,96678.17536865176,1658.2610688555244,True
1020.0630119655738,1.033500290559519e-07,98912.50725176657,1525.2406645276496,True
971.9285830270024,9.648787456822275e-08,99253.95072772342,1713.7406962578125,True
990.0370934595976,1.0138693518770107e-07,101714.69091869247,1601.0077093357122,True
958.0262535483473,1.0336141873557715e-07,98090.18368484265,1622.950756134822,True
974.6944829919913,9.575677579222232e-08,95332.01714613987,1722.6612352810855,True
1016.4299634621399,1.0254353909223621e-07,103281.94454404312,1542.0111151628444,True
1015.1950258692979,9.726834767850514e-08,102326.07935138569,1627.7458264392574,True
1001.2776128792611,9.711307211671912e-08,96531.84758396717,1653.7484659812171,True
993.0571533224777,9.894494427871137e-08,96585.99909770097,1636.4197642197623,True
958.9846976595595,1.036945702521845e-07,101441.388646388,1615.6184075129493,True
963.2818416433485,1.0331324029345671e-07,102806.68705643974,1614.2139546460087,True
1034.626700256555,1.034580837051035e-07,96105.34736272375,1502.8735814570555,True
995.9956360016978,1.0290092082057412e-07,101726.28277053963,1568.1041477280703,True
1004.9336996958004,1.046449438585387e-07,100749.73067992732,1528.5332995963672,True
1002.6909675879796,1.0367618638332779e-07,102050.00291924534,1546.0386355101139,True
1030.5242261798953,9.835391320442607e-08,103514.71127732252,1585.8877775974709,True
993.8332492035432,1.0178474907022712e-07,99593.31888523538,1589.045037326277,True
1013.135209157942,1.0327341550509046e-07,95480.78854799476,1537.2629215406257,True
963.6641751758993,9.950586126584773e-08,104564.24820566342,1675.0581254208307,True
1005.8744449968533,1.0180700482877724e-07,99966.98195189724,1569.8087938377716,True
992.6414725901421,9.896991137622427e-08,95074.6090366355,1636.9497471077882,True
982.8898100122698,1.0037146176303073e-07,96884.87282155639,1629.6289696454207,True
982.1263832997479,1.026842647754623e-07,97330.51716674885,1594.076645256997,True
954.8791263519093,9.765665683407457e-08,95039.3227039231,1723.897931275269,True
954.9140414321746,9.983040412742707e-08,96764.33265226649,1686.0009989716457,True
1047.8805407535822,9.828706803873897e-08,98248.72114465847,1561.7785562543634,True
951.6910374533226,9.519632919928073e-08,104328.38220239233,1772.7506593403702,True
954.1541427596636,1.0178842268747936e-07,102502.29352750703,1653.9683166563689,True
972.6865179905918,1.0027029251535479e-07,100534.38749122406,1647.618373222932,True
969.7210706973264,9.770105219109958e-08,102602.40639445648,1695.7405632831503,True
1019.619086560005,9.891997309307908e-08,96112.77136505423,1594.707961319207,True
970.3601005918138,9.723537695527221e-08,102484.65545938305,1702.768484831491,True
1029.3016331504145,1.0228561011720465e-07,101096.72327562375,1527.0817193001826,True
1049.4978571230658,1.0101963546405124e-07,99710.09464512467,1516.980689391018,True
981.0635045149079,1.0482682605387816e-07,96675.36254513693,1563.2757527384504,True
1002.3454947416261,9.874796362349283e-08,102461.00626528736,1623.6875751270081,True
980.6969606588939,9.63356233390426e-08,103623.01431129988,1700.5494386750236,True
1004.3961362281577,9.982492432993752e-08,96163.67931890753,1603.9419201051949,True
966.8060689866705,9.628561204741008e-08,100540.02009718375,1726.1385405090302,True
1048.0322134443566,1.0022659462027774e-07,97360.72604839105,1531.484032424622,True
996.252238522324,9.600804070511425e-08,104246.69950821753,1679.8632175213463,True
959.5127896758481,1.0268622560186153e-07,99478.15055444614,1630.8952604701472,True
977.8817625575127,1.0236760806966072e-07,100783.75439556743,1605.3316857401314,True
1003.7584195335128,9.967509354393003e-08,102513.85329259459,1606.3344154944975,True
952.0307639125692,9.712537266504725e-08,95044.46959507234,1738.4611923762845,True
955.2044335624489,1.0488091275993239e-07,99286.95312316681,1603.930573967751,True
1038.8742261815526,9.615955005402934e-08,97989.37204436774,1610.0703439684582,True
957.8176601994104,1.0334754825218759e-07,98621.23735300952,1623.4341098557807,True
1036.152579485196,9.759217056449419e-08,101186.57215624902,1590.032534941807,True
1035.0078994596302,1.018041845469184e-07,95930.58219091776,1526.7622111492856,True
957.412294559922,9.938913288503616e-08,101938.83765140284,1688.270763841623,True
1028.5789235613147,1.0174919117158794e-07,104887.27037378972,1535.6410562222434,True
1037.09482705099,9.941469324458254e-08,95202.28511370148,1560.473975818597,True
992.763510520055,9.674636411063457e-08,95820.9241055659,1674.2337052362639,True
951.1696959482196,1.0262814508782449e-07,100641.21923607234,1645.814674166281,True
992.8026839000044,9.559552339304541e-08,98557.70197015033,1693.8405714952776,True
1024.5997061184164,1.0253579443916844e-07,98843.12270355123,1530.6260206148545,True
1015.14008927833,9.655452436426532e-08,99094.56388159159,1640.3928600240188,True
1000.6961588214574,9.626785517733747e-08,99739.27007434987,1668.6767631969592,True
952.3559984934099,9.619089078614966e-08,100112.2858241295,1753.8753612755886,True
985.9231209132485,1.0484722617049091e-07,103829.16398095616,1554.263246408107,True
957.2271980130771,1.037296933856472e-07,100389.30952088,1618.167419407823,True
1037.1347664916966,1.0029535077906314e-07,100465.56667836355,1545.8398542723728,True
982.9154904253545,1.0241372825936586e-07,98422.80657537241,1596.8400445357756,True
1045.2518199913752,9.736483165010645e-08,97417.17233725787,1580.6367913007107,True
1031.6443774945471,9.855211595374534e-08,102329.1115722992,1581.1775382118628,True
964.6104791154428,1.0175250857774327e-07,98330.81750435247,1637.4295862333024,True
1021.8648628342426,9.75750846140873e-08,101959.85188308611,1612.1990486715902,True
1013.9141961925675,1.0414259593493004e-07,101326.72170591282,1522.3504787118052,True
982.2022612535206,9.653495781973333e-08,96116.23306690792,1695.7041405386517,True
1013.260382057436,1.0080922437806433e-07,98888.16479281252,1574.0776869963343,True
951.7034058013412,1.0409426647258385e-07,95540.89203822555,1622.5436730539916,True
1010.2763394148416,1.002399436094811e-07,98998.18667592997,1587.6276321014464,True
1034.4125433946326,1.0210185307718211e-07,103007.1323351864,1522.061583496855,True
965.1692177005933,9.595781097716017e-08,99795.66589131,1735.0676598888967,True
977.4582400959101,9.968422779790986e-08,100092.66772083065,1649.362108342669,True
981.8250719321967,1.0456730831002358e-07,96235.34467616663,1566.0241387625042,True
1007.3101471613635,1.0213114118039585e-07,101828.77059493703,1562.3335330879454,True
986.6988919353801,1.0149412609289671e-07,103315.78580767482,1604.4365754386633,True
1046.443982097092,9.511025294146522e-08,104151.2401728374,1615.1711319006115,True
956.998322443911,1.0156869623743409e-07,104235.02616400944,1652.411508748551,True
959.3286993979345,9.730991755014787e-08,99481.07472789135,1721.3277490721541,True
1007.2623287262226,1.0154802654789165e-07,103189.57644718303,1571.175741974414,True
981.1682167726477,9.69447044355698e-08,97238.75644946093,1690.1014319241685,True
992.5129488976835,9.847729317168533e-08,98432.50200209169,1644.7692880450936,True
980.1399012153613,9.800327326974166e-08,103624.6691083867,1672.5533325517683,True
1022.1306833476698,9.78218991168262e-08,95776.36288261863,1608.7474594718744,True
1025.2029233736123,1.0099133605529202e-07,98351.72221115089,1553.2085187530156,True
962.7827034444574,1.0343622273472788e-07,102896.05047589219,1613.1098136425833,True
1025.3438619938713,9.807736624550849e-08,97173.03254625757,1599.3383526000973,True
1020.4115312172484,9.628966175401949e-08,97145.57509837663,1636.8282994368903,True
1014.7828767043485,9.611000001211725e-08,100739.44425304286,1648.281306569465,True
1018.4948027711107,9.872322598687805e-08,97314.42675969854,1599.4243000125916,True
1039.4478851383224,1.0369425491437606e-07,99887.61967138879,1491.965247895713,True
1041.932235049083,9.63887194164118e-08,95804.34383113876,1601.96185990203,True
1007.6725733654204,1.0382511760404844e-07,98944.12171539705,1536.7345613449231,True
1043.062738119554,9.760235437775604e-08,100140.8281701548,1579.6090146838426,True
1015.1243172632478,9.93846130877214e-08,95126.03581405556,1594.3795252071259,True
1001.0074189094207,9.676549727271139e-08,95468.34558521007,1660.3218064887267,True
993.9310051721163,1.0325852598631126e-07,98599.26991170851,1566.368582368582,True
1043.531506930247,9.542182346467349e-08,102802.27581341888,1614.5559223914825,True
1020.6398983485494,9.716531604007477e-08,101609.54693791062,1620.9772777358523,True
955.7501779912077,9.676345681361581e-08,99495.2813407661,1737.465883471463,True
1021.8470397439074,9.776079050788063e-08,102678.45422096676,1609.052564869265,True
1048.9315814442782,9.772125333603132e-08,96537.90398422361,1569.5577943439948,True
1010.0068143968392,1.0030998204907374e-07,98550.17212700704,1587.0110708820484,True
968.4517140112828,1.0015701881953736e-07,100393.75301387388,1656.6475739281657,True
977.2590780378837,9.98391550469039e-08,96711.6265151026,1647.69183386882,True
990.7614249440819,9.655413654669778e-08,97469.84241729324,1680.6310736784867,True
986.150190857775,1.0359758312977731e-07,100784.4414305452,1573.0997094476209,True
1003.4143827100701,1.0268745380832571e-07,101219.70279583323,1559.9349439214077,True
981.3032813481163,1.0490032867737546e-07,104439.78080248517,1560.6357739427206,True
971.6913928214323,9.662458072982965e-08,104765.08082643972,1710.856758521392,True
981.3087080692017,9.698053314176817e-08,99841.53904831744,1688.7976057344006,True
971.7126393336663,9.874957614279287e-08,101269.1533287815,1674.5355806935884,True
984.3971740290013,1.0042656993884153e-07,100629.74645583473,1625.6570308859832,True
987.2890046689793,1.0457199186065854e-07,97158.66380399601,1557.2248049682723,True
983.099365623495,9.917482860305499e-08,104848.03300905874,1647.6858530322138,True
1032.0842059477804,1.0135952063388884e-07,98624.08476214374,1537.310712384202,True
959.9154228023522,1.0255081637503007e-07,102196.78271926094,1631.9552622014976,True
985.6320685425223,1.0350513353042718e-07,100120.52938211302,1575.4256121211035,True
956.987821379437,1.002085725572496e-07,102827.59434535926,1675.0663354306064,True
1047.961595879677,9.856768224207835e-08,97859.91082614961,1557.2784145120704,True
1040.7350093569387,1.0306119307794212e-07,96473.51383425256,1499.8394913030934,True
959.7915967154875,9.992654159258084e-08,103859.46932937717,1674.7783011249478,True
1018.0846861211246,1.0387400432837237e-07,98615.42337461885,1520.5122772858144,True
1029.3893572159855,1.000385791831482e-07,102573.72213477125,1561.0241659508151,True
971.6996253777214,9.578261991035304e-08,103951.29387306925,1726.0054302875237,True
1034.1460301281147,1.0009347389505068e-07,99709.1140097279,1553.5085341647775,True
1015.0680940633117,9.543588116897708e-08,104130.2827977621,1658.923248988018,True
1014.8059984990341,1.0269806455550408e-07,102688.9451667351,1542.2174762363563,True
1017.0802465387039,1.0362913230906853e-07,96035.44453604703,1526.0133643484967,True
994.1737969194411,1.0317235280317886e-07,98529.9683923374,1567.3088439948651,True
984.3358811875719,1.04295859690486e-07,102789.1533441633,1565.1244560108607,True
1023.0072568461209,9.88796168831098e-08,97711.49399411012,1589.8564942687117,True
994.2699197294797,1.0056689836517061e-07,97380.78106163777,1607.9498216101397,True
1048.7754934340321,1.0458100672955916e-07,96221.02145991835,1466.8740615776221,True
976.9660499842423,9.53000116851246e-08,99794.83350883672,1726.15051395888,True
1033.9356106414484,9.557919769551796e-08,102216.79683144612,1626.7998784647325,True
1001.446346407191,9.778289785341527e-08,96056.65262545763,1642.2295933640041,True
999.4273708231307,9.50242420799421e-08,97725.55642895971,1692.986119773272,True
1012.4470976103015,9.585795168939546e-08,100371.63860870339,1656.4503462462474,True
991.7748201705219,9.926287405023602e-08,95681.67021835262,1633.4229591995975,True
1030.970707077275,9.799466457087557e-08,99375.39116519665,1591.6726546561863,True
1020.9523720946731,9.960165865480914e-08,100325.94063390994,1581.048808275979,True
980.4664690728307,9.933253832280096e-08,98369.15300550115,1650.452874405151,True
974.161743268971,9.916066568689817e-08,99785.61225356793,1663.6765155891999,True
1048.6654955844672,1.0377864924963e-07,104769.31949828578,1477.068048099419,True
1010.5485667569833,9.937692508043561e-08,95827.97336440904,1601.5232028416726,True
980.158544615907,9.955141805401104e-08,100629.70483978222,1646.9712546324583,True
1021.38615809183,9.780925211968186e-08,102984.10902319093,1608.9268361403456,True
963.3604543987437,1.0190537519655549e-07,101034.26856015463,1636.6491880610663,True
956.5401392612758,9.925503657011438e-08,96589.15197675826,1692.9499554546649,True
1034.6688544857823,1.0452692916794301e-07,103463.96744496755,1486.3191001643204,True
1018.8851568901076,9.864182541275048e-08,97998.92863994045,1600.0214363785215,True
1023.1354146422132,1.017699263662652e-07,101397.41870405772,1543.9306033481027,True
1002.5756913378602,1.0357719939092509e-07,99174.76388814181,1548.128892629869,True
956.2057663207926,9.789483840611895e-08,96119.99717987985,1717.1491174975931,True
1002.9891492141847,1.0246948580685937e-07,96026.31856949371,1564.7393112056495,True
1015.3992806375207,1.0114862699249709e-07,102010.73640966481,1565.0377449679238,True
1033.4626099205843,1.0267253757157044e-07,99962.28821241176,1515.4373274602208,True
1041.446453626576,9.732978418283104e-08,100233.97540446447,1586.450519898299,True
987.6539280656378,9.547598171479264e-08,98939.50097264512,1704.6491670128803,True
1025.5696528237665,1.0166273705535564e-07,102466.37280322998,1541.765586876788,True
960.0737801034026,9.6144956212082e-08,96296.74286357607,1741.3957054234575,True
990.4723749624111,1.0305059235120619e-07,97434.69912683775,1575.1423332337142,True
1039.623277626927,1.0492398825408765e-07,101518.21402753502,1473.9889636390983,True
1023.7955883960042,9.751905514694191e-08,101715.06055699651,1610.1519309629323,True
979.2721317509496,1.0345788072161617e-07,101207.34267489992,1586.116739162687,True
955.9392671617816,9.601302925164103e-08,97273.12539438318,1751.083261839856,True
1000.6823285315696,9.945110222834277e-08,100723.30451969386,1615.130832447629,True
1040.6517006860317,9.99626424521952e-08,101054.57624357817,1545.7044714110677,True
1008.5484240208549,9.70210660705411e-08,100860.50141637515,1642.7764436540094,True
1009.4215255715842,1.0000217370302691e-07,97629.12129659034,1592.9619313483656,True
1009.6463126348765,1.0010412224108368e-07,102898.41165015465,1590.1550148164893,True
1002.4489076373542,9.747848965929889e-08,99887.91373113234,1645.0754969829854,True
954.1066156905057,9.504018315444777e-08,97773.94192741596,1772.284290043921,True
962.0183290345027,1.0045915487403424e-07,95415.95230512299,1663.4281741403443,True
1009.4891440583447,1.0324713392655841e-07,96931.9204861979,1542.9079148350095,True
1049.986207089631,9.711276933557889e-08,100706.64704600222,1577.120189057836,True
964.9061608972019,1.0293852810104346e-07,104690.47710918407,1617.1173957650078,True
992.6026575939054,1.0022139444638604e-07,100375.24776181755,1615.6893552542135,True
1015.8948225585913,1.024820390080778e-07,103251.46864969989,1543.7457722903068,True
985.2214186624725,1.0096048681070519e-07,96782.22998870525,1616.3429765501821,True
952.2105200108916,9.780635812469747e-08,100254.85097711347,1725.144540489027,True
1040.4549819333877,9.69528980457108e-08,95524.88386830488,1594.9269362489379,True
983.7273658501341,9.632975944453167e-08,99504.301121913,1696.1231230061471,True
1037.0197063748099,9.672832256426433e-08,103800.08624410821,1602.4953396980561,True
996.7432013026452,1.0238614159497991e-07,99134.55445229451,1575.217246133597,True
958.5318257893426,1.0443792264515931e-07,101311.9054346908,1604.8889949478435,True
1002.8962153462251,1.0188617308201801e-07,95534.15117539528,1573.9257894961077,True
1018.7710378160937,1.041116576467503e-07,101133.2478164442,1515.6439136852239,True
968.2709977077934,1.035623382384883e-07,101919.30021329357,1602.2410069060898,True
1023.7391814816143,1.023854105548769e-07,103404.80008530793,1533.4556997205284,True
1038.319191860207,9.738617931070144e-08,97758.19676435646,1590.6710240669368,True
1016.8433448535573,1.046280658308405e-07,104062.99570418271,1510.5703608176557,True
959.210831906078,9.816887364197602e-08,101219.97693207643,1706.1941999331036,True
968.1214657894299,1.0049359314267958e-07,96772.05362500883,1652.247344516681,True
1004.5474526681433,9.668205008864025e-08,100746.42012846025,1655.0562125369463,True
976.4034550734699,1.010749529645602e-07,104777.82584678417,1627.7047778353037,True
960.4898144809229,1.0483659316708371e-07,100053.45667442567,1595.7457995341058,True
955.7999872969341,1.0055049567423457e-07,96598.96247687444,1672.4182932075391,True
979.9755134864768,9.621298544533562e-08,101154.71964926433,1704.348343682974,True
981.7029921012625,9.85616041823055e-08,97109.6359183816,1661.500935732704,True
1009.1228493838904,9.926276564653342e-08,103295.06616484243,1604.3971910500964,True
967.7190412813648,1.0090925890161124e-07,101356.71551528416,1645.3816638276405,True
1017.399957063069,1.0113255396511105e-07,96820.1565480791,1563.0657932434106,True
970.998141503905,9.662844105440341e-08,102134.13463874848,1712.403600600112,True
1022.131269276082,1.008525046081957e-07,103531.48225643882,1559.1696930684282,True
987.3105481701425,9.915625725944821e-08,98508.75988508253,1642.0157030102143,True
975.8307368634393,1.0276129060775261e-07,101593.75591654936,1602.3879744007459,True
1018.0796133078494,1.0383333676078281e-07,95810.36761958167,1521.5703646636107,True
1030.2084531864612,1.0240895353416144e-07,99068.07686149776,1524.2282265456352,True
1041.6368280741244,1.0358298171610076e-07,96288.13249822006,1491.0366797336444,True
1047.0909763650266,1.0172900237828787e-07,103692.08807539432,1509.2266822165375,True
965.5391482646181,9.793376886812634e-08,102111.00353253189,1699.0457579987246,True
963.729794787264,1.0331894881173233e-07,103630.69370244333,1613.2623261644937,True
1036.0976965233167,9.752451060661219e-08,103580.84184594842,1590.8462864202374,True
1018.8952216043494,1.0400805788410609e-07,100290.71852460521,1517.097651075842,True
972.6179759787371,1.0124793219642465e-07,99209.49891432837,1632.0318332429838,True
951.6119911978321,1.0467275341771142e-07,97720.5727870578,1613.3749802092339,True
997.6951121129498,1.0466436442441144e-07,95253.99408721206,1540.0989029904306,True
965.7441008309661,1.0261474107387666e-07,101383.9717787957,1621.3084809595136,True
994.9202510060281,9.76324550664096e-08,101509.05527650162,1654.5259159965685,True
957.5503945140526,1.0374411244592276e-07,103347.36965296851,1616.96418058779,True
972.5444858300131,1.0311710011433579e-07,97653.75923877583,1602.8163185288327,True
1012.6929576405339,9.65039531101873e-08,101720.33415461479,1644.7486740128736,True
964.4843229270151,9.897734183469626e-08,102986.59967931722,1682.819268025155,True
1044.1951428665864,9.683292521539261e-08,102940.81169684384,1590.0052109599835,True
1031.446738116934,1.0203231864244597e-07,99717.73550835888,1527.9343382142895,True
1041.2578650193946,1.0285436768595597e-07,102908.2717372469,1501.105934609098,True
1006.3844431009079,9.756387613077669e-08,104491.5409890824,1636.552554354693,True
973.897248940796,1.0045001717136628e-07,96338.10206076373,1643.3319029887637,True
1002.0056702397516,9.949653599221504e-08,98379.86874080621,1612.660454621498,True
964.8964513400459,1.0126040019214075e-07,96219.360839755,1645.255060866046,True
1012.5172822236876,9.869344926210585e-08,101217.90370730049,1608.6152075140635,True
1009.9115439025954,9.948086650889387e-08,95381.00807396349,1600.926712790371,True
1021.1211710064625,9.87641209184962e-08,103711.91215377535,1593.6710703155525,True
976.4870378895337,9.630291675076597e-08,97574.60323338179,1709.3809009673755,True
959.1720050477307,9.734141584741026e-08,101012.54327611839,1720.7999983251862,True
954.4382367852295,9.934774368931237e-08,102245.62922832607,1694.1408828687213,True
1009.6184187868417,1.0046409577487987e-07,100041.10352978301,1584.9403935812145,True
973.0270129381761,1.0435366333298128e-07,95727.16301743002,1583.3600175946067,True
972.3714009603319,9.913085376444215e-08,97886.12034591757,1667.5235361713012,True
1039.7079593439423,9.682624376175246e-08,101485.01675446417,1597.137705620704,True
978.611929458975,1.0072865526790307e-07,104000.16037481949,1629.7615608410622,True
1007.879681337063,9.933956968000341e-08,103782.95113881912,1605.0421240986573,True
962.7794635737276,9.725306025950129e-08,96842.81976749116,1716.6680702260303,True
956.4720298085778,9.621220089411425e-08,101199.75776209222,1745.834579183518,True
1043.91771546449,1.0372639486515862e-07,100695.33682485232,1485.059219899342,True
999.661412916987,9.998469652577753e-08,99081.81408784632,1608.397614581738,True
1033.5224180425016,1.005530495774382e-07,100562.22464099011,1547.197089562351,True
1004.4574898704608,1.0396624103872446e-07,97202.97045175986,1539.788345646402,True
988.9336286784988,1.0101854537052134e-07,96199.50463610639,1609.5098672164286,True
969.0090531736362,9.777692466520068e-08,99454.5069929576,1696.1602361430628,True
1049.5736156380494,1.0237446140712163e-07,101249.79808141176,1496.5609105470674,True
1018.399635575433,1.0196965644599705e-07,97912.62184278962,1548.5482922218691,True
1040.625108619832,9.992091659806018e-08,102234.10222934563,1546.207200232462,True
983.6069010774734,1.040814733200905e-07,103072.02778923127,1569.458785996635,True
1013.903418575344,9.567402585219179e-08,96275.43335887004,1657.979879977932,True
1039.3300494771202,1.036279087937018e-07,104363.45280907278,1492.4285613582329,True
1011.8596587892308,1.0100248287657405e-07,100421.76194344401,1572.9752708228145,True
973.3189837849925,9.941065741703642e-08,98100.36475814448,1661.191425432616,True
1010.8210098414077,1.0134896137740832e-07,104623.57030045026,1568.5644464318364,True
1006.6554262778761,1.0303429318805767e-07,96735.86109868201,1550.4348119116787,True
978.0816140453175,9.997551032790587e-08,98756.3520808272,1643.7338299607015,True
953.6283230053466,9.516117799514291e-08,98592.47622627762,1770.7680456481116,True
986.2983369348276,9.744714340449106e-08,96148.86688926899,1672.9194520481628,True
951.2999184222559,9.603027995414529e-08,102143.15440401249,1758.411501540693,True
989.9621148780061,9.614177989829025e-08,97262.30853240602,1689.2246929038931,True
962.8512894345461,1.0495786987375343e-07,98341.79309957665,1590.2937241752277,True
1010.5877170413418,1.0170022896845293e-07,95158.52823449761,1564.9918956194774,True
967.9958839970338,9.718988182067907e-08,101522.52184193842,1707.8387242649314,True
1040.8875859860068,9.54895955201672e-08,98999.64446950954,1618.089749862898,True
997.8006972573963,9.708823303556469e-08,95985.61554255869,1659.9731184023428,True
1034.8248663569095,9.847549860585979e-08,103152.55210947647,1577.4667508225498,True
1018.4584478212481,1.0123816697399829e-07,97091.76542443893,1559.7838247907785,True
980.6378648770255,9.951053166473509e-08,102882.56237641054,1646.5023481654434,True
978.7313539066928,1.0383420644340144e-07,103079.40475454727,1580.9579644115481,True
1016.746470374571,9.561790978579838e-08,101399.4061203086,1653.488801570421,True
971.9351554717764,9.789886978722348e-08,104843.56629874841,1688.1563692619543,True
1001.4031126527278,9.65315300390606e-08,96550.1873495627,1663.501659253395,True
979.0004509278158,9.690695951177105e-08,103281.35110903144,1693.477950907214,True
989.6904682052999,1.0151444018520758e-07,98482.47129902682,1600.05730990208,True
1046.998444002679,1.0236847337060656e-07,96277.72005370512,1501.084801476572,True
1047.2917625566909,1.0090308001533545e-07,95631.00252730235,1522.5735878998178,True
965.3323856596796,9.730109945476408e-08,104609.58262344431,1710.0735066498487,True
1022.5857352962713,9.670806250649227e-08,101590.14764500341,1625.576393517162,True
997.8284245701428,9.716888362628397e-08,97569.55238980705,1658.272699801471,True
956.07189168721,1.0228284185431748e-07,98138.82929348401,1643.3771016504234,True
968.3952692236115,1.0085447963347436e-07,95039.62703723194,1646.1715049168674,True
1048.7337774551052,1.0496666972254378e-07,96498.48548930231,1461.4967486917585,True
967.9875871311439,1.0011936193118731e-07,97295.58817669796,1658.561906156716,True
964.322628249564,9.927939271432209e-08,99626.33833473116,1678.5031289853814,True
983.6185131720143,9.797925457331096e-08,103537.4397113203,1667.1154756135654,True
952.7857158758784,9.796598794202883e-08,98647.67402473962,1721.5675379463346,True
1012.2664204947808,1.0185815752236098e-07,95914.14327251259,1559.8719885240168,True
1020.0845152436307,9.873673752819378e-08,101275.42390832264,1596.0911846704894,True
1008.3813453271595,1.0339309204808018e-07,101270.23078740133,1541.7247059019096,True
983.2547108329627,9.665287744521011e-08,103130.64530145694,1690.675611150599,True
1036.2781635919648,9.524625679743179e-08,98417.84709951798,1629.4641480112437,True
1005.4391554559954,9.955399692838204e-08,103160.94563912295,1605.5281101927062,True
961.876466782115,1.0380194780559605e-07,97360.14207637747,1609.7740280902708,True
989.6079411424281,1.0266113134041927e-07,102001.54635124977,1581.7727298139084,True
994.46926292169,1.0493386698445855e-07,104485.5267953963,1539.667908271722,True
1031.0550922324053,1.0427775125907831e-07,101323.5093662863,1495.3525456673187,True
951.2486652970259,9.720010359560424e-08,95684.56040693892,1738.4234215087085,True
987.6106506477599,1.01516618120184e-07,104291.27116500138,1602.4722885441338,True
1036.4852135949684,9.642159109648522e-08,98266.21030357818,1609.3094328444356,True
1016.7899371669121,1.0014053236664572e-07,99614.99943124312,1579.0266307069548,True
1028.336479199548,9.632098486828957e-08,101753.60421350146,1623.046592371327,True
1027.189368916666,9.688380722552419e-08,97495.45524487247,1616.10698852706,True
1023.0628605849921,1.018353464155705e-07,96831.63810208278,1543.7738589947162,True
961.3946610248623,1.0399179795045268e-07,101089.02302136242,1607.0527265508083,True
982.2208955694451,1.0039380591369335e-07,96198.66404889955,1630.481414423331,True
971.8640963175029,9.589598637806863e-08,98674.0437955304,1724.5298050863853,True
1028.0313543261882,9.669549132185884e-08,98403.46387305597,1617.7862157598922,True
961.572302758708,9.526065072509544e-08,102299.78763867436,1753.8310338868712,True
1022.4439773838532,1.0328104842203422e-07,101782.46117921977,1522.302151523353,True
980.2964772974875,1.0183986341169835e-07,103042.50871490706,1609.3741415787795,True
1015.2895803562886,9.783203973360775e-08,102707.46549387308,1618.1587492036174,True
963.0668834290517,9.826574494827191e-08,101491.84476858482,1697.708676342494,True
990.6655033397587,9.671228963693296e-08,96546.53288115967,1678.2050387629151,True
1026.2145377504364,1.0385661206526075e-07,102877.81193659395,1508.1984023106904,True
985.9696739966716,1.0180411815207585e-07,96344.73450840898,1601.8177770769569,True
1045.949667178746,9.602650260252673e-08,100165.95069126804,1601.1414325590304,True
998.992703507573,9.696852232518419e-08,102359.47013689877,1658.9948985933927,True
1017.980831863837,9.66879773214541e-08,104234.80803873166,1632.7846064178373,True
977.2195558580593,1.0443346879117996e-07,99473.94366419406,1574.8308473603834,True
963.3921854523013,9.829833443462223e-08,98009.2266113938,1697.1450148255217,True
1018.0289580635214,1.0339402585163213e-07,97575.21984978883,1527.8200080509546,True
1008.2350680205983,1.0137977806328555e-07,101451.44302703805,1572.5401948457993,True
1033.8363133996988,1.0326905795952507e-07,104148.48094101723,1505.5248496018146,True
981.7780491767712,1.0282043455987457e-07,96328.30728799957,1592.6901839020732,True
1034.286878739059,9.678324064327378e-08,96994.4951409379,1606.887515609857,True
993.67926995773,1.0219875903197261e-07,97478.27357379539,1583.1898666710088,True
1040.0965377878354,9.664670649857055e-08,96913.33458805301,1600.2783810981718,True
982.6477645672285,9.794203115610712e-08,103827.62402329165,1669.337256694933,True
1024.1495123746831,9.647500139217668e-08,100971.8332003506,1627.139548796818,True
1030.6620458083362,1.0143458022130325e-07,103354.35810257199,1537.5427411153614,True
1019.7262750559311,9.889391168470249e-08,95162.5108471376,1595.1295051106254,True
988.9413712566178,1.0024904600090336e-07,98833.51471925578,1621.4118734001215,True
958.4793250474072,1.0159435816337651e-07,100190.95422182862,1650.0713869910608,True
983.7811684653473,1.0330611483122346e-07,100075.44263532506,1581.4083821974884,True
976.4767545146702,9.52323590899754e-08,98893.05608463555,1728.3866373896872,True
1005.9383237406838,9.503418572262735e-08,102597.65703769067,1681.1493753764635,True
968.1799388559792,9.868175402961597e-08,104019.53031980025,1681.3215027514295,True
965.6251685366452,1.0448359138129918e-07,100223.05645792506,1592.677178790779,True
981.6177205306141,9.96517718308257e-08,95377.29915605181,1643.764535968843,True
992.6416534114093,9.505476368064177e-08,101059.75454814888,1703.3296933772826,True
961.5165243268159,1.0357707856094407e-07,100434.78734927041,1613.3837628017104,True
970.6171158482424,1.0487151677843018e-07,98085.79063693825,1579.032664771777,True
981.0662842481069,9.743646240386937e-08,95500.02548567517,1682.0503620924803,True
967.4173291079379,1.0353643483108491e-07,102715.25534440095,1603.9258846851378,True
992.351027566471,9.711383668476082e-08,96537.2472714091,1668.4577758359792,True
989.8264672383331,1.0413389210630619e-07,97930.85398030178,1559.6836583282263,True
1036.7234060576186,1.0269166082916552e-07,103221.12536071586,1509.9487959336623,True
960.546560577036,9.982833015483538e-08,97477.5072619226,1676.1254018112095,True
1036.6373097270161,9.932124795523348e-08,103005.76121478505,1561.3489230331252,True
984.673621297078,9.710863142144184e-08,104803.61359007389,1680.085264980045,True
1015.8145435462395,1.0222090771139815e-07,96653.73241603361,1548.8398563083845,True
996.9657733489736,9.640164405028141e-08,95517.73545958656,1673.2656485589378,True
1005.6733298527794,1.0036017382732399e-07,101109.32412864531,1592.5758193941435,True
1010.6998796948194,1.0076499740441022e-07,102341.6733276743,1578.1786341724144,True
989.031771138529,1.047660210943641e-07,98908.9615045626,1551.3527537223354,True
997.7357773744857,1.0138635421328704e-07,104502.68055468702,1588.3705366452884,True
1015.5016081871997,9.565500595382506e-08,99640.96654490914,1655.14318108346,True
981.9816623517469,9.503612636768353e-08,98717.0142898047,1722.3713807877746,True
999.8937599783884,9.71110345126361e-08,96208.36293353925,1656.1055887978348,True
980.9848365751421,1.0382076667701922e-07,101054.63949306378,1577.8625725173913,True
982.8106955612295,9.854961243238971e-08,95051.10095479901,1660.2091543234162,True
978.83316765116,9.699742393488946e-08,95469.16033933256,1693.484977373192,True
1001.4839125581785,9.853645247773355e-08,95925.64696059997,1629.6331559957082,True
1022.8224636515077,9.538794777790965e-08,95380.78697258093,1648.7650085892776,True
1004.0909720862275,9.516572093074978e-08,100867.54268895251,1682.1640889650816,True
1044.439867014348,1.022953047498841e-07,98671.35614317478,1505.406731351993,True
1049.6839497009696,9.884230125862567e-08,102118.88690380583,1549.7443761606587,True
1005.4852630169231,1.0199685087301318e-07,96695.76426860124,1568.0154097972488,True
992.3743028773208,1.011531972976509e-07,103560.35187872901,1600.6885967419212,True
1038.4818731603996,9.952407674070282e-08,98938.12615866463,1556.0651320509596,True
967.2819665741026,1.0281758358301933e-07,100488.70698736001,1615.6975935030637,True
1047.75962056709,9.577665873804497e-08,96646.90091291378,1603.177791064024,True
964.5066083200597,1.0180434756694124e-07,104616.35831623725,1635.815113294585,True
951.436452001185,1.0488506880417858e-07,99990.50662919761,1610.0507644210852,True
1039.2093059437036,1.0006702570549184e-07,103636.93077993568,1545.8212388528889,True
1030.865039103731,1.0473046933415752e-07,101632.06835175045,1489.1147854860824,True
993.7842672782955,9.723426907934363e-08,103282.84984386156,1662.9050502240839,True
993.8594077945085,1.0382691259685521e-07,101781.8499976179,1557.4186869363841,True
1038.5427179127764,9.704764833825225e-08,99119.03847942704,1595.6494913083825,True
959.2196639852392,9.882208429156261e-08,96984.58651672659,1695.595703461973,True
994.9610411801093,9.728606528339255e-08,95745.07661017016,1661.319712146731,True
977.8343306013516,9.591921567649292e-08,96929.45571799584,1713.9908055951562,True
967.1507808136836,1.0093281190615932e-07,99020.41111309866,1646.3221672854463,True
983.1457008140293,1.0351883738831621e-07,103819.12455277923,1578.6148704963682,True
1011.2068588099008,9.769553521360229e-08,97690.17543898967,1627.7127070316665,True
1015.3778943658484,9.807030463566159e-08,97733.28992347393,1614.892546847486,True
993.9044757372272,9.705346195088072e-08,102595.43988686784,1665.9097894155757,True
993.2090436909144,9.695358014945287e-08,99000.71380176804,1669.3634330087107,True
989.2973521389014,1.011444197857874e-07,103830.34141743029,1605.719694677693,True
1021.9686644707853,9.55575994928411e-08,99946.78573509381,1646.4004928082043,True
1019.2823543750167,9.625904609221768e-08,98722.84177166506,1638.8720052550877,True
1045.7530361954125,1.0454543356995285e-07,101553.62389883997,1470.7377073719001,True
965.1148821199163,9.610517710113431e-08,100433.38237546018,1732.3983661710222,True
974.418006939785,9.813126020684992e-08,98518.41413443192,1680.8998397879132,True
1005.831280304041,1.0300702186415688e-07,98270.66755007338,1551.8534617480211,True
973.2778022027718,9.667367876020858e-08,100337.02478051478,1707.9197526993705,True
953.282150661294,9.932075655024675e-08,101391.46300792787,1696.7693498388014,True
993.4128200694208,1.0449104813521266e-07,98556.50470570881,1548.698570435143,True
959.1041115417152,9.808103388357438e-08,99572.99819472035,1708.1756397371973,True
973.1882682983633,1.0278642714505203e-07,97317.57364131219,1606.97427927474,True
981.4276493950775,9.647033004121105e-08,97487.90954323491,1697.9243442019272,True
1011.5392683300963,1.0241826776962322e-07,103537.71920589157,1551.251882628076,True
989.2777488478118,9.574129090002473e-08,102512.00496693714,1696.577161041138,True
998.3796633410385,9.604912642526701e-08,98280.77527505641,1676.5653432035651,True
1015.660343123753,1.0080806636787365e-07,99230.3253501299,1570.3589237554058,True
1042.0852502026644,9.78759345254248e-08,98090.74891728163,1576.995424616267,True
1004.7266858741066,1.0223614732622706e-07,96345.88829446121,1565.572677025251,True
955.7285882670217,1.0329768096936598e-07,103953.61015856836,1626.9325799355865,True
1010.3462879109437,9.808275482463006e-08,97488.40251678346,1622.6878565780376,True
1039.9192006783653,9.72106004997924e-08,101445.68438116582,1590.5092369839906,True
1049.9960595604546,9.715201643456325e-08,98599.40971065933,1576.816085721886,True
1031.6424052681773,9.765549455687991e-08,101383.72861977185,1595.846611724708,True
998.3196106859933,1.0353514938769057e-07,102927.83723447676,1554.7291275617242,True
993.243262164412,9.62557616054564e-08,100855.9324674736,1681.1011255987582,True
1045.060336318812,9.50468400604922e-08,98683.18335461007,1619.2581956738748,True
1042.233913518248,1.005052944561752e-07,98745.60382356514,1535.415190700196,True
997.3233087238209,1.0431661643835455e-07,100038.58713830562,1545.036985774317,True
1021.0460593351673,1.0439295686413098e-07,97093.51236218394,1508.8526877781314,True
1002.8097319921181,1.020588141558626e-07,103540.71952345059,1570.135208804345,True
973.3796527448465,9.552553543605227e-08,103227.78572862934,1727.8035094725292,True
989.5890644739563,9.55500389636528e-08,104716.58738177591,1699.1012493059868,True
1045.6060636829197,1.0085951765875613e-07,96327.70511152923,1525.5409720214618,True
956.9990829955688,1.0246294101263737e-07,102384.09025779797,1638.2582067327355,True
1028.3150117194734,9.996241164848788e-08,104291.71553670855,1563.5738397939965,True
1040.0799499842674,9.558596854185511e-08,102396.94554343843,1617.142471716478,True
983.6033224648662,1.0166291361980006e-07,102118.35129122548,1606.9438305499286,True
955.136885889561,1.0470039352167628e-07,102397.25192694906,1606.3434918076014,True
969.6571808383047,1.0011931637554951e-07,102246.045638527,1654.9439574936127,True
977.8450339919233,1.0012595974419948e-07,99481.8871315583,1641.539758903113,True
1036.1016973263256,1.0084241313550612e-07,96603.9834565231,1539.599039253638,True
1014.9738637047947,9.879423017289427e-08,96994.55635872264,1603.8163544652382,True
966.1067902845715,1.0346475001262391e-07,100224.39808433862,1607.566289044481,True
961.1563120702683,9.690030696175844e-08,100531.64094382379,1725.1759981926236,True
1009.5080693257363,1.0373237928696521e-07,99649.45137230672,1535.2302607570089,True
984.0671686458187,1.0120333900644089e-07,97976.04901529461,1614.1385950581443,True
993.9285788011332,9.744919074000484e-08,102481.32007966354,1659.1226193815057,True
980.5843603312957,9.841518639139901e-08,99833.89868729681,1665.3976448349472,True
1036.6875764563365,9.998750051442564e-08,102710.15803533432,1550.9151170208502,True
1014.8011282326863,1.0414543318487301e-07,100755.85819373636,1521.0771458938764,True
961.0891932064474,1.0047720743779058e-07,96283.23880410587,1664.5715599246764,True
973.5691153571213,9.924461546344899e-08,98222.29420056622,1663.5270903869189,True
1005.8986130138186,9.839035233853063e-08,103634.11883949107,1623.7099455249493,True
1011.9885180326156,9.914874850219627e-08,99535.63410507671,1602.3247050762084,True
963.6973848225718,1.0468465935654602e-07,98409.67626164638,1593.0471791682521,True
993.0614782927831,9.604951097230836e-08,101105.18448720669,1684.9758980781253,True
976.6647339053766,9.629141224054024e-08,95400.04777038429,1709.6632839955673,True
1029.122708387069,9.909871545456492e-08,103867.50192860479,1576.0383178765069,True
985.2843376114598,1.0107446901631382e-07,96836.02203501534,1614.4091181729807,True
1011.8206297838906,1.0445082258270539e-07,103995.48887144885,1520.5817280088693,True
1034.2568224293334,1.0486390952272368e-07,103184.31317509162,1482.1669480534945,True
1024.071950508324,9.953527094575246e-08,101640.20949358205,1577.1263145931503,True
1042.4801199595104,9.79899648544493e-08,101255.67642626676,1574.0523654956758,True
977.9052189921471,1.0322524346904299e-07,95877.32018321875,1592.7390250032872,True
957.4412410601853,9.82046275569944e-08,103716.52592163642,1708.3103469328312,True
992.7856291265222,9.804498289811239e-08,95322.02119406013,1652.1104946907012,True
989.2234850939607,9.636153843705696e-08,95667.9332700069,1686.901064241967,True
1032.2781823398263,1.041071960664119e-07,99073.97067883774,1496.3881230497498,True
988.6945963719625,1.0350691984066109e-07,102231.27252591224,1570.2490369648665,True
1044.6504836893582,9.974760188869774e-08,104476.83635501639,1542.6505108344284,True
1046.5521694660965,9.76193047666387e-08,99088.77705704319,1574.2960312242433,True
997.7677886489562,9.775726121646459e-08,97049.25977203483,1648.4805645894387,True
984.3509299723177,1.003465336970439e-07,104575.3826166232,1626.434671037553,True
961.19648682227,1.0442022982700296e-07,98794.11032805391,1601.1361617196485,True
1025.3237675705366,1.0232510580413345e-07,104893.40712749178,1531.7979386023758,True
1019.3764403701459,1.0103781974958027e-07,99701.38942338889,1561.059232676585,True
953.456774935982,1.0163137507664187e-07,98870.3852500668,1658.2857759464928,True
1019.5136661109889,9.6915868563005e-08,95503.90783051967,1627.9600883536637,True
1009.4791655309539,1.0156949887397664e-07,103548.58597443743,1567.3746815894006,True
1036.6477119244926,9.541330537935367e-08,96144.78342541304,1626.438184425281,True
964.4796488795032,9.517310933078996e-08,104178.27405293903,1749.9071044848179,True
971.416542014038,1.0057486661118072e-07,102767.20810464572,1644.4137496161147,True
995.4631186517828,1.011312089892735e-07,98704.68648260502,1596.863502255217,True
1026.6901849273547,9.616878083689586e-08,101100.5931242489,1628.3009900919794,True
1004.028053418254,9.505131638081244e-08,99990.84808071928,1684.4388025360638,True
958.6663970470621,1.0464882511256241e-07,95010.80407178112,1602.4274461259415,True
972.2901744703843,1.0022651845103103e-07,97360.40517876785,1649.51838726094,True
978.2929204229307,9.586434300895206e-08,99252.90580378163,1713.7750454797977,True
962.8274472941011,9.846690232009194e-08,101686.0155223654,1694.627392041586,True
1043.0824254119784,9.879678911167526e-08,101024.56829556543,1560.3419643677569,True
950.8699326063955,1.0142675093951054e-07,99973.82727406219,1665.9334170457914,True
1044.9519834913392,9.745288425579806e-08,102757.70131227684,1578.7856628596319,True
956.9148872569594,1.0224117732524171e-07,102128.12144610661,1641.9928566651654,True
1048.3399429703954,9.853478137649958e-08,101344.96956140817,1556.6745483714747,True
1009.4985522515549,9.800392449542899e-08,101618.63217018459,1624.665798375199,True
966.7338647921284,1.0141499776153395e-07,102304.38505612614,1638.6856376334094,True
1020.0140918382504,1.0049459481471259e-07,103368.9216389333,1567.9627487893067,True
980.5444234241228,1.0401822858166318e-07,102680.84216052287,1575.3280126649636,True
1043.3969109434881,9.564094366914247e-08,101313.46108305492,1611.3004429729845,True
1003.4039125514018,1.0058401230536398e-07,102176.07114087339,1592.4268827736573,True
972.2188966984698,1.0018516382751547e-07,104836.94348080608,1649.1554208085274,True
1008.7280977631408,1.0139209289637546e-07,98537.22385045611,1572.045846386504,True
966.6474386640492,1.019112840895354e-07,101429.19863809532,1630.9817365909364,True
966.2814707979383,9.828428898299285e-08,98950.6102813037,1692.2043927181212,True
972.3315641223545,9.596252999133872e-08,98869.68990786755,1722.480252179349,True
1033.5167493344384,1.0280148139801843e-07,100415.69637361656,1513.3881107459272,True
997.0507541499172,1.0257303407995827e-07,102940.91990865752,1571.2882091184197,True
980.7388937560002,1.0342041715610706e-07,95738.08860916182,1585.2096889731586,True
1010.6590196183829,1.043039226770267e-07,98331.14450088992,1525.3017897564423,True
1010.4520792226061,1.035110243423037e-07,97434.09081197366,1537.441193444942,True
1045.8027485580494,1.0029908262605e-07,98116.09394011808,1533.4794717437212,True
974.7507562026085,9.631220719462458e-08,99296.95797191496,1711.9366401688685,True
962.0851183263131,1.003609091205504e-07,100664.21024720038,1664.075595878906,True
1004.9817968680987,9.861443883473378e-08,104418.63278560249,1621.3669961754497,True
1020.3969622207967,9.758548608000102e-08,101554.09097896771,1614.3871030120333,True
973.4735549295268,1.0357537925572636e-07,102348.36423067636,1593.4948260548479,True
982.1291412499064,9.615155095152859e-08,104257.83550938555,1701.2464404437433,True
1024.8672736893718,9.507470376372804e-08,99540.4035615972,1650.198377557046,True
1017.3113533937715,9.804981910751115e-08,95859.12237626112,1612.516391144284,True
1006.0115455980829,1.0038592220569788e-07,100554.66311900818,1591.7238199415212,True
985.3361034076222,9.577598353818922e-08,95359.77896852612,1703.8979453042305,True
1017.7195169205672,1.0233314978586844e-07,102491.99203341757,1543.3586164614285,True
1018.4155655600207,1.0239406931653647e-07,104112.33929454585,1541.1605309337267,True
1013.9301325828831,9.803516549332732e-08,101712.09530825744,1617.1045520743323,True
1032.1668472322935,9.595090919468025e-08,102022.28437470949,1623.277777090706,True
1041.5656180026833,1.0094398097725349e-07,99980.79872344996,1529.515895187477,True
1030.5143738993231,1.0362214579753976e-07,102698.41082970814,1505.3921640046547,True
1013.8981601762717,9.543290368164452e-08,100373.56801037949,1661.4702362179037,True
1024.3801529271113,9.8101003957832e-08,95518.40061148097,1600.7307437307318,True
1032.093193217119,1.011591178920542e-07,102302.93154266068,1539.769288378066,True
1006.2319589451192,1.01818067490818e-07,102020.23313104453,1568.7713973557713,True
1024.0734414277163,9.50927771322208e-08,100502.18059876077,1650.9897436618348,True
1013.7071957573123,1.0470656460173191e-07,102000.08652001365,1514.3579184641007,True
984.714669368184,1.0017970356389966e-07,100160.88631224826,1629.2165833459587,True
989.5768139432586,9.72332613279547e-08,96876.30050815445,1670.9733202695415,True
1004.8672520315995,9.545947171081963e-08,101190.4734228388,1675.6521957295613,True
1036.080941882867,9.995122719078129e-08,98734.37794579128,1553.0015570284368,True
952.7069277988763,9.960212105194399e-08,99662.56802240622,1693.261626218703,True
990.5166102033229,1.0360652339056782e-07,101414.49058752945,1566.0024855835827,True
977.4749913711347,9.911177766483746e-08,98779.88713772678,1659.073559787079,True
1022.1779908842539,1.0423097583498135e-07,100863.7492504417,1508.953639793153,True
1015.9171874797648,9.635691842577686e-08,98499.65939812608,1642.6130022137697,True
1039.772311136399,1.0429121929769304e-07,95069.30785653165,1483.7414428632749,True
1022.2122252948817,9.942900945567931e-08,101302.51661831258,1581.7080177494202,True
1016.106572311533,1.0107923761354175e-07,98764.44508886653,1565.5400644272122,True
1037.7184355597642,9.947446637881312e-08,99817.77602190444,1557.8321227501435,True
991.2534412242264,9.632901914418146e-08,101969.53125347699,1682.9829117223292,True
969.0953339066153,1.0199992449881414e-07,96468.3987192953,1626.2781055216603,True
1040.8347861475527,1.03684866214233e-07,97430.23544919677,1490.520204821686,True
1007.2047451261552,9.663555407635784e-08,101923.83066866537,1651.3382143878614,True
1008.9173993920699,9.534912290469324e-08,96056.55365598237,1671.8048588365946,True
1016.7626959768363,1.0039966117827751e-07,104911.5270251999,1574.189576725081,True
1040.9256050876127,1.0486992791725e-07,103697.16822691148,1472.6082849274328,True
992.3129965827507,1.0399934999725559e-07,101055.09752007648,1557.3441311648992,True
1043.878619344975,9.650542320183416e-08,104052.10938787466,1595.7088661731555,True
974.1639858469704,9.799117134788491e-08,101799.47178457584,1683.2061475798478,True
1027.6758541747172,1.0204804246646415e-07,102795.50300033204,1532.778876492792,True
951.5590065914528,1.0161308755750753e-07,96912.05832278219,1662.1805895860803,True
1037.3517701878152,1.0020132151924951e-07,96356.39489738335,1547.6443275287502,True
1038.6107175149955,1.046564170220406e-07,102483.54751575454,1479.0424430571238,True
997.8511201072414,9.787826550670303e-08,96184.15003598879,1646.4571939456484,True
1036.6820516671705,9.764842700280818e-08,104264.08601316623,1587.837662009058,True
960.3464787381913,1.0171088185965744e-07,96088.72743690913,1645.6736571243275,True
1008.4348798051708,9.585719986138134e-08,97746.34319913691,1663.4323107247205,True
1003.2534793309588,1.0210423173443117e-07,101926.64995284275,1568.9876680169723,True
1012.2602179589619,1.0019545652126981e-07,101764.76026974774,1584.8148916548005,True
1033.6871149792883,1.0370731033006525e-07,99437.6355691859,1500.0750529689265,True
956.3580335041346,9.60082363189694e-08,95558.81978688721,1750.7170747481784,True
1024.777313038524,9.66538710954405e-08,101314.24849193284,1623.0882277587918,True
1034.1747523048093,9.554240883653767e-08,98153.23505328769,1627.7284153763014,True
998.3836194656224,9.670637451911546e-08,103424.1552612711,1664.331559644166,True
995.583985836341,1.0309915116065124e-07,99269.71495736933,1566.1055112092606,True
1001.6557704633316,1.0428032079609572e-07,96193.41563133502,1539.5655091772155,True
1004.7320353809581,9.581911468924667e-08,104829.6770981592,1669.0154979585798,True
1033.0023628793751,9.590480338089275e-08,96985.38952469661,1623.6025177438728,True
1014.1751070913167,9.922683601898108e-08,104181.08661492603,1596.9280052590675,True
968.9386431919223,1.0455769976190806e-07,98761.46843426411,1586.3824171176145,True
1001.3935580312893,9.567631606104131e-08,103862.63572332157,1677.1738988980117,True
1045.1586382823627,9.585810209838846e-08,104297.7731205967,1604.4990201032394,True
1004.3525280399659,1.019597978057811e-07,96118.7214391368,1570.4330383404126,True
955.4626565977287,9.896836395816359e-08,95395.08761270736,1699.9580758997718,True
987.1741789895981,9.721278045806107e-08,100987.80176358488,1674.663952695886,True
1002.3433336377003,1.0362822932606375e-07,103809.4929132234,1547.030257263884,True
1022.1268517978159,1.0034594425381189e-07,96025.13599688024,1568.2448501112117,True
989.326670649862,1.0377196025740648e-07,99470.10398135292,1565.6638870374027,True
1043.34555710179,1.032567832229683e-07,99783.03226627079,1492.762915554639,True
1033.629200459445,9.50393663639603e-08,98817.40259104577,1637.0839559711599,True
1009.0213226493383,1.0370151112920529e-07,95915.8769313039,1537.0201281179163,True
1013.4157744612017,9.595333006266963e-08,95350.5878662404,1654.1080698723224,True
952.6238922422539,1.0484924737251322e-07,97145.04435176785,1609.0568117153687,True
992.8421194944168,1.045452833817398e-07,96865.86885383583,1549.0456159664516,True
965.7556453895291,1.0451978532159427e-07,101372.69555457447,1591.7403013579767,True
1028.1483216501065,1.0079216100799113e-07,95994.75494097208,1552.2596408786712,True
992.3242180404256,1.0068808444224682e-07,99518.64502443347,1608.7830023093163,True
1030.9621449671386,1.0036594524174524e-07,98800.635377902,1554.1728457213173,True
951.8195478411535,9.955165018203576e-08,102194.1527610972,1695.2871693171044,True
996.4495175899962,9.93621295924912e-08,101005.95807212249,1623.3320741753478,True
1046.5706866155176,1.0400012426531681e-07,100358.13598988847,1477.4855218022064,True
1006.8914301639473,9.797761624919817e-08,102873.33875244409,1629.0735268808205,True
998.4114232585792,1.0371395648736006e-07,102566.59149362233,1551.9598682982528,True
958.9427870990497,1.0122079286023552e-07,104871.0754687296,1654.667928277558,True
993.702422468665,9.686312419585572e-08,102027.54876376223,1669.6086183431212,True
958.3631914718381,9.633429495812524e-08,103571.75882868424,1739.8395109399064,True
957.4852872315206,9.775559194690323e-08,97850.40466553552,1717.0202275030128,True
1010.0699976201737,1.0397383823770054e-07,100587.42830971465,1530.6781868652085,True
1008.941274406948,9.542767937053823e-08,101966.16770204177,1669.3832180204947,True
1022.2592239622395,1.0476437709654426e-07,96702.08397883431,1501.800986916966,True
985.2982644258193,9.87978507381317e-08,97051.52362947157,1651.5502159164903,True
973.8256298352507,1.0454271014169506e-07,98144.17252193249,1578.8220428534023,True
999.2180615915976,9.723644571271747e-08,103771.82832408321,1653.8365787761877,True
983.5517955665525,1.0052457150989102e-07,102480.84061199272,1625.170378972894,True
1004.2692506712334,1.0379610982604525e-07,95727.16672579167,1542.84152469181,True
959.4258586455087,9.927178143531002e-08,98130.77930603689,1687.3624358124646,True
1035.8412340762432,9.556391209581472e-08,99705.56809307443,1624.5071464233079,True
1048.0538240360456,9.898288770774531e-08,96188.81175449264,1550.896501047147,True
989.4700310832872,9.943138332816566e-08,98036.21760264545,1634.0123134427834,True
1040.8424262923788,1.0170129155932703e-07,95235.76635637981,1519.9502756638663,True
980.1000038337746,1.0370714122099884e-07,101251.83929783676,1580.9741032610973,True
1010.819566161403,1.0346733362608467e-07,100570.65164331136,1537.0445973331239,True
982.5604761789681,1.0092464722322953e-07,102134.30133005073,1620.3978796967283,True
952.3587426398036,1.0393328509030697e-07,97935.27285227789,1623.5577532110672,True
1013.7273897107077,1.0018650610184239e-07,100741.91258516476,1582.8436487454933,True
960.1390797350597,9.649960075935039e-08,99937.26212412195,1734.2551836436076,True
1023.8312225452304,9.907053121987142e-08,97830.27437639117,1585.5089938234385,True
999.9404667631721,1.0475922589128765e-07,103205.62065023229,1534.0561403482152,True
984.6712444542379,9.530722156421589e-08,102267.95991549057,1712.2398572203901,True
950.7937067336082,1.0132432504126214e-07,104379.52996006065,1667.086734190403,True
998.5634524769702,1.0001374115489337e-07,98985.43505262065,1609.6964879557436,True
1012.9467106889048,1.0479386836241546e-07,104728.71193769613,1513.8331707740765,True
979.3965952439095,9.672021621020099e-08,103369.07433435599,1696.054272920878,True
1045.0718694010654,9.728482727222781e-08,101157.41973333407,1581.585236020845,True
1044.9821104967518,9.86613209829861e-08,99630.3498515828,1559.896433100366,True
953.5774897067902,1.0185178251718905e-07,98164.33027202397,1654.6034490735728,True
1033.971386123616,9.660760204972917e-08,104775.40898987307,1609.0336077717036,True
987.4946821456538,9.566198033460026e-08,96834.20253612763,1701.9720048697884,True
954.869053043885,9.914533974110493e-08,101376.32810371023,1696.975241735935,True
1011.4731126092825,9.7630644339983e-08,103111.7083429625,1627.492817271242,True
1016.509189519565,9.97707243256242e-08,104607.48280849328,1584.5484502366608,True
1040.6809071459916,9.507018442300134e-08,102288.84345390598,1625.0037610248203,True
1023.4607408763301,1.020196095796493e-07,104947.57540828365,1539.1468487080801,True
978.1976647210743,1.0246477694376561e-07,101488.9081633494,1603.1892808958803,True
1001.2964806399272,1.0457635177154218e-07,101758.20140680556,1534.8873480321172,True
977.9386760534113,9.860121867467795e-08,101846.54625004383,1666.389281027577,True
977.4861343274813,1.0393589603236433e-07,102099.50426009651,1581.5468366719485,True
975.767981241007,9.980160203235284e-08,98092.50701305656,1650.5733266001246,True
999.5868213509382,1.0233850380537372e-07,102350.06416934227,1571.0190154871916,True
1029.1720090471965,1.0284349623464876e-07,95823.86932426458,1519.8295793501907,True
1018.4856590994729,9.610325963454115e-08,101400.41578963677,1642.3566469218865,True
971.4874975329429,9.976381120933974e-08,99756.01448255024,1658.1310732113263,True
1014.6547356667605,9.791962725555694e-08,101238.3823219599,1617.9426088327857,True
951.5763977514038,1.0406055257548429e-07,96702.48933679922,1623.0915540996275,True
1025.4881071909742,9.88073141187141e-08,103275.34888501893,1586.322675594951,True
1046.0051465059914,9.905655548420573e-08,99487.29348224167,1552.191870735446,True
958.3967053117935,9.65711895148206e-08,99468.58898570748,1736.1678468475557,True
992.071125569545,1.0280445806656062e-07,104760.86755153595,1575.283529348269,True
1010.591542202901,9.974485860489878e-08,96284.25068631771,1595.469537605985,True
1000.9989875273799,9.807490001708937e-08,96916.27237967908,1637.914471855465,True
956.9492990167769,1.003322354220578e-07,102761.29285864368,1673.0784392133487,True
972.2256168736428,9.586425121792028e-08,98626.36385684031,1724.4736125287327,True
1041.2752024678473,9.68802521814885e-08,97638.90859443064,1594.5068104143647,True
1014.1837937016685,1.0097588633604169e-07,97917.85791684284,1570.2212812541525,True
970.381931151097,9.955974441816095e-08,95307.7258407128,1664.1524038283903,True
961.2944452596623,1.0051875074354537e-07,101619.72069615708,1662.668281801884,True
1012.4152125534615,9.642985146904574e-08,95606.04538516061,1647.497372739164,True
1008.2119263453861,1.0474873725363747e-07,103585.93135155676,1521.689685089568,True
979.6168966268297,1.0270500034583551e-07,96681.5037826224,1597.9036277158134,True
950.9741173081511,1.0317110868446071e-07,99039.41428519966,1637.7346186383338,True
969.093101449753,9.722214774204585e-08,104470.39309499801,1704.9021986773766,True
1045.9465314636413,1.0494051874027314e-07,102551.6195085297,1464.7869757960746,True
1047.880917160777,1.0064251955925423e-07,97888.57071351174,1525.2851510468781,True
1007.1975827473835,1.0359576446232766e-07,100235.50255330256,1540.6557331583774,True
988.2902007364332,1.0180280787611945e-07,96436.0114523075,1598.0999846244124,True
1041.4229827193442,1.0125279755133239e-07,100355.74759597595,1524.9988933313537,True
970.1251618426056,1.0416134000562741e-07,102128.01270862264,1589.9803041286561,True
1040.0201201207556,9.941784046959274e-08,103493.41270223547,1554.735695515327,True
1017.645465104289,1.0148108533789745e-07,103368.0640131804,1556.2995489962686,True
979.0249168672129,1.0267385941497466e-07,104506.9413712887,1598.144511866216,True
1003.9648694491136,1.0382289752068564e-07,100600.71611439029,1542.1304571118092,True
1005.6554836922429,1.0447310447690487e-07,97350.54485749513,1530.4874111022343,True
999.4131995417134,1.0291695206175255e-07,99117.17902028441,1562.9506316193797,True
990.888219910672,1.0234647539382098e-07,96733.32341240754,1585.4357320106376,True
1010.9397158805191,9.991117333395573e-08,104877.17942731232,1590.9152651813492,True
1049.3339050313425,9.891358874578293e-08,103574.95124852285,1548.9173095285814,True
979.656328499643,1.0091566333585712e-07,102860.86561038683,1625.1913109054838,True
966.2836554800683,1.0227335368637184e-07,99475.51842092437,1626.115110941664,True
962.2061617895978,9.998312549777641e-08,98917.29083351918,1670.4343897165277,True
966.0141828420636,9.567724078704827e-08,96842.47774901,1739.156470569907,True
977.4001701534041,1.0291121613502685e-07,98568.43849077696,1597.975969874433,True
1014.4206901169755,9.754330096551607e-08,104039.61676870457,1624.1217740589648,True
1040.5091312187772,1.034902307216187e-07,100344.68558393352,1493.3274344543017,True
991.7488196591473,9.600592455659593e-08,100981.21870490133,1687.9705112511413,True
1014.0031568844163,9.779785238789283e-08,96904.1400712515,1621.7068242370624,True
970.1041027076083,1.0128313700030599e-07,95018.0026013027,1636.3499031752106,True
968.9466476090279,1.0011762668626909e-07,101206.92288719317,1656.3337176661944,True
1005.2328220145574,9.682270006898305e-08,100519.85113123989,1651.5731061203526,True
953.3681209091278,9.831989688090466e-08,100901.50634474558,1713.9662250080135,True
1003.713285670299,1.0257491424862397e-07,101871.05510433296,1561.0879179439655,True
952.3396589564071,1.0309773490239557e-07,100753.74812221744,1636.307328290075,True
1036.6779320810194,9.508431607499311e-08,95551.38208900907,1632.1266679807895,True
1020.5384175305159,9.824413306809679e-08,95021.29645751487,1604.4406101859454,True
954.0237545386084,9.678527864119814e-08,101234.74422803332,1739.903700196755,True
1004.689381506985,9.714533129724063e-08,97110.79805780077,1647.5417481745044,True
1049.545543378435,9.901911351929514e-08,100285.80937648549,1547.4667201864304,True
1049.439323005782,1.0158815324894172e-07,102123.80859722474,1508.2031110163146,True
988.7399811863575,1.017987361061531e-07,98348.87189948237,1597.1289510569638,True
956.0351091778332,9.814315327882012e-08,96789.30064965642,1712.990575451149,True
963.3800521845329,1.01565010727506e-07,103141.68790099978,1641.783932382737,True
1040.0623246854461,9.551280965690143e-08,98786.4098131306,1619.003052052743,True
1034.723832153295,9.570264713637736e-08,104003.43725824011,1623.1966819317768,True
961.60181510198,9.551294293873791e-08,97257.58174363717,1749.9896630727997,True
998.9997591171734,9.931777260741615e-08,98182.06212413614,1620.4080103652004,True
955.9071838352102,9.869936496540004e-08,96449.38068130241,1703.6216033779876,True
1047.8565819023067,1.0135295390417533e-07,102167.89718768315,1513.9565421920515,True
1016.1136216570263,9.737493952070265e-08,99440.8912571256,1624.9719727925635,True
1046.4869750665234,1.0045322613659284e-07,103211.01284028612,1529.3387098537523,True
995.6933031266219,9.726766044258089e-08,102639.4903296236,1659.2766815903167,True
951.5488749601674,1.0192314572925107e-07,99712.55061289923,1656.6890421180747,True
964.7000749993434,1.0135411961101774e-07,95155.28870944337,1644.2475140889226,True
1013.1475025529257,1.0424453381549616e-07,102991.2655578851,1521.7577933528396,True
1029.5462623755689,1.0174085700714586e-07,97713.97217085032,1535.4327639512549,True
1018.5106859237823,1.0116403161685665e-07,99509.24951687951,1560.4539924347498,True
1039.8527499006257,9.578357041488342e-08,98169.29865609866,1614.8541794251073,True
981.5202425409731,1.0053960334841382e-07,103217.0008476857,1628.1485344083694,True
982.3733542345733,1.044304451159107e-07,98046.31103983846,1566.9176756040608,True
957.096682738497,1.0106775352594616e-07,103845.70821390819,1660.4892245020608,True
990.3011141583518,9.937127549665219e-08,103776.9137081163,1632.738552399495,True
987.2564258294539,9.624843293838504e-08,103565.29343255617,1690.8959509755234,True
998.2566854989037,9.914748090005106e-08,103094.71496297282,1623.608157420362,True
1033.4449367150844,9.805882238868782e-08,95330.73103972529,1587.5550912021713,True
1017.973267297874,1.0273384492451893e-07,98836.91043997594,1537.5185527817998,True
998.4512773825317,9.999394211940828e-08,100666.66131245991,1609.9257447432042,True
1012.0090900754266,9.656284254340417e-08,104300.7080244405,1644.4445651500334,True
1001.6845015863114,9.589136158707648e-08,95528.30919602659,1674.325450881898,True
997.6641000378036,9.672710675001476e-08,102427.14248663027,1665.3182815742482,True
1023.6465627046978,9.752581733675586e-08,102501.38813977587,1610.1492657100305,True
951.827828740716,1.0133453251846222e-07,96390.82316055257,1666.371178680107,True
987.289881383701,1.0428970853787653e-07,99900.738563664,1561.007278607473,True
998.6449801590408,1.0280556344825838e-07,100922.59973048655,1565.5562641700471,True
1019.2013093859167,9.848682934247625e-08,104207.74393450802,1601.0650299095212,True
1039.6335998969323,9.696145890216943e-08,98072.42085321172,1595.5861801974168,True
1021.852344562108,9.573372160997653e-08,102406.606752645,1643.1572302459379,True
973.3009198855954,9.778293292433389e-08,97627.9284891398,1688.9554489652692,True
986.3328990778355,9.989011644417244e-08,99469.52789365627,1631.3957093276424,True
953.6729713781228,1.0106446799192888e-07,95175.04562845745,1667.8316947924154,True
990.7949060103072,1.0367380266062098e-07,104547.44914754608,1564.0972821806804,True
1048.022905305777,1.0349149390182939e-07,97548.07808609479,1483.1522152675893,True
960.4586911856372,1.03027378580077e-07,100860.20163790563,1623.6965509239392,True
953.6436661514545,9.583350519603642e-08,97603.07205177998,1758.4878229480373,True
1009.7561374937145,1.0310468439302509e-07,102246.49107966182,1543.8075375043277,True
1015.3345690655125,9.822186459570153e-08,96500.84466324562,1612.6805447961683,True
1012.7674231556467,1.0058202906809476e-07,102839.87623984778,1577.778475007726,True
979.8411038329749,9.806457690631728e-08,104508.21201587198,1671.8802913720635,True
956.6275567277863,1.022578180915616e-07,100929.85701799777,1642.3951074998647,True
1009.6993503971952,1.0457083208934738e-07,99770.57317876375,1522.6165716552941,True
1047.5316017432704,1.0329102484861312e-07,99834.50159456789,1486.3585441522891,True
993.7673100551451,9.724049283492183e-08,95113.57062046614,1664.1878083869242,True
1037.332225642954,9.768931545076489e-08,102881.67299656021,1586.3980170696163,True
973.702082628828,9.525168266901699e-08,102872.26462811923,1732.2585331824673,True
996.7095510793797,1.0133767262018351e-07,101363.22640568679,1591.2197685580481,True
1014.1944471212967,1.0473376415059198e-07,100161.13469682557,1513.5179669997567,True
988.2219596390082,1.0188889971546753e-07,104220.85754316956,1595.6489015759776,True
995.5930805002945,1.0112271516370828e-07,98212.21116647194,1596.871201450786,True
1020.459478080489,9.525092370149165e-08,102634.82815909786,1653.6815212723802,True
1036.2003381227044,1.013458938192968e-07,96076.8773665448,1531.8952982828876,True
1022.7945582965154,9.703675207616341e-08,104046.99819846904,1619.361432189432,True
953.1891103491749,1.0201905195822935e-07,104064.64361588784,1651.656102300748,True
1022.0932771466806,1.0006307307638366e-07,103242.22486593408,1571.571396523728,True
1031.2082867559723,9.63141089408285e-08,96117.7456508054,1619.6395698290996,True
1022.3295619255019,1.004412946940835e-07,97085.0200260501,1566.2685552694406,True
1013.4983085305482,9.881977490341954e-08,100544.29256341151,1605.1257641667216,True
989.5156786041053,1.0002924024792221e-07,96456.24330470998,1624.4377773764345,True
989.0609532187548,9.763544852639103e-08,99387.99452221622,1664.5240457916689,True
958.6225036608978,9.946946209172619e-08,103371.66048278654,1684.5799806772661,True
1003.7734741129227,1.0489321874863666e-07,98367.7078854645,1527.0252443591821,True
951.273903007591,1.0459937440738504e-07,101332.39138666037,1614.520086327689,True
964.0829293120506,1.0411437313207573e-07,104842.56278044642,1600.1856381657426,True
1035.2077695429089,9.676272698553609e-08,101273.8439020123,1605.0969684616512,True
975.9029438980457,1.0398448265537936e-07,103506.3207640418,1583.1443081001169,True
956.4351070727308,9.995252403535078e-08,100871.84844452108,1680.6191238418949,True
956.5239015042189,1.0121827529907136e-07,104433.99220384988,1658.9183966649512,True
1005.8953138475129,1.0457302463335389e-07,97421.40430127275,1528.652820293815,True
951.7031328708124,1.0011425638363571e-07,99213.41981305531,1686.4319268998677,True
1012.8620312344159,1.0388626929827836e-07,96100.00132690079,1528.4986368919626,True
1006.2391798591666,9.638127500324113e-08,98972.10007971074,1657.7512873846326,True
1034.7952609066,9.881913645542568e-08,99735.72423446686,1572.5606273570156,True
988.3152837780063,1.0480887033556325e-07,101434.15380787308,1551.449381601915,True
993.9853864327197,1.0206134132717707e-07,99359.64090601227,1584.5352958882424,True
1012.8714061167559,1.0488036849597086e-07,103086.79524367192,1512.9268012861723,True
1035.8043659952389,9.795581321801666e-08,103511.22411741423,1584.2963762655265,True
994.0518438934114,9.564108273247833e-08,102859.97357746723,1690.221176372884,True
954.916830235614,1.0260842934458429e-07,101599.44676653379,1639.5865420129257,True
1027.3779564095234,1.0112338895572905e-07,95065.16664656549,1548.483395907492,True
990.2466907837821,9.631396408331751e-08,97892.32872548015,1685.61576051726,True
964.9438137779283,9.801192257800505e-08,103242.49620455719,1698.5542713553464,True
1012.9273221927501,9.891061378541776e-08,102223.27267280809,1604.2837281228844,True
993.0600184533942,1.0244314466232576e-07,98325.58625746066,1580.2506587066891,True
1015.365413418213,9.592921683758914e-08,103470.35879831252,1650.0149114908756,True
966.7643449621021,1.0150242557702162e-07,98470.08288213295,1637.8198436108896,True
999.7212820007495,1.038647297637459e-07,99151.05439613566,1548.2107514117147,True
982.7000470909544,9.733552027708942e-08,99065.64824595967,1680.407602342419,True
1017.1171123168893,1.0298083450936653e-07,98653.3007948277,1535.138000453515,True
965.0651467465152,1.0390726530621338e-07,99826.0277452218,1602.4922930990233,True
991.2047039771837,1.012006590044352e-07,99388.24846730474,1602.4453422088727,True
1039.5704939426716,9.629879978354729e-08,104173.03880813156,1605.6754643430163,True
965.4352987795265,1.0267261337122468e-07,96895.35315056577,1621.6163036025348,True
962.6200068705352,9.877412774067558e-08,96593.0296462733,1690.552577322422,True
966.7896400315939,9.611435230838838e-08,96704.14033456198,1729.8966368417193,True
1037.5349630444039,9.808481954429159e-08,102230.88560318305,1579.795983880252,True
959.492614917747,1.0113684155212319e-07,95933.92891275966,1656.4989676082907,True
991.8053195949004,9.925674509409342e-08,98904.9682484262,1632.9279505683724,True
979.3968152114307,1.0080694925101445e-07,95693.63006315043,1628.5206117310802,True
1023.1409548892236,9.63259827137136e-08,104144.7300825741,1630.7485375545764,True
998.8339017996534,9.90009864801479e-08,102310.96609341446,1625.1994633149573,True
1016.7601052147486,1.011071526734975e-07,101813.34293726287,1563.6348010930649,True
954.765686226596,9.751835895688643e-08,101936.31330216846,1725.3839111391128,True
1048.8091862688889,9.835450502225565e-08,98829.6174141695,1559.2435996547777,True
1037.0162751319194,1.0408998461906473e-07,97831.19749292855,1490.0640380351622,True
1001.904501564545,1.0217053226864554e-07,103913.71462037112,1569.7678340833397,True
950.2375834458859,9.922060724035472e-08,98984.18010817445,1704.2580089941514,True
1016.0485993870972,9.727752788669209e-08,97197.50267174281,1627.081971573104,True
1003.7052615715463,1.0180165675899885e-07,103456.10969031675,1572.722839164802,True
1022.4355996079921,1.0250495187757444e-07,101270.17000834535,1533.9175808922512,True
1032.4305093800251,9.854425932533068e-08,99821.27774447358,1580.508073748133,True
1018.1456054065949,1.0040868508621065e-07,96778.66117584011,1573.2003182782398,True
991.4139627191639,1.0002297530902972e-07,103247.10121831649,1620.3755476894005,True
1004.8548268384676,9.927375531570111e-08,96877.11418988848,1611.9956360034164,True
1040.0762176624828,1.0363606487625816e-07,102713.27425744016,1491.487465633158,True
1039.2650985903772,1.0139489119885274e-07,104269.31642307933,1525.4042497707692,True
955.3542238703383,9.808573951248923e-08,102683.95696997245,1714.2405130511343,True
1021.7300078459184,9.882105645303965e-08,101459.83625772501,1592.1577228530564,True
991.6631647014543,1.0456214134788568e-07,96996.57610139444,1550.597326998948,True
994.0863872109556,1.014568657068896e-07,98359.03217277513,1593.9761545313959,True
1038.0452360776064,9.986410924135846e-08,97053.81806149661,1551.7250765373715,True
1047.8214662468586,9.609151419405874e-08,99853.94793221352,1597.2810711732052,True
985.9293192594029,1.0093641973443712e-07,100015.0006773471,1615.0526487345296,True
993.9393331553603,9.561585394530379e-08,100026.11430938351,1691.315164786143,True
1041.4522028287972,9.657644313832784e-08,99894.16581252783,1598.8727623576453,True
1031.923161021335,9.606628150631097e-08,102481.15753861173,1621.634602752256,True
1048.3030618608443,9.632784290886689e-08,104218.22262851083,1591.9450367006614,True
970.0510498596103,9.535869444263359e-08,98513.8689527503,1737.4837807607046,True
960.9545512457358,1.0302917704249909e-07,104294.18877020248,1622.3339975178314,True
1037.960653321589,1.0104901843964542e-07,101317.43356279106,1532.9701439735686,True
1029.8573056286307,1.0271741754379528e-07,96080.34173965715,1520.6500850596735,True
1012.1805205261678,9.996684240122002e-08,102004.4155416348,1588.5262867163513,True
1004.0700391076192,9.619541514323512e-08,99524.25820370922,1664.4136214907453,True
989.934550067811,9.619434794566397e-08,95732.36441688772,1688.6199652540115,True
1017.0651963907225,9.818712663857983e-08,98413.76945521793,1610.2080964107934,True
1033.5989091315591,1.0101555500905286e-07,101469.09028836455,1539.8603189680323,True
1049.6279886251893,9.628553098635521e-08,101931.6505229727,1591.010045838508,True
1013.1367997188825,1.0347470102400074e-07,98118.4630390979,1533.8371048978718,True
1037.1761836881014,1.049499166972746e-07,102391.29654098328,1476.939029119598,True
1002.2284552391649,9.951657129346078e-08,95478.80249090004,1612.4749260170895,True
1047.0527210552589,1.0447609580903705e-07,104947.68384862778,1469.4204796071424,True
968.4149753954684,1.0200276721337884e-07,101632.987143773,1626.542017302742,True
951.6042625205242,1.003975278470929e-07,99306.13245181566,1681.8318080815598,True
959.5988698979502,1.0274687802158671e-07,96114.15668858906,1630.332706723389,True
972.3025104296041,9.978153123048009e-08,95015.67059324295,1657.2580743267179,True
984.3459899054385,1.0130067033913203e-07,101595.49979135222,1611.5641832377523,True
970.3280943080291,9.523662416024981e-08,95215.10996593848,1739.8066522885304,True
983.2205656661301,9.621571138935274e-08,98188.1523735396,1699.2231657572115,True
978.1457224163829,9.532781863767187e-08,101139.01013704971,1723.3636484027859,True
954.1705201495374,9.525053669223824e-08,99915.64904488153,1767.886729298616,True
951.0003126738076,9.77880728612681e-08,104560.45822197042,1726.97373749055,True
960.5719715915002,1.0312562070680194e-07,98039.0427019497,1622.4005620583425,True
1011.4459645908648,9.663857496879507e-08,98946.16914376908,1644.9163964957174,True
982.8238001307516,1.037748474684596e-07,103014.2011041602,1575.3468164450467,True
1023.2828915473195,1.0467785547408825e-07,103136.35271079582,1500.5735415616482,True
966.288444024647,9.567521867515633e-08,104195.236024244,1737.4923166521155,True
1044.5036996649858,9.907336072127878e-08,99746.23808940595,1554.0943087357055,True
976.995909251034,9.991494533613148e-08,104394.13998829559,1645.6689388063628,True
1049.9172449345417,9.637711269185619e-08,104049.78610748927,1588.734950322266,True
1046.3101000979188,9.520198687783581e-08,99441.09195972075,1614.5795055338228,True
1042.0453271888116,1.0171232987974392e-07,97813.92182196659,1517.6168356957717,True
1022.1795814739529,9.500826465992569e-08,96312.02816661149,1656.2142397936282,True
1018.7505906084491,1.0251130511827933e-07,102313.13397898179,1539.1588989978723,True
984.7123385365406,1.026150652595079e-07,97015.89169632456,1591.056122236513,True
958.5618614959209,1.0446535724277868e-07,104551.80733763134,1603.9517151679495,True
1007.4291560134168,1.040985628376798e-07,104114.03809404744,1532.2971901389546,True
951.718705748351,9.566711613873761e-08,95092.5379730705,1765.5247289871502,True
1012.104875925071,1.0004874921693411e-07,104312.89325330778,1586.9981472712798,True
1034.2590119066715,1.0001054536518547e-07,95518.26062099592,1555.3288525309376,True
1030.1069059768054,9.624822301554837e-08,104490.63399635696,1621.084228046783,True
1003.5077795614973,1.0340171679719609e-07,96330.31483370016,1549.788516909184,True
1036.0016455919078,1.0250609827361916e-07,95925.42695502396,1514.8695918167455,True
1033.5620366916112,9.67485022462623e-08,95388.0855535432,1608.8655325735708,True
1040.32759892825,9.749140236813324e-08,99651.94344659644,1585.6015340500398,True
977.4302961967438,1.034543388723226e-07,96523.13559945981,1589.868996534836,True
994.0796013471438,9.741921941987616e-08,99444.71372871661,1659.8701260722337,True
1016.950719893769,1.0265801771209286e-07,96423.76627508586,1540.5781348851121,True
996.19035979139,1.0061950126569945e-07,103808.49402585426,1603.036608170126,True
1006.2689974827285,1.0234495219356593e-07,99173.28594707514,1561.0758545513215,True
982.0960870740071,1.0265148625574083e-07,100636.33343552427,1594.1110879289122,True
1020.891814279437,9.968974998516168e-08,103646.96003418071,1579.234581715418,True
994.69104933128,1.0334498778503107e-07,96914.32815717683,1564.1457322713763,True
1028.2753049381922,1.0440977397880293e-07,98268.29385424458,1497.9261327044387,True
1037.075214576294,9.571560884237633e-08,102346.03335934979,1619.5922192813766,True
999.3026954540418,9.585224805805622e-08,101713.55250481871,1677.9026063513943,True
963.4940058126965,9.801733300717913e-08,97949.86495919658,1701.8424083067218,True
1008.1615516830213,9.571732089532202e-08,98014.60835522026,1666.2636806218973,True
997.0053917441179,9.540925362856307e-08,96977.55318268486,1690.3405863821022,True
1039.1159484502853,9.526904060867953e-08,104715.88145547565,1623.6509671233039,True
997.6147575222285,9.795789719997145e-08,96302.50934743664,1645.4837713880759,True
1016.765747683432,1.0243164088209922e-07,102191.85225449783,1543.351278724771,True
956.3804034698278,1.03968491389885e-07,103203.45862734552,1615.4509229771402,True
1034.9486354220412,9.700251276079544e-08,98714.119713205,1601.9461831843166,True
958.1447365329329,9.592097271024932e-08,99681.79218665688,1748.3563594539664,True
1027.2998870349913,1.0012139716122781e-07,101604.32792984859,1563.0216713134832,True
1003.2132359232569,1.020253046219274e-07,96082.25656397395,1571.1947539137016,True
1011.6204161749429,9.712373811935294e-08,98323.0467497641,1636.5250981950414,True
991.8654754925338,1.0349379222544277e-07,95444.63169351683,1566.545372484955,True
1001.5255072268804,9.505420120046673e-08,103160.71667645982,1688.0401412312067,True
963.011220298406,1.0422604050092845e-07,103299.85629937735,1600.4514072275158,True
1022.9661567201014,1.0263147119066901e-07,101671.12839108212,1531.1796120353476,True
1044.3671894115423,9.612667007215096e-08,98892.81280243974,1602.0843387870275,True
1040.9172134060288,1.02085430382436e-07,102917.95269249489,1512.9012740275439,True
953.5728700271316,1.0315908743136474e-07,97350.40334179133,1633.7743855317092,True
1001.0507855707775,1.0136356514211726e-07,100255.72242348788,1584.1527531014488,True
1003.1993417988549,1.0164797271541978e-07,100251.05794359969,1576.3712286278849,True
990.0101948659691,1.0042689551149417e-07,99175.07685005915,1616.7551546624081,True
1030.4924586736481,1.016150758955602e-07,101741.92081394966,1535.30190920082,True
1023.510402528735,1.0018180602865907e-07,100594.1298692934,1567.9618123332098,True
1044.5662074609234,1.0226929143834521e-07,101225.42160742635,1505.211482218485,True
1040.1771899061953,9.984230335304479e-08,101927.56820828459,1548.1311696745286,True
971.8699453898674,9.907839659868775e-08,99480.75920668665,1668.9957353950535,True
1006.683463295627,1.0137879599330663e-07,96990.13857308486,1575.6671479757015,True
979.1700482122435,9.738605578725171e-08,99359.47034197843,1685.482231646571,True
1041.9139835831666,1.0061884717112774e-07,95668.378209477,1534.663667151214,True
999.7393038814654,9.727607301438133e-08,102277.2095328495,1652.5395554375982,True
973.0617668716519,9.972547746271111e-08,104691.1475439551,1655.3565282243633,True
971.3102369662557,1.0042509528022283e-07,95745.24133412358,1648.1757442219857,True
1048.4408483352092,1.0458528616537122e-07,101224.48526694752,1466.4954303790305,True
1039.9074146246905,1.0365406199327659e-07,100999.47273335383,1491.721798767597,True
1022.708408724084,1.0115917395399543e-07,95607.84901483021,1554.8337814251636,True
950.6814362988142,1.0355538247417943e-07,102765.05765172334,1631.5922631289513,True
985.345114463845,1.0002563272572764e-07,100957.0959875379,1630.5669526111867,True
986.3940958064239,1.0343177532129226e-07,97929.89642993675,1575.6806973072576,True
1004.5994952685904,1.0384686693278028e-07,99365.2025396972,1540.9995897341719,True
1026.8245017354905,1.0399813925700722e-07,95971.99569543828,1506.3304859741188,True
1008.6438322226023,1.0178321459628035e-07,97275.15837547564,1566.3403441114465,True
1032.5601494361508,1.022733418120052e-07,99297.50907887066,1522.7727012208088,True
1030.0095913512762,1.0375564351198165e-07,104220.97349312076,1503.9665254350678,True
1007.7952716748009,1.0381937997109793e-07,97358.40234459571,1536.8866202659635,True
957.0544828655494,9.678108759514529e-08,104547.47922458591,1734.0057291713044,True
999.514371530646,9.83663156367764e-08,102826.1098045478,1634.5034017860671,True
954.3761087376145,9.688142894882943e-08,102715.53333780177,1737.3072442607852,True
1049.5549850333277,1.0460375163855187e-07,95913.4462827759,1465.5283654515958,True
1020.9062651709227,9.894836042790401e-08,97741.84060238421,1591.9825664687312,True
966.8511077516331,1.0151806434555796e-07,96909.31679346037,1637.6784322283731,True
951.4345641552255,9.584131791135798e-08,97143.74290231048,1762.4680569326774,True
1047.384310935974,9.795899570194656e-08,96300.48683238102,1568.0782081254738,True
959.9683566313083,9.961188058039206e-08,100326.6022948229,1680.3039075229187,True
982.313023455728,9.560681493295142e-08,97866.44667079131,1711.6650521023134,True
969.7096368093514,9.906913854827867e-08,95911.46557517913,1673.435217628803,True
996.0313641829168,9.776461317219341e-08,104023.8857906095,1650.0763124057924,True
1040.4226722537041,1.0296924818382677e-07,102314.07021255883,1500.7100150648369,True
1048.948235073161,1.0116290263872166e-07,96183.08026583593,1516.1963897148341,True
979.3359383737421,9.8297131126535e-08,96152.3553005748,1670.1236292311883,True
1039.3590073135638,1.0153063100134598e-07,95391.83455418107,1524.627690930735,True
1003.1073950530782,1.0492574797423442e-07,104898.12988306896,1526.5952761421054,True
971.750278765439,9.725538839223717e-08,100879.47810376283,1700.2595764791647,True
1030.7897845740138,9.577581436983082e-08,100081.24263643096,1628.712101935192,True
1031.1413712839883,9.509921322628795e-08,102241.13483516211,1639.3930280163745,True
1010.4035593179149,9.707722013973126e-08,97027.71571854316,1639.4836761448323,True
996.3597135246999,1.0114739047834273e-07,103240.81563588235,1594.4852166208584,True
973.915568022193,9.75582148706906e-08,102530.6688074941,1690.9889673522707,True
1004.7305381683476,9.787700676148911e-08,98368.66514608348,1634.9452048045773,True
1031.9909734091252,1.0196585458742754e-07,95663.9064896708,1528.7955382217635,True
976.3152217381089,1.0457044098889989e-07,95187.30471278877,1574.8997183606912,True
1024.118518333349,9.502790971468808e-08,104941.69914785381,1651.3397608107882,True
991.9336938677088,9.745034836360967e-08,101916.04701042907,1662.4958851846477,True
950.737935273407,9.817118007406806e-08,102562.31250971304,1721.0068533151011,True
994.9231171428638,1.0392993588543395e-07,101153.04371949071,1554.3210258317322,True
950.1694578557344,9.526803631086076e-08,98661.68205923321,1775.1471065792077,True
956.4238316668728,1.0305157160570923e-07,103486.95061983007,1629.7103661214517,True
1042.063898364106,1.0475826254675295e-07,98445.2520420342,1473.3652868981346,True
973.0217601823479,1.044983185926129e-07,97121.62107592452,1580.9482125830527,True
1024.169242384726,1.0010640350102833e-07,101785.15992338648,1567.9586515078065,True
1013.9149921264993,9.626760601608092e-08,100030.21045503675,1647.093683967623,True
980.6641167253682,9.811151411872146e-08,99440.11749075253,1670.4821437413975,True
1006.1623268826669,9.833951521988392e-08,101742.33333072686,1624.41800673248,True
962.5453601468585,9.683546455678894e-08,96912.65996486027,1724.4740311089945,True
1011.3648710977625,9.961192635204926e-08,97536.24785342083,1596.176790814417,True
985.4804898346786,9.970433367232137e-08,97561.18435559885,1636.1493061804492,True
960.8311702465005,1.0322029425444998e-07,99353.18926562718,1620.271448940566,True
1013.7356174978704,1.0119575519217724e-07,96139.87945715334,1567.7922823762246,True
1037.6232542096468,9.871206558176666e-08,100630.35283690378,1569.8761023092536,True
998.8926776809446,1.0495489430815905e-07,101954.89337525945,1532.967168815319,True
1040.230214681329,1.0286428297576433e-07,104348.14373937866,1502.2217316151632,True
1015.0626109641985,1.0267732411990355e-07,97965.21986966304,1542.8706938203215,True
1022.6485161082879,1.0268319460190889e-07,104189.88570032404,1530.5104080194178,True
984.0106885360041,1.0318504050826214e-07,102034.79847736118,1582.6022947474905,True
1021.5445610088854,1.0164864876339647e-07,104117.18746828333,1547.7524963616736,True
950.2729678171778,1.0406462485979781e-07,101148.17078632687,1624.53743204062,True
985.1113797849451,1.028967939489302e-07,102189.12927719108,1585.256472192808,True
997.4521987879986,1.0151091315534746e-07,101315.27101507463,1587.3402868378992,True
984.0168184286298,9.530004192009644e-08,101327.24065539507,1713.6484207132537,True
971.5450615973724,9.539029576971396e-08,100744.45255279054,1733.8882733642693,True
1041.0112267041459,1.0376112861756365e-07,102873.01157897915,1488.3419936788714,True
993.1009836220829,1.0372365400693593e-07,98176.67164488108,1560.7017760451397,True
976.6967163658148,1.0199686834896355e-07,100408.70812690201,1613.1606758553983,True
986.107183835652,9.913800258207516e-08,98981.7048031442,1644.224448484144,True
970.5774594686426,9.942083726630354e-08,97120.14645450936,1665.831711895994,True
1025.7272527869188,9.705787733081768e-08,104185.47349134689,1614.4041132037146,True
957.920047090014,9.906836879031777e-08,99881.28192094124,1693.1722798905287,True
972.2581638199595,1.0283995795252605e-07,97737.89935888964,1607.5907070678527,True
969.7473509725764,1.0001286502750579e-07,98735.2820799381,1657.106252504198,True
987.9729429302447,9.861990654261494e-08,95812.61285340342,1650.3110051609724,True
1031.945482810826,1.0086847230693645e-07,98818.49919371643,1544.9686936363146,True
966.1819054381282,9.640886292603387e-08,96334.9172270745,1725.751616072416,True
1042.3689485327832,9.634602628402694e-08,102513.39486583708,1600.879042430433,True
1014.524156770388,9.809905078162098e-08,103445.53585985217,1614.8472618520586,True
957.0342201747377,9.661545197668613e-08,102092.22946767838,1737.393850101584,True
1014.3891709638453,1.012425929183732e-07,99108.68554199662,1565.5780721219846,True
981.8464024125127,1.0055094784944948e-07,104308.81898044367,1627.2686274368145,True
1026.5468194970038,1.0111965242532027e-07,102268.33285800487,1548.6148500691686,True
1047.7309137467885,9.563548251726683e-08,98155.62949077737,1605.323233335725,True
980.2559345329252,1.0453981992257787e-07,96354.70617980669,1568.898459256253,True
985.8994951023816,1.0355775605101884e-07,103346.37205719113,1573.7229697043156,True
1041.1929172985117,1.0148635247790196e-07,97173.24730668195,1522.3338780692752,True
983.6766166436437,9.737398321117201e-08,100208.39287860449,1677.9044618521623,True
1038.4253193444085,1.0243770789224859e-07,102504.73008129137,1511.3411243352803,True
976.7508763648929,1.030909801630736e-07,102903.32650165177,1595.5797045457723,True
966.8517735585937,1.0130583363256555e-07,97778.75911783801,1640.9640180362578,True
963.7571871781422,9.57612701144846e-08,103520.45944144408,1740.5524076985155,True
989.30167050323,1.0417330390933663e-07,104342.00450961504,1558.9538004153028,True
1005.7458312458609,9.50959749655716e-08,98629.25970992832,1681.0318076697617,True
1047.7474878289345,9.647445541996634e-08,96844.78850867064,1591.565410590566,True
1015.009960398531,1.015288258291033e-07,100954.52675685521,1559.9300088968373,True
1048.6814510191243,1.0475191517897776e-07,95109.79677581124,1464.7951772866497,True
968.64721579973,9.860032112284252e-08,104060.30287702271,1681.8997511200537,True
1021.0341456023228,9.696775525059293e-08,102730.03108360693,1623.4827122144047,True
1025.0455860689551,9.502671735129522e-08,99770.6787031913,1650.7085777862478,True
982.5826798668328,9.883611386450786e-08,97602.95940071158,1655.3338988186065,True
977.7142628153331,9.737203222585373e-08,97815.64569765783,1688.4701089945204,True
959.2496551788395,9.931766485823652e-08,101478.9341790729,1686.3509157855162,True
969.1678430344853,1.0292487154449611e-07,96504.43671089594,1611.537992237441,True
1018.704442099124,9.575644374010535e-08,98947.88732305577,1648.36081889032,True
1009.6266168719769,1.0112485742961605e-07,97826.03244409413,1574.9277686907292,True
980.7369525100273,9.945712696194339e-08,102050.47556916186,1647.3484095476813,True
991.0718041926052,9.69027831060534e-08,100257.29432697948,1673.5966741037612,True
958.5128988406003,1.003574373831424e-07,102447.28084481847,1670.0022015358381,True
955.7202424293813,1.0454214309520228e-07,103296.99795154497,1607.672693710909,True
988.9048029969575,1.0058335424392809e-07,95236.19921595603,1616.6867000010966,True
973.9226448058507,1.0008375705592214e-07,97919.986657342,1649.0364951604633,True
978.7561563594548,1.03710662668802e-07,95830.14209595844,1583.927726336989,True
1020.6764618304998,9.756154655264199e-08,102388.50156041286,1614.2145397406484,True
968.9212385469243,1.0213081000018288e-07,102946.35890955204,1623.466388805369,True
961.0453071561374,9.922015422195838e-08,102284.60803531889,1684.7593029117509,True
996.1828066952113,9.856151575089882e-08,100393.58731807464,1637.0497635454237,True
988.7699694287859,9.746431130287772e-08,103215.92520967584,1667.3233153367655,True
974.3796172212152,1.0170386953133769e-07,95400.80178782112,1622.4362758613483,True
971.276813704652,1.0409972544592291e-07,101800.74066619929,1589.1008884090768,True
1007.795521363242,9.996605013968418e-08,96751.9816555998,1596.2301481862783,True
1009.7790210721319,1.004811220671148e-07,95046.08019734746,1585.2543812404929,True
1039.9798368537972,1.0135404742089506e-07,97694.01098420209,1525.9941439255501,True
1016.4081786931685,9.875256333347302e-08,101874.93964083905,1601.4563099715667,True
1012.4098175337559,9.807004182415739e-08,95460.64537215349,1619.9778982247158,True
1034.8876683719254,9.898458297163826e-08,99106.30070061634,1569.8958344017992,True
974.0190849853744,1.0307580965494119e-07,101717.79558934053,1600.4230548399628,True
1018.8124724437916,9.955275592140943e-08,99831.48616814718,1585.1933570555454,True
962.1602771630653,9.932511549163005e-08,102990.73980725004,1680.9394194462818,True
993.346294268748,1.0165056995920068e-07,97802.13621897154,1592.2028002160466,True
987.9621444636625,1.0215175308019601e-07,97171.86319576818,1593.0420888768292,True
992.8086429506831,1.0331489948948095e-07,104342.450445793,1566.406082559296,True
997.9735981036001,1.0483049260590281e-07,100856.79777110674,1536.3482012426034,True
971.5933408546163,1.0022132918970713e-07,102904.3277630292,1649.8964638103387,True
1019.7400689051699,1.0423560777261402e-07,101974.44365275215,1512.2928523150379,True
1038.393921309806,1.0372708730049198e-07,98053.978979648,1493.2785201993333,True
951.0186133742063,1.0134567710982021e-07,100324.62531278677,1666.952991192324,True
1001.4637317116172,9.99359274801499e-08,95103.3648093625,1606.987815499634,True
956.6081758584211,1.0430681000955401e-07,100780.51978844691,1610.186788705756,True
986.1176252306547,9.57792169330954e-08,95739.49750702332,1702.4347873162496,True
988.2575209045009,9.855698638953923e-08,98075.27811940285,1650.5050743263805,True
1046.2880927471049,1.010467518354865e-07,103727.60732194717,1520.5658128755708,True
977.4231682077627,1.0368351191576208e-07,100964.80039048247,1585.6667326539828,True
1003.7272041598269,9.871785084467805e-08,103164.276028644,1621.8614428058063,True
1004.4204578545213,1.0125463319016094e-07,104266.14334120028,1579.986281663286,True
965.9184686513944,9.525766018498554e-08,96673.88919479416,1747.0183897365816,True
1022.6790425828633,1.0076325565415624e-07,98007.93721166777,1560.5828048216863,True
1033.5334268281993,1.0085792671563786e-07,98778.02195363303,1542.7873394427324,True
970.1625061527346,1.0249732542101087e-07,98053.49391756265,1616.3633603195788,True
1000.6730242652125,9.551428166398897e-08,95290.36838711506,1682.6605128926865,True
992.3350331969742,9.887054763172353e-08,96155.73472995202,1638.9052764342962,True
974.7660295032678,1.038858219396338e-07,104898.53454261697,1586.2823682085314,True
972.684269431982,1.0146821426513521e-07,97890.22500193832,1628.5919420154632,True
956.0357517410794,9.836643637770164e-08,104580.73431296453,1707.8556934215953,True
951.331656686027,1.0162405444045959e-07,98844.06926052233,1662.0786702328166,True
983.807830142825,9.938315859099207e-08,95666.73568879036,1644.524722786388,True
1029.8507231735098,1.046946340211592e-07,99085.91735147707,1491.4612671179884,True
960.1471790684307,1.041054767165517e-07,95882.63151569926,1608.1851274400374,True
991.8204238018169,9.512048712376545e-08,101086.83898507351,1703.5440203870453,True
1025.2108948426198,1.015453710117143e-07,98557.48048308655,1544.689004340107,True
975.5946034423202,9.623846367594217e-08,97589.12354331308,1712.072405959902,True
973.795068938651,1.0274840684546298e-07,104290.74148963625,1605.5128705526283,True
1019.5056055216489,1.0211214112112159e-07,104513.99685046985,1543.7217611806668,True
1025.9409095084877,1.0437664075812102e-07,103141.44166691981,1501.0426169119464,True
1020.2497980015395,1.0161602107796328e-07,102741.16797474073,1550.3966716998234,True
990.8310234017738,9.688325592884364e-08,103816.38619572396,1673.775061390839,True
1036.1401159907614,1.0177468038128018e-07,100266.47095053356,1524.848882796322,True
985.3748024458098,9.949947833993608e-08,95689.82099222267,1640.0126332696464,True
969.6261922157544,1.0330438649494912e-07,101414.06584333068,1604.0932903586363,True
951.2971625036016,9.509983130015759e-08,96352.54202511268,1776.6054204217585,True
974.977880145229,9.536615226354941e-08,103213.50928618076,1727.8828576534934,True
980.552017431655,1.0004119059361373e-07,102503.3115862356,1637.9678790706373,True
1023.1630732505998,1.0166638623990516e-07,95712.73288194953,1546.3785922959585,True
1030.6690137534697,9.576166320728014e-08,103614.08869357116,1628.575499284946,True
988.6157737857873,1.0170684288045087e-07,101944.9592895451,1598.209554836803,True
1039.9042696394315,1.0463045279255187e-07,101797.61075604905,1477.6876863095133,True
983.6338479203959,9.694698573007363e-08,100236.51176040788,1685.3626656856245,True
962.3386067109102,1.0068163773640828e-07,103696.29536439509,1657.8825944468767,True
969.1516543712899,9.504021454878102e-08,100024.32359078321,1744.651450176042,True
1022.3991613977288,9.845588028212824e-08,103639.64392261764,1596.6924936356675,True
965.3851250722821,1.019218603861997e-07,95292.08608854504,1633.9162809463403,True
1024.6717817743681,9.620809230079048e-08,98988.69045956711,1631.1586395722302,True
987.2159147670351,1.0381963975587915e-07,104985.86528798373,1567.4481942637833,True
987.298757486385,9.9815122918165e-08,95219.9071907382,1631.7553431864153,True
1025.880822349175,1.0390439662798547e-07,104716.0433668176,1507.7289726148792,True
1006.7513458335854,1.0029804660227006e-07,104970.98941155878,1591.2953885699515,True
1005.6286295281043,1.0109853160637594e-07,98329.23067383083,1581.454475703469,True
1005.3459946476802,1.0084910616512159e-07,99143.02629379898,1585.6752587183114,True
978.0478056649164,9.982121982280393e-08,103142.83075808968,1645.6442378976242,True
1004.2714186763311,9.657654585600525e-08,103898.88064768993,1656.8188590597185,True
975.1752651382761,1.0238968106643604e-07,100444.54656000323,1609.4493611246317,True
966.3652521097532,1.00390939054134e-07,95833.07737601137,1657.073346166105,True
995.3771599902977,9.780020882744379e-08,100927.74573217348,1651.0294766632103,True
968.9331752447133,1.0425390716669699e-07,97478.3605843298,1591.2174442177545,True
1031.7407230350161,9.526074160423784e-08,97891.93989060735,1636.3979721734977,True
1012.4688074183421,1.0427886350514009e-07,97879.6816024674,1523.040538228243,True
965.2252215645448,1.0033086732639056e-07,99679.76203725165,1659.3655142570703,True
997.2322680605854,1.0355429890445164e-07,95651.66427382818,1557.2561162036923,True
1004.8481118275752,9.871449460131553e-08,96988.35095713519,1621.119929896034,True
1009.3435681989855,9.507109187734721e-08,104662.32216094833,1674.5604010088255,True
1049.6294620045674,1.0119037037496695e-07,96046.25067944109,1514.8349635762902,True
1018.7141189976144,1.0269518766521183e-07,99607.59820503982,1536.868829599615,True
1031.8489586706232,9.872388620612817e-08,97199.06308564299,1578.9481047204895,True
1003.7327127661715,1.0235828156797797e-07,102110.15093670246,1564.3261062917484,True
973.9977797464453,9.762205011962762e-08,102542.59686869143,1689.7400817767457,True
955.7333041521545,9.524834847250629e-08,99283.1475495845,1765.1703736227041,True
1031.4997254408502,9.88607657450189e-08,101774.52104506393,1576.5455652397884,True
1016.4604634397814,1.042399179078966e-07,99580.95299589763,1517.4210915576411,True
989.0602903987449,1.01072651846512e-07,98125.3140908247,1608.1230965486527,True
982.5238917567619,1.0304463488746512e-07,96969.91796652999,1587.9245599787978,True
987.5411469184093,9.553692439903003e-08,101213.43072095996,1703.3761235913641,True
1031.3440225791096,9.529599762285439e-08,97326.01856999878,1636.5144039567713,True
995.336590972197,1.0102016968363074e-07,101813.80723156761,1598.3325080907298,True
986.6933082255563,1.0345994646487948e-07,95974.97876054632,1575.0986922853674,True
1013.5003390833713,9.66199595307175e-08,99504.19455382436,1641.8387976357924,True
1018.6312447800796,1.0173560883430936e-07,100178.92588799531,1551.4000744141895,True
971.1093465496779,9.685737786608414e-08,100756.10099103571,1708.3823344806833,True
968.0971731354874,9.894696329736597e-08,96606.72176753292,1678.143590334838,True
1007.4801461309108,9.61433902035205e-08,103253.52972933215,1659.1330831445998,True
1040.726408720001,9.78085422455608e-08,101101.99778236526,1579.6267134011832,True
993.1894863807714,1.0256941102448962e-07,96156.39146188158,1578.4576385469898,True
957.7229327177748,9.710983914214073e-08,104910.26980797671,1726.8860655336491,True
1030.4709524509597,1.0277180977606248e-07,101899.96326869029,1518.0292876541996,True
987.7575624377781,1.0108657307458028e-07,100731.39690008492,1609.5859752812025,True
1010.451528176755,9.731421548458041e-08,103464.73146203443,1634.3654254269823,True
1002.2747673361041,1.0128845114655975e-07,99042.39674235326,1583.6026715373807,True
1023.7216410993215,1.0202698977150241e-07,99722.53254561836,1539.4258770970885,True
995.8798269574512,9.526760779300154e-08,96297.64188479914,1694.8692790678524,True
966.3563217341699,9.546839929815951e-08,96768.8014630248,1742.3630600724466,True
978.1579569050773,9.897264046438037e-08,101517.31272257138,1659.8182823559637,True
1019.8454152071703,1.0369157564514915e-07,95818.84735177824,1521.038776910374,True
1015.7814689392204,1.0322131102717444e-07,99850.30635758209,1533.3674862441162,True
995.5442473027953,1.0144593070310867e-07,99431.16474975336,1591.6648949818043,True
1029.658714777093,9.635128635026937e-08,97000.94444109111,1621.2688065257744,True
1024.4883008114225,9.777137845237976e-08,104165.83546035347,1604.544922070402,True
954.9960795568098,9.924315622130453e-08,102225.0548060541,1694.9479300489554,True
1011.8614809267965,1.0484205615229172e-07,97490.30866213258,1515.8209027258224,True
976.6487913381645,1.0010580756823108e-07,102116.35540529506,1643.4493745917491,True
1027.3128229073598,9.75230376834206e-08,95256.5034378087,1605.7164692118338,True
961.9022784656445,9.82525582284367e-08,95088.09416583122,1701.047814391381,True
990.2584913816329,9.984696679633391e-08,100552.320397879,1625.521703006636,True
998.5594325880865,1.048059707270966e-07,98430.18911089972,1536.1861387143413,True
991.6479605381238,9.922085163203566e-08,96410.61595945903,1634.1949045164818,True
984.2120093712502,9.600047557877822e-08,101524.89064149624,1700.7794061532716,True
1024.6163997517394,9.825209192145138e-08,98331.78455059307,1597.419396265551,True
1007.1727888948607,9.52034480587065e-08,100070.30837684398,1676.535070888128,True
1036.0241325792729,1.0122940707725734e-07,95563.46165103385,1534.0040574552247,True
1013.110662544743,9.593718677874526e-08,96985.03373141093,1654.5861986107968,True
961.0906443592798,1.0283428572591603e-07,96812.34944724683,1626.3274120837823,True
980.2834029942562,9.611482998960471e-08,98813.63902873293,1705.9459981540585,True
975.3886598686008,9.714504078513031e-08,103042.94606954561,1695.561022112868,True
999.0285138370373,9.948878876824424e-08,104020.42394942683,1616.6620156799358,True
950.4848520694419,9.521376203127519e-08,102175.79072197467,1774.99254251066,True
1029.6648244873547,1.0006208763557093e-07,102715.88228735633,1560.2225840129354,True
954.2479788323111,9.7184560922623e-08,100114.05873286659,1732.5330465387985,True
1006.0347704101287,9.61758525107241e-08,100295.84545132457,1661.40555639222,True
1027.3101733573658,9.674267678058893e-08,98473.07187692262,1618.1087460390484,True
992.2820371190812,1.0401169679097199e-07,96410.00285405197,1557.9369218962397,True
978.3757380457839,1.0282335858457662e-07,95782.4403190295,1598.2190264978842,True
958.9246461741043,9.581973473693561e-08,102147.92726583626,1748.3913730672627,True
960.7499576963629,1.0058865009691399e-07,99923.25396875778,1662.71004225547,True
985.7284221878431,9.661820264080298e-08,98971.54877349858,1687.7493505339428,True
983.0389580479266,1.0426672596637862e-07,95708.91199120056,1568.706187071009,True
951.1583065846182,9.775551833436324e-08,98062.77950080295,1728.2962111739469,True
1027.9224325314979,1.0410742864558152e-07,102934.29522159442,1502.0815355445231,True
1028.4478344921808,9.818182185171757e-08,102383.78861111915,1592.0163050722467,True
1033.7354479158298,1.024690585868138e-07,97303.54239174534,1518.4745141570654,True
965.497258063937,9.844687231412895e-08,99236.49948050593,1690.721608971337,True
1025.5706676227292,9.564686500401927e-08,101652.80265590553,1638.8659171959555,True
1031.294509277083,9.935128586279921e-08,97188.2527536794,1569.8135998785551,True
979.1148340646545,1.0311870983159485e-07,103545.47462289911,1591.242529843382,True
1034.36643654173,1.0480002886322183e-07,97657.31606025329,1483.747765809283,True
1001.3809177296935,9.790857454938976e-08,103461.89217457948,1639.0164225480066,True
967.4952607278825,1.0228811544480796e-07,99998.85930019208,1623.7820575956796,True
957.5321652506805,9.565048121953764e-08,100462.42651988781,1754.2818345337912,True
1000.9497336476378,1.0099786356576827e-07,102944.96564551392,1589.637104409614,True
1017.8258105363907,1.049315935127004e-07,102569.10058522262,1504.9733288780683,True
965.0121556465356,1.02478423996192e-07,99750.1779234767,1624.935802278324,True
1005.2404264069938,9.811014893545288e-08,96187.92757114075,1630.6149560660697,True
1046.8923897376706,9.841779020392416e-08,98369.75016149074,1561.140545629258,True
1035.5556966849663,9.615261711255227e-08,102830.53884371805,1614.4970303829593,True
968.8928367683062,9.562845750500981e-08,104515.28105302967,1733.663274010162,True
1039.3406832441076,1.0046419419567398e-07,95179.23305326639,1540.8757242776364,True
955.8142984086924,9.946183260578474e-08,98592.48289850338,1690.3638003302895,True
977.6616848358387,1.0416512900641286e-07,99908.55398953146,1578.1138763631209,True
992.9214162543329,9.691512175890521e-08,95951.158030672,1671.032044978005,True
963.57797388903,1.0472431165744984e-07,101724.68430605788,1592.1361639124577,True
1029.485945049139,1.0060493842907667e-07,100921.47822228466,1552.34463272589,True
968.8102118590418,1.0142293458624909e-07,100703.0602630145,1635.322440421147,True
999.3947524921034,9.604192494773418e-08,96219.45290427527,1675.3663825499284,True
1041.8798096096352,1.0159365925435293e-07,104393.0206032645,1518.6190185850894,True
961.4887210622147,9.997205357894158e-08,96457.18399228927,1672.264436005345,True
990.4331423519882,9.727456124671276e-08,103180.66917713964,1667.8024450550536,True
978.0308237245705,1.0270855931156132e-07,100637.9685022754,1599.7833887723214,True
962.2538722338091,9.982156439362717e-08,100459.31003024646,1672.808414490672,True
1029.796210577159,1.0008006033309781e-07,95311.4182289446,1560.9481179921188,True
1010.8139693177485,9.654918405078204e-08,96354.53560071628,1647.9064494630618,True
1035.0082322816004,9.585499369166696e-08,102755.58602710106,1620.3698088481021,True
988.4335362670217,1.0093328503596772e-07,103836.83391575632,1610.4705699737415,True
971.6873858608318,1.0174361065735185e-07,96896.36360279933,1625.9975308128978,True
1009.3076603838673,9.634619953613484e-08,101651.17357542543,1652.9239513497698,True
997.5591750942376,1.0222336252475683e-07,104253.8253460955,1575.6767246914303,True
1018.563418407259,9.684453353937885e-08,100860.2194987706,1629.7492302626658,True
1009.2944168700398,1.0358988972927901e-07,96037.2077619024,1538.244079432862,True
1007.1575435357992,9.797042550024762e-08,101191.98400802955,1629.0291826140042,True
1007.8535651065907,1.0039389197722418e-07,95199.584679403,1589.6041989995829,True
1045.5634425967735,1.0095846816728628e-07,104603.0039277029,1522.8125414869364,True
953.061333674815,9.844653257164707e-08,98251.3252865988,1712.7395093904504,True
990.2277887656717,1.0138978585375025e-07,96681.13523030376,1601.4608391744187,True
1021.352583680533,1.0168169395979133e-07,104310.0779280383,1547.5096989556098,True
1004.8719466630769,9.560993833861371e-08,96589.63256207587,1673.7909717710897,True
1008.5187120977839,9.643913230313313e-08,97403.05036246091,1653.3183093513885,True
1036.4718737330413,9.882870619954328e-08,99898.67955575559,1569.864582402923,True
1000.2747991511362,9.845533757813805e-08,97367.23280782058,1632.6773910503734,True
1034.346463381793,9.668730726089701e-08,99996.54948320024,1607.8807009178488,True
1017.2013583581987,1.0425665875063911e-07,95172.592962471,1516.793616038875,True
966.8833880894641,1.0079151049711226e-07,98207.25276770876,1649.2137353222715,True
984.9095850710496,9.797551891459308e-08,100642.27657031127,1665.4655133081992,True
980.5806865598126,9.606004884687145e-08,104895.73786853932,1705.4342594870589,True
995.9680503712005,9.827651209394756e-08,102949.85453851246,1641.7472336777894,True
995.4108545631783,1.0115125461699662e-07,99546.87035026425,1596.4951717285828,True
1027.190244969772,9.948534069042939e-08,103066.98695877544,1572.9575791134569,True
1011.5418027869111,1.0125770906901272e-07,97703.38758140808,1569.9340776445729,True
1010.8708258535912,9.728844602893157e-08,99348.9511505449,1634.78181492611,True
964.5848808037566,9.618701352335731e-08,99125.52014063956,1732.0838259787486,True
1019.6805923761569,9.591395904282292e-08,95670.61843479997,1644.668908678257,True
1041.8495530995976,9.887943686431664e-08,101440.59422636409,1560.7984528369843,True
1014.2447660997884,1.0296086667601285e-07,102004.82023909327,1539.2248842799806,True
966.6317309216233,1.0408568020396838e-07,103002.29561103697,1596.7052712869834,True
1044.2286421351896,1.0327184722555826e-07,104733.13199346518,1490.5660326170246,True
975.5665203993925,9.989055852524088e-08,101856.37336928416,1648.8404085256736,True
963.6157889934539,1.041045582871155e-07,104414.72357768429,1601.1649906840084,True
994.1981364293499,1.0212826131541937e-07,101566.12126126832,1582.8207896283736,True
1044.2982597602215,9.821980352604267e-08,98714.7957016896,1568.074749043528,True
1000.4295818831188,9.579538892873529e-08,102489.77901067743,1676.9020948427449,True
1005.790166669436,1.0202171777873134e-07,98506.93402511682,1566.8662567985507,True
984.3954339635535,9.861053790151433e-08,96574.43491505703,1656.2718568111795,True
956.0879081835401,9.995386987076591e-08,100698.72993142268,1681.2282010436527,True
961.2970808064573,9.845392186500096e-08,98970.57396451973,1697.9598527914331,True
1021.6316982554828,9.710060175432634e-08,101156.08722047917,1620.570883351061,True
965.7089702322415,1.0223544534765346e-07,100037.13283539745,1627.5889410743475,True
1003.1256017595232,1.0286140823164291e-07,104206.91789309913,1557.3025701773715,True
1006.7728102827043,9.94906684385743e-08,99981.420931335,1604.9355785894927,True
1048.859319519953,9.623972948723003e-08,97610.6111013917,1593.6400840867886,True
976.2147328603706,1.0175815675639359e-07,103984.20875657632,1617.1999722039297,True
963.4842203578846,1.0058640946479014e-07,97528.54485684758,1658.462131906324,True
1012.2563636828297,9.753698686232663e-08,97398.03893578326,1628.7356529393714,True
955.1272256698113,1.0151062423636587e-07,95523.15219934253,1657.938103329014,True
959.4630212219016,9.576266353329871e-08,99488.7906725996,1748.895710111332,True
965.1031086414054,1.028547546810755e-07,99916.68739459984,1618.8134311007987,True
970.4157230777906,9.957100805473984e-08,101643.34281542069,1662.861425674727,True
964.2569409295729,9.73262082323788e-08,102722.26788707514,1711.8088755102374,True
1035.5532805253758,1.0441242161515094e-07,99506.19778669161,1487.276882113791,True
1027.2081561567234,1.0244361509854176e-07,102784.15584041021,1527.5502329412284,True
967.2164375323507,9.595237769983814e-08,100508.33101740155,1731.410566414851,True
980.0806095733063,1.0153799177342486e-07,97888.45258053656,1615.311901057668,True
977.3121348761664,9.817067616798685e-08,104397.95847466981,1674.3712373358258,True
971.4259838924596,9.611897643056058e-08,103064.2198950985,1720.5825964450382,True
1028.6448680085712,1.0290580056696174e-07,97545.06476577903,1519.394715512297,True
973.6599607996253,1.042345110976091e-07,101834.8948877003,1583.1932214435446,True
994.5826077384297,1.0151688991498193e-07,95121.16575635548,1592.7893919362161,True
955.3675729582819,1.0194300970948506e-07,100011.31490227683,1649.761382032942,True
1019.0689015083523,9.69400935211135e-08,102446.20943953632,1627.0911585219308,True
978.633052065322,1.041263201771567e-07,104319.98473094757,1576.5033106805477,True
1048.9004592291276,9.731409915508346e-08,96544.04593935743,1576.1698801527853,True
1002.2206580659409,1.0162038923646363e-07,98153.98345427508,1578.6574028716632,True
970.6499171780201,1.0380365603281365e-07,95082.57841822387,1595.7170140402345,True
1019.4020842657387,9.641620722714254e-08,99550.84296555188,1635.8713164016817,True
988.7211237613121,9.876708692883314e-08,102305.33240011039,1645.550155474343,True
982.9517935537405,1.0088532389350062e-07,95873.74467510394,1621.3989270803922,True
1014.2748722410809,1.01260578479308e-07,103024.59755832833,1564.8718244879055,True
1001.4595714185147,9.655530703365333e-08,101876.02230067077,1662.1067242272286,True
1035.0203710690198,1.0285474198913895e-07,97714.20639372912,1510.8554289517397,True
1046.083028139336,9.820101713923606e-08,95394.85844199453,1566.2982508664577,True
1003.5344436201264,1.0492761445367319e-07,95535.28754274113,1527.3417708169777,True
1020.7123163389475,9.967002351787057e-08,99868.075000423,1580.4051594483062,True
965.6948566510728,1.009910828428169e-07,102204.4762724617,1647.3330752590914,True
1005.871709785573,9.960204653002788e-08,97279.80114857737,1605.0065787748104,True
970.6632831054509,1.0493963095372325e-07,104523.16935972545,1576.9811342759056,True
955.7341194951191,1.0478105882546114e-07,104600.54247680653,1603.8006457717015,True
996.0079508931666,9.914674573875572e-08,104694.54212881894,1627.0128336909463,True
969.2527098888826,9.744822447297287e-08,96157.46082151629,1702.0208827859935,True
1019.8879366713574,1.0233767817236812e-07,99211.75204163203,1540.5430331673658,True
1025.7118846725896,1.0188030051216705e-07,102193.80268439376,1538.3026182850674,True
974.800873453866,9.99574099698155e-08,101789.61051626301,1649.0298380877496,True
1047.8098321967027,1.0138307002190455e-07,96450.12190390352,1514.4845463179722,True
980.1120145498678,1.000061403181075e-07,103501.69375283347,1639.1208155348554,True
1018.0676463826728,1.0355037563072639e-07,97968.9221872095,1525.3924921514126,True
987.1334215718406,1.001996241192622e-07,101539.83467055876,1624.724935566834,True
978.1671671826324,1.012687305481479e-07,102686.71103399267,1621.9933978059285,True
981.2190606606448,1.0309045421531532e-07,101380.69212972718,1588.6156500814795,True
994.2815675062358,9.790955812624618e-08,96911.16251689686,1651.6525459572226,True
959.6251026569649,9.763769138553687e-08,96120.93022408808,1715.5971508285043,True
1030.6643183715662,1.0416932237361091e-07,101332.74953514096,1497.4695016051419,True
982.0270262729339,1.010827197398917e-07,102120.45462962789,1618.7364726786175,True
986.4148134967757,1.0148019413878231e-07,100754.29809318815,1605.5005223491364,True
1043.4273752676604,1.0067608496289315e-07,95238.69627030053,1531.6650599759591,True
997.6512287894054,1.020234591275402e-07,97427.06779717392,1579.6682787027305,True
972.0035480389732,9.702403971795064e-08,98320.1163490462,1704.2971886121886,True
965.1082037003766,1.0385746837146192e-07,100928.4435061484,1603.0221279740133,True
958.194182906662,1.0025079749235539e-07,104264.38484858337,1672.0594802136939,True
985.0662200632441,9.723723410066705e-08,97438.33177180502,1678.3812649870863,True
974.1404387907669,9.929971471899766e-08,98708.03599672763,1661.558205343314,True
952.3628261640725,9.696285175441157e-08,98545.46338274001,1740.1603667959457,True
1045.5733399272813,9.67246907502669e-08,99400.80091158982,1590.276575638687,True
967.2653201516074,9.923488879736061e-08,99824.30116573269,1674.1641723826945,True
1021.4453398329264,1.0288872561875279e-07,98358.82557499486,1530.114934235114,True
998.8272901789081,1.0491438469545193e-07,99641.82716606103,1534.0038992566099,True
1022.4248354233514,9.75747123337785e-08,97694.26487742625,1612.0294667919368,True
1037.6487579145303,1.0110571881466227e-07,102772.7404005997,1532.3462929450823,True
1014.5773857706635,1.019379306286398e-07,95928.8865800366,1555.1356263848763,True
998.353454252885,1.0043415069274304e-07,102480.21461314631,1602.7462870524016,True
982.7925615323229,1.0223184279978731e-07,96992.24349185223,1600.1124655232193,True
962.0067925787424,9.732637301315839e-08,97546.89513318938,1716.6172857227027,True
1011.1646614055063,1.0026729966484517e-07,101404.94743613644,1585.433645214948,True
1047.2172225794395,9.705025334381193e-08,100237.09409101216,1582.3421389186558,True
961.6548613926825,1.0347324980218399e-07,98092.10874549567,1615.1383214638047,True
1021.8102824619506,9.74724961899654e-08,100419.06303684066,1614.226934148272,True
1025.2755805989716,9.916685431570938e-08,98548.264535883,1581.641121985564,True
985.0933880407432,9.739598501108419e-08,95245.61630784943,1675.9859197839062,True
999.125431880326,1.0075813390632353e-07,98699.38218402992,1596.9606890676664,True
965.4651156356639,9.855093393178928e-08,100801.15276783184,1688.7394294559351,True
1026.664562890033,1.0182053195635152e-07,96777.21469156319,1538.647587610086,True
1041.8465435355308,9.86432143160431e-08,97578.03762554772,1565.1701952151752,True
1033.768746625755,1.013936264940244e-07,96337.08160089565,1534.693146929752,True
1005.1964444727805,1.03910446653834e-07,97760.38276608563,1539.4043092467828,True
991.5855738621106,1.0312694897801721e-07,103155.75982841765,1571.3483902414655,True
1033.7332541340445,1.0145892142500106e-07,100817.31412092035,1533.0339735441758,True
953.6711606563273,1.033423328342255e-07,101189.86607446206,1630.1106819023203,True
1021.9069478936227,1.0304412960715929e-07,103942.68160599726,1526.2807097745952,True
989.3323000276138,9.941916927332476e-08,96584.59571274577,1634.683713714462,True
955.1886183081099,1.0074927256835411e-07,96577.13145533,1670.1801854570708,True
1049.4254454938061,1.0469814242754074e-07,100193.20850745912,1463.7089078689758,True
1001.7662808671695,1.0378771649053346e-07,104685.73820291685,1545.410607743306,True
975.2469380483213,1.0245831057833883e-07,103266.19896408381,1607.8316764302817,True
979.5086384131895,9.863925971335982e-08,95483.575605133,1664.1578839185659,True
960.4176796400496,1.0203245505118165e-07,98440.37776556899,1639.9788122072266,True
986.6536634810743,1.0120805714637571e-07,100083.13053592668,1609.5362709811654,True
968.7256778936124,1.0178499612906894e-07,99149.37392629115,1629.889555352972,True
979.5924599697687,1.0074672915511924e-07,95041.15201368876,1629.2852271810648,True
978.8748551945623,9.850258551611586e-08,99423.9235016613,1666.864313509217,True
983.3429402337272,1.0170216428280374e-07,100694.4957586687,1606.961629929153,True
1046.7275243353881,1.0018689078052824e-07,104600.22976607204,1532.8510069914232,True
986.8739358550453,1.0175504548440628e-07,97206.6011163537,1600.9927738081017,True
1035.9935452996895,9.527878079861224e-08,95342.96918297319,1629.8981474367486,True
1030.800048460045,9.523660066286544e-08,99005.49555589617,1638.0988867477547,True
988.1940357886355,1.0429208747135718e-07,103701.98092752004,1558.99749094951,True
965.9235969249919,1.0484294605840796e-07,95335.41328657695,1587.5090232265848,True
953.1477269825522,1.0425481227679591e-07,96673.57132881565,1617.4271767353728,True
995.9650419582806,9.616668435415696e-08,99109.25902565087,1678.3939552452275,True
988.771972159053,9.960405497229007e-08,97754.62020627719,1632.3666557707563,True
977.4647979321259,1.0269816763272949e-07,104915.77409741891,1600.234958262332,True
1033.2601418658846,1.0150331407461506e-07,102364.71309134147,1532.8229181398472,True
957.2493366779513,1.0182535360846402e-07,96608.92507104774,1649.0019045900772,True
984.9005910200664,9.535083816513271e-08,100649.76746589068,1711.3242946413507,True
964.2886037109415,1.0197568059249171e-07,103966.92366308944,1633.5257381262466,True
961.6374910883349,1.0253038793312565e-07,102943.83343572868,1629.2743593503185,True
990.4112126555952,9.508481711360433e-08,95380.6106036129,1707.574942272073,True
957.3599952434353,9.834124694535367e-08,104739.76149925264,1705.9281060502942,True
1044.1320201003198,1.0117597070946895e-07,101445.4404236624,1522.0695121126705,True
989.2002564971322,9.999157430642935e-08,102197.55613012204,1624.6355626164434,True
986.5509051754981,9.894362658325729e-08,101407.8434194796,1646.332085376664,True
1019.6697850914823,9.879388051958026e-08,101799.31563946427,1595.7284662358045,True
1021.1230787048697,1.0198100709670552e-07,103925.17752935257,1543.3666174875686,True
961.027618712704,9.679931860580896e-08,100998.33305209174,1727.1293330367496,True
1017.7205770283244,1.0084953633430034e-07,95033.98472683974,1567.2699641090219,True
983.9892224219537,9.909901888446055e-08,96719.12340307841,1648.756357326715,True
966.0911600002213,9.949185757029148e-08,98691.93823514551,1672.033987104278,True
1001.0880936153792,9.526762056309768e-08,102806.90237310261,1685.0431529891018,True
953.925176739153,9.502503552342217e-08,95765.98569879611,1773.2598641021834,True
1033.726408576091,1.0242098934479924e-07,97864.92908407089,1519.108715679847,True
972.8783765925787,9.504576347938309e-08,103944.06416103401,1737.2997203260618,True
1009.3189344899827,9.504766387264566e-08,103244.01587701177,1675.2334302716688,True
1015.3911387149345,9.525955424619794e-08,102241.1586780541,1661.7667485819816,True
1043.7409830144488,9.517600999078314e-08,97651.23262029617,1619.262306805775,True
957.0494912244739,1.0367420038210985e-07,100165.36293225955,1619.3655402037912,True
973.6736790670252,9.870434124299893e-08,98575.77806472727,1672.3959459442947,True
961.278583383122,1.0303697470828687e-07,99378.18134347591,1622.4020283088053,True
986.2177017980838,9.51510753136407e-08,99789.85153706292,1712.79219679494,True
964.8653446812228,1.0468850208263857e-07,103814.43027050023,1590.274838131904,True
982.4032839828751,9.941622656229114e-08,102782.29970529147,1645.1457040848718,True
954.1787815025682,1.0215500174443286e-07,104192.64756988068,1647.7443704003217,True
1033.8531234981488,9.5154316513789e-08,103310.55864055343,1634.0196636495346,True
955.8341531387483,1.0230606807511943e-07,97449.06042575059,1643.5209250325775,True
986.4803592971306,1.002027009775023e-07,99815.59879177455,1626.0104565073698,True
976.8625844455872,1.0129964261868067e-07,103847.49946844722,1623.4724649243274,True
952.8666975985841,9.988697128642607e-08,104729.05888700346,1687.3790581982153,True
1011.6547702578895,9.77412129623383e-08,95948.18214623615,1626.541689602345,True
961.0981791842796,1.004540159161841e-07,95916.88946946996,1665.0032912459885,True
985.8919202336057,9.955140059065712e-08,95771.46590725466,1638.292017916771,True
1036.4884567842814,1.0106575517187208e-07,98188.07948350444,1535.3665950585175,True
1029.3246610255646,9.823498601286065e-08,102653.56021497028,1589.7711903574689,True
1015.2431303897342,9.709022952040647e-08,100122.09772858932,1631.0081640774522,True
954.965809730376,1.0215506286820592e-07,98858.44740840797,1647.204555615276,True
953.7466741522035,9.955857418519423e-08,104416.16587939495,1691.4427560049744,True
1036.601641916945,9.606205908269185e-08,96983.64984691764,1615.3760366759168,True
1025.9179135923246,9.606825750151087e-08,102904.60430076241,1630.9322010750816,True
1038.7131695161893,9.864508584617986e-08,98314.11326715785,1569.6882189283895,True
1016.7653742322167,9.972289440392407e-08,97128.21493326225,1586.087686631473,True
1012.3995876400076,1.0080573132315433e-07,96457.30060757151,1575.859425774859,True
1013.0221353066979,1.0144832448570688e-07,97527.11085105056,1564.7469117047601,True
1002.3425430585078,1.0020068029285242e-07,100088.35909703404,1600.5193880182494,True
978.7133502530786,9.512839883003195e-08,97094.51098987294,1726.6734346740932,True
968.264346752343,9.836171223469248e-08,98692.27142009331,1687.4860215415063,True
1036.0212387364759,1.0048433750203646e-07,104965.63170641645,1543.8980304214797,True
956.9667711317902,1.013918802484401e-07,103859.18176710609,1655.4017027560244,True
993.2905953140006,1.0070261256163762e-07,101940.47735604666,1606.6241032443318,True
952.7148646284214,1.0194187479558285e-07,100382.58460628375,1654.2721400005557,True
1021.6937177237947,1.046343859182422e-07,102679.87688650082,1503.5745758599137,True
961.1230148800295,1.0139241680807877e-07,102683.9625931828,1648.4727573603548,True
996.6421902970955,1.0450124981774999e-07,103134.30771483379,1542.8938626358843,True
1021.6737407977959,1.032899942356187e-07,99776.22575499772,1523.6108525936147,True
957.6198069240567,1.0411102738841096e-07,98897.11795737992,1611.8154673658669,True
985.9488502243908,9.77752061655198e-08,100131.10484381666,1667.218055947226,True
1017.7096904335494,9.827042822665909e-08,98580.8071795935,1607.8068506608793,True
1027.8287869635406,9.973583656630804e-08,104474.59667861261,1567.8332140145287,True
969.6893684480132,1.0358551912483078e-07,103159.59609932233,1599.380165557405,True
996.8550486894788,1.0257298652185449e-07,104451.50794121387,1571.3764715489683,True
977.115516000567,9.584953768916725e-08,98324.89098156303,1716.2428852776548,True
1038.0964210793102,1.034253161044579e-07,102495.18858154835,1497.3802342005756,True
992.7406224511792,1.0035417738517033e-07,99968.74900223133,1613.3937685588596,True
958.0207571895075,9.525281082184687e-08,100589.63630949214,1760.6948029781454,True
951.8125523547826,9.80170005231756e-08,104910.98337390728,1721.4313087291887,True
1029.395670122523,1.0219150776363096e-07,104764.96546206712,1527.810300482241,True
956.0195745757659,1.0004613733740761e-07,95525.91979366787,1680.6520820147723,True
973.0838482154526,9.572364079119783e-08,104886.69799310758,1724.4922248967953,True
957.1276695296528,1.0400759057187265e-07,102442.8235652469,1613.7045307829114,True
976.9026611034425,9.874010789145136e-08,102698.37862731115,1665.6619955176227,True
951.1177691462716,1.0210157949127382e-07,101285.49075997705,1654.293537671491,True
982.1217020320283,1.0014886354682337e-07,99566.82565777101,1634.0737948040487,True
1044.459174401975,1.0022470867042643e-07,95725.62210503017,1536.9748761777366,True
952.5964638959995,1.0030086218947265e-07,96160.16221377018,1682.2386404599224,True
1005.409121574679,9.850118335661755e-08,100594.80876374747,1623.1360836051556,True
1044.014919589114,1.0047757731197662e-07,96575.74343510573,1533.6064977958752,True
1000.1386584799341,1.0136597445027748e-07,98218.6082900444,1585.870349659369,True
1000.7565660403121,9.87313947266147e-08,99328.87757071179,1627.0095868337821,True
1010.2796521451934,9.569327762520872e-08,95066.55193302722,1663.7498363807613,True
965.7294606467244,1.0008768905681819e-07,96774.66999971947,1663.015894706541,True
964.2688040520823,1.0483826523732655e-07,96584.67447887063,1590.071075773755,True
998.2779266095065,9.840403686356042e-08,95311.72526462338,1637.1211328306113,True
1026.4584931611735,9.92116740308064e-08,96689.82257265889,1579.4363473840497,True
1035.955205560445,9.851706500542566e-08,95940.83146751135,1576.2750498584296,True
982.3687247118557,1.0286424225041479e-07,101644.29492557755,1590.2242636476894,True
972.2498099453416,9.595728518994767e-08,104415.82525725757,1721.8267833002456,True
1015.4614948517369,1.004134006157773e-07,103353.53212333625,1576.1994398128043,True
1033.8741645963132,9.564752931634974e-08,101841.20870321002,1625.7933599894977,True
961.5531317578889,1.0023835896204622e-07,104951.29649745008,1666.3788392704764,True
973.9469406444477,1.021890209386377e-07,99004.78181527821,1614.8494316064898,True
1048.1714937069273,9.97979117804348e-08,101630.43002236125,1537.1721768581174,True
969.8913079496564,1.0071247093916895e-07,96234.98798595212,1645.7690163503044,True
1000.6157649195484,9.754517798408674e-08,102252.31264929165,1646.5549301999238,True
955.9142829178803,9.867217231885553e-08,101559.28955668109,1703.2371331171848,True
961.3476634137942,1.0463431547909081e-07,96220.87351412754,1598.023070408398,True
1006.0414820145527,1.0202566744961994e-07,96101.322935631,1566.8145634429418,True
955.5810871371586,9.73343140111195e-08,102023.10410057634,1727.1713410669925,True
958.1209413989479,1.0282515038061981e-07,97660.515150237,1631.324756082772,True
1015.160371629361,1.0057871600383008e-07,96670.14476026167,1575.129469785799,True
967.0239725520394,9.924488417723114e-08,103197.74875093934,1673.8841973238816,True
1042.3295876522125,1.0026636790719958e-07,102304.193894125,1538.3750110364865,True
1029.4918340869783,9.75344897912895e-08,99602.43349005198,1601.418501123916,True
957.245336694194,9.619108589065628e-08,99823.71220544244,1745.0457164144445,True
962.457932872872,9.654614111641911e-08,101529.72065520601,1729.023868407415,True
1008.2089868932302,9.659075529502375e-08,96535.00590704096,1651.3770437098854,True
1028.107397722058,1.006874164895459e-07,97203.64799284338,1553.7308568457331,True
1047.5920219911147,9.50704778776331e-08,99847.50598234366,1614.7865279077173,True
960.7337994234334,1.0353060526310052e-07,98691.98136300017,1615.6808476369172,True
969.8646317402277,1.0231157049524976e-07,102576.80005734373,1619.0908780946272,True
1038.7431228629905,9.988375115304498e-08,95129.45188583276,1550.7207440574873,True
994.8562738124513,1.0211535660179021e-07,102169.67306013229,1581.8930855915992,True
969.9106339584138,1.0370000268161152e-07,100281.1036091381,1597.680448651588,True
1021.0071869221573,1.0296581585460736e-07,103676.39725975033,1528.8127135063683,True
995.6006104616329,9.754182256965113e-08,104320.98617439147,1654.5092629525352,True
1006.4837208162953,9.516040332055965e-08,103319.67704706862,1677.904691053125,True
1011.0985696692755,9.760080545926646e-08,103606.92466018458,1628.511991293802,True
1022.0137566562111,1.0103127333013699e-07,98551.37247220063,1557.3569424369662,True
981.024698842641,9.502716451796153e-08,102780.59809516731,1723.5267733012497,True
968.6949871078367,1.0102979607879994e-07,97175.38223335998,1642.4472916485815,True
1002.3951248192502,9.681903779816029e-08,102464.35534620924,1655.9545820792334,True
974.5276204592645,1.0077998232300595e-07,96645.71687007601,1636.8503682364158,True
1033.722800457225,9.575226179435772e-08,102439.19899283945,1624.1552244136317,True
1046.3143132458786,1.0088529916957112e-07,97636.98595036218,1523.9102140087246,True
955.9507562707204,1.0282115536122024e-07,102239.09274803012,1634.3459172560433,True
990.6702453730569,9.505407873333688e-08,95221.20536090416,1707.714483606644,True
968.5840070069995,1.0382919630448964e-07,96578.6585600295,1598.4430732116618,True
995.3167357045437,9.588904860348903e-08,102830.04521946759,1683.733072209905,True
1008.0843862467876,9.867604657109337e-08,104996.4092467889,1615.3302682497879,True
986.5036039497779,9.919697518938377e-08,95586.12849662859,1643.168960610963,True
1032.0805082813138,1.0269058810897328e-07,100938.52447917261,1517.029263836784,True
1029.9896247628772,1.0203515423200193e-07,99207.33744817581,1530.111712400061,True
975.7204368541762,9.748744455390732e-08,96257.43569724112,1690.1534599672962,True
1022.9785106141316,9.64857336352268e-08,97743.31985402621,1629.3418366477172,True
978.4811748485783,9.723682841523105e-08,96453.61691950612,1689.742038420125,True
1019.9419312054572,9.835922722775413e-08,95437.4324228204,1603.4161960803544,True
966.0540027997978,9.577238510714473e-08,97370.6783452894,1737.2647251667147,True
1007.7986526912495,9.658850775369446e-08,99412.62309544261,1651.5868240842317,True
1009.5394862225622,9.956421856210075e-08,101764.32407679093,1599.1185559163378,True
1015.3353844438682,1.0126886240016427e-07,99425.93838287119,1563.6775169019731,True
1013.6388080330873,1.0304478145337063e-07,98248.95898234718,1539.460602749689,True
1019.7268955779473,1.0093612127432523e-07,95942.35985809774,1562.7201165965757,True
950.0002702367545,1.0043602103352121e-07,97147.5788991596,1684.3533796427614,True
978.981661141469,9.75498842710337e-08,97180.0470992561,1683.3404679299663,True
980.1759810810165,1.0161731173468375e-07,97117.84348358949,1614.022494363627,True
956.2914410276758,9.626114697159246e-08,97876.206181226,1745.8280795063797,True
970.0065972174616,9.750396556144552e-08,99059.74179455696,1699.2416686737174,True
957.1471005008874,9.899928105008069e-08,95190.5712167035,1696.502298595899,True
1000.136890351535,9.990328839380966e-08,98602.98046998284,1609.0286975258468,True
999.3167314401832,9.692277386361855e-08,100164.56199262262,1659.5965143199378,True
1029.0362730216082,1.019441539135745e-07,98698.74085813526,1532.9629159679164,True
972.3846045032577,9.823151337294602e-08,103947.28635829913,1681.8024714340636,True
963.505666601512,9.518802395090912e-08,100400.04206496154,1751.9893222125552,True
1007.396672780529,9.581165791889652e-08,95919.76179902465,1666.244211782835,True
950.2447712089867,1.0277873520336691e-07,98308.49212515514,1645.352985735601,True
954.7300197711781,9.766795075880282e-08,101806.23615529618,1722.8254356135208,True
956.4983229543349,1.0243495519965625e-07,97552.94596907933,1640.3072974698432,True
1040.9995275190397,9.947492301141857e-08,101778.80572574405,1552.6566007811457,True
977.1915449178802,1.0079738445750472e-07,101833.85612116696,1631.3185076473108,True
1021.2073840549225,9.565302420204221e-08,102755.44648554114,1645.5166937489087,True
1012.730589031118,9.53948764601668e-08,98124.56632029754,1664.410614553134,True
996.5187032708907,1.0181109254751152e-07,100764.60827317643,1584.2126127553126,True
965.78326576935,9.830527935098202e-08,104722.43437859799,1691.8056014869405,True
990.2246037776375,9.800571701077074e-08,99121.29390535275,1656.349933931585,True
977.7441968061298,1.0435602187892998e-07,95255.39438328636,1575.8411618854295,True
958.3778845170027,9.924249830755894e-08,102043.18505454881,1689.061522703069,True
987.2839902964855,1.0192465591362003e-07,95274.7767870954,1597.9971407200771,True
1032.8661776976137,9.857411003111354e-08,104073.97140938614,1578.708883296581,True
1022.1443447912537,1.007474872787398e-07,97668.54850396526,1561.6911261744938,True
998.6537144181178,9.716778395177252e-08,99372.37973877563,1656.6303646238707,True
1016.1038726773195,1.0126576610599262e-07,101543.58413594271,1562.2249696697531,True
963.2490223148862,1.0408697187407103e-07,95391.9566152764,1603.4248366134414,True
977.518873459109,1.0076374370702008e-07,95287.42425443894,1632.3874859931461,True
961.6634324309854,1.00341923981011e-07,101438.82229404377,1664.9930449676258,True
955.1056731041774,9.50675837870632e-08,102153.76803818636,1769.203961543745,True
1005.7639116710088,9.565060440698826e-08,101771.18084387318,1670.733782653686,True
960.6932552729488,9.938422457557561e-08,101507.75878406415,1682.7084395285826,True
1039.1109662531974,9.988221089946463e-08,100182.49577854479,1549.3567786825429,True
1033.5699148981141,1.0105139887662964e-07,102531.18251250159,1539.1960756802678,True
1018.5810150470431,9.503453687329372e-08,96470.50685750828,1661.516040948191,True
989.3883701799416,1.0405151402805559e-07,100348.76757254629,1561.2263790255201,True
1042.9382629900697,9.562921750691368e-08,98745.28652879212,1612.6267177615218,True
968.2783566056492,9.556414620980661e-08,99686.0907657263,1736.6927408691079,True
965.6948496584436,1.0426184212617495e-07,97795.29566677284,1596.328603488778,True
1022.9316561830829,1.0480261870895139e-07,101739.25840575302,1499.4989365224353,True
966.0995832606628,1.0470925090252613e-07,102196.3571374035,1588.1789840734646,True
994.6661536541338,1.0338135917426101e-07,97341.12364754209,1563.564527321261,True
990.3219988165017,9.94692529915733e-08,102910.24074985365,1631.2260725398774,True
1001.9131540037971,1.0222699891237725e-07,95716.72467366929,1570.1703930575295,True
1006.6063206558078,1.0066702690365289e-07,96647.40469005532,1586.98611141305,True
985.9960956271166,1.0219061817154274e-07,99671.10606484256,1595.1776483045896,True
963.8005538071352,1.0164541828798885e-07,95754.58638472068,1640.9472213928086,True
992.0794721537628,9.586027385892952e-08,99637.39328527871,1690.199010374691,True
1045.3516144445841,1.0367103136808253e-07,103754.4031904069,1483.3855637098843,True
1019.3054372235671,9.901166432828012e-08,104353.97521975687,1592.3954715283915,True
956.2444860413758,9.70697760939919e-08,101479.59078009201,1730.7740125244325,True
975.7970460163461,1.0083789759174439e-07,96620.3424007692,1633.8076187940976,True
1046.828928954149,1.0336196042650365e-07,98346.29520665597,1486.558537034388,True
1014.732006259595,9.694491761946857e-08,100862.19353629446,1634.1471022474716,True
952.3362762713225,1.0265552561402579e-07,100310.66246807572,1643.4298031604817,True
1045.2714796472617,1.0299970304923569e-07,103633.75232331888,1493.1845890360323,True
1020.1435655002911,1.0210543208973212e-07,95448.71653956953,1544.2835431907447,True
957.972878615333,1.0007874387610304e-07,99460.22708698463,1676.0541966315338,True
1019.6618275882623,9.600681886039436e-08,100464.95293655652,1642.2811684455532,True
1012.5267363691379,1.0034026061439776e-07,103838.06264553733,1581.804134856812,True
1038.2429880165919,1.0324576600113579e-07,103717.62272994225,1499.597371659219,True
988.9095632952182,1.0174302987742557e-07,95286.3717854927,1598.2433055624974,True
986.690445185043,9.779446038164418e-08,98588.6955003552,1665.9034689744453,True
1014.6902776089563,9.760554793355107e-08,104290.99629023879,1622.6211645317458,True
1046.3031786322306,9.889243781933823e-08,98070.97768236787,1554.563184615474,True
1049.3268957676871,1.0119971339495779e-07,103403.16535157907,1513.9621503471456,True
987.9419716250962,1.0157949047707015e-07,97653.30753372124,1601.9696082944247,True
992.2580914704106,9.70340660491827e-08,104683.08998026095,1668.6621151413378,True
995.1885695924498,9.518619048137065e-08,100142.37376842496,1696.8185630648848,True
1030.3498059759354,9.869545223646123e-08,100147.76429946082,1581.1883951277264,True
1004.9657273873518,9.852865684341766e-08,96361.07113154353,1624.097852832631,True
1043.0548099162245,1.0164503494679511e-07,100550.79294075073,1516.7316216637728,True
1013.6869716315724,1.0387067795800379e-07,101655.56981913792,1526.625596352652,True
1031.4666650254035,9.500786960145359e-08,100999.68235133948,1640.6582411309769,True
985.2467796046608,9.535635237490407e-08,95353.14876369754,1711.5510134885585,True
1019.2816992435143,1.029260112241376e-07,103667.37302560627,1531.9690485018762,True
1039.8313728285032,9.792651501013768e-08,96219.16481849001,1579.8836913239668,True
954.007105379942,1.0363439684481456e-07,95870.80182690975,1625.791644295388,True
959.3321604310555,9.581762050113364e-08,97332.78851376282,1748.4985865971084,True
1005.199900186454,1.0342257151693905e-07,100511.59726552623,1546.2300018513045,True
1021.1715526225007,1.03658482157199e-07,96566.54251036311,1519.445199406459,True
1029.239187407786,9.706755612207682e-08,97492.69381940582,1609.8691442246964,True
973.9340830978396,1.0182605078872792e-07,104937.21318413323,1619.7344261001365,True
1006.3401611805327,1.0180175956779235e-07,102021.84602764843,1568.8554066942836,True
999.0116210361847,1.0160725890211403e-07,104061.75101725667,1582.9758005209044,True
1021.94647757856,9.610714300435689e-08,104081.51216276524,1636.3632890287367,True
970.5004202774475,1.011998483924072e-07,97990.81092584005,1636.5324901503066,True
1013.7961672790627,1.0277038472488603e-07,100090.15430450816,1543.043860058056,True
986.9987982311992,9.912166099962468e-08,97625.44470911083,1643.2499655462682,True
1017.7817199667434,9.909327706256183e-08,101242.83997883738,1593.9159034586467,True
1014.6920843985106,1.0172920014015631e-07,99141.62412679668,1557.6236865636554,True
1007.9367235557719,1.0215243099836302e-07,96883.20265588055,1561.8274559399658,True
982.2243196197621,9.691040994333215e-08,95266.97742593061,1689.2493789212804,True
954.7893954083991,9.693211505886051e-08,95519.03833243393,1736.8584440531986,True
1031.1476188598158,1.0369195526636113e-07,98204.5231642718,1504.1479044316573,True
975.7868338380089,1.0470592877629173e-07,100553.38973131467,1572.8527013376367,True
1012.3984247968905,1.0414878631081949e-07,97434.64770831712,1525.1189880918894,True
1035.6922216570672,1.0202162746103558e-07,101007.99707268304,1521.6948199620892,True
1015.6379922240395,1.0344255666364694e-07,99439.0386621252,1530.3655842245435,True
1037.8328482461156,1.0294408561810088e-07,97920.70907226136,1505.462898146076,True
978.3482842790382,1.0079109630139168e-07,100659.9229560458,1629.6905632834525,True
1002.4044292674355,9.766401701130656e-08,103843.82369785427,1641.401067171894,True
1043.3610234346963,9.754795879562832e-08,103317.48223706995,1579.5417227235575,True
968.0049253908683,9.586817900470173e-08,103378.23144853613,1731.074574134198,True
1022.0080335550699,9.97980301802681e-08,103848.18923416843,1575.7851718287627,True
982.1063887813834,1.0272367199798915e-07,99396.36729135606,1593.1663885798716,True
1031.2939607450026,9.754433028427147e-08,103219.38776109483,1597.9134439016152,True
1036.1950311036367,1.0227194664457644e-07,95159.27228708142,1518.1881611634783,True
1021.5025755172677,9.503273569476852e-08,96559.0164781045,1656.8291415279941,True
984.6840165219284,1.0199839687109871e-07,101880.79832602672,1599.9529987300566,True
1018.6309673905911,9.925841078831085e-08,102941.32802369131,1589.6893764608806,True
962.494425469758,1.0362279347487072e-07,104076.29039206811,1610.5139743175457,True
1038.022137729224,9.706146559236579e-08,104996.23038352534,1595.2881648653222,True
1035.7586969261413,1.0203124875170785e-07,104405.35309730083,1520.9521500218448,True
972.6149760319256,9.813141022287189e-08,96722.40417451116,1684.2884812824325,True
969.5592697538128,1.0308609762417466e-07,96927.96524185948,1608.3045235553818,True
983.1180231269186,9.776451561015787e-08,102983.18008509398,1671.704466387659,True
1020.6993994915821,1.0055171175838322e-07,97548.22075616583,1566.9439086567377,True
1013.1135853041651,9.807918283707872e-08,102248.96843315108,1617.5849434982435,True
966.520821736059,9.751932702668564e-08,95857.29678705953,1705.592376645245,True
1000.2429919278335,1.0402185331848652e-07,101022.02791411188,1544.7881565997382,True
1001.8937046305618,9.781710914984823e-08,102230.2267137115,1639.9068662520592,True
1047.8828339643194,9.612425746825599e-08,95357.2971745246,1597.4263526850787,True
1042.3715331532765,1.026762990201802e-07,98072.4745635514,1502.8615055609112,True
1021.5484722605847,9.57155804957048e-08,97734.16433903814,1644.7289602599822,True
994.082334599574,9.525845432900636e-08,102307.09190541934,1697.0465820292359,True
950.7181815152582,9.72023489593765e-08,102726.19781514442,1738.1707137235,True
1021.4313681736429,1.0288466878936175e-07,95215.5746087465,1530.7151744014707,True
1035.2716458672398,9.916602396240244e-08,104472.2997510096,1565.616475200083,True
1037.9861360072503,9.929194220402267e-08,101956.49248540054,1559.9606018791449,True
1027.0394498114115,1.0259221023808085e-07,103998.38916786062,1525.4095804505312,True
967.6412877293003,9.77978626201373e-08,100616.91758128078,1697.9819452829197,True
1032.2226524055002,1.029105860739075e-07,99882.65079081173,1513.7418394576775,True
1048.5836604324013,1.0307914334514411e-07,102242.26952967912,1487.5707440380916,True
990.5504734525288,1.0087577232560647e-07,104366.91322074644,1607.9003037561824,True
991.7319216674272,1.0200118663281465e-07,100400.70733430219,1588.873836901192,True
952.6735672608596,1.0476105060281693e-07,99766.80591547597,1609.917330046197,True
1014.5736209826355,1.0038310909093492e-07,102537.36955279473,1578.163531708872,True
955.0270404548986,9.868596948413784e-08,103626.49873098229,1704.2495981529112,True
1027.1796414081953,9.920568768622371e-08,102220.60546591041,1577.536626928222,True
1006.4732430508241,9.964873980118848e-08,96027.12298493224,1603.5196898936213,True
950.9427556367009,9.542455871588691e-08,101179.98692208834,1770.3872098636477,True
1017.288645247572,9.538084747642972e-08,98369.87617456804,1657.2305659609283,True
969.9048420682145,9.623732613422805e-08,102433.35422476297,1721.2354778383835,True
1045.200833451716,1.0452405715327916e-07,96617.95209347847,1472.5736952682687,True
961.1766090429179,1.0458581829780002e-07,103789.44139717321,1597.8925019777341,True
1013.5714450811096,1.0182499187914561e-07,96934.52962119346,1558.2204300158044,True
991.0142045355076,1.0164467867542916e-07,100934.09294847194,1595.5076728583829,True
966.7614125894916,1.0247386854969413e-07,100987.28430656814,1621.9051869382208,True
999.031697946113,1.0352187550844491e-07,101631.47755087927,1554.0213333107695,True
1038.0956630422027,1.0282362069455339e-07,96099.57672446383,1507.148620672918,True
1016.6226156569495,1.0222490008198788e-07,102194.00972682901,1546.6878337769426,True
992.7371153670432,9.744813284426311e-08,100641.44642312302,1661.4041201350644,True
999.7888873133952,1.0493178044352649e-07,99722.97986779985,1532.2766822927947,True
1030.0400564802333,9.898284133066459e-08,100137.48085710472,1577.0684645381764,True
964.3543884995623,9.566139984127719e-08,99397.9640886408,1741.9670466952239,True
1028.1951779053975,1.0233894108735848e-07,96314.72368698634,1528.6755923908972,True
984.7600611081898,1.0119355787770138e-07,96247.02991980278,1613.458442476869,True
995.3473942333837,1.0205959968054203e-07,103698.01381668344,1581.7589201005596,True
1019.442840799853,1.0109820375965982e-07,98065.8642049508,1560.2895919579619,True
952.9963891240706,1.0352873780816442e-07,97187.45298990696,1628.9426667893533,True
983.8057457796564,1.0487628215565927e-07,98006.17720540377,1558.0137765305972,True
992.0853379364506,9.5568659065836e-08,102962.57055329003,1694.8067170224974,True
1047.8590577608861,9.740005743883868e-08,100037.97584589165,1575.735986766171,True
1041.84712332271,9.59044182510734e-08,98741.70317091413,1609.6663213407876,True
1038.0181190170542,9.635720636831707e-08,101438.49104881597,1607.505767122603,True
974.9598352605643,9.513846881633587e-08,96990.01397959908,1733.0897519668072,True
1000.3945689054334,9.555123808123394e-08,96551.47466068403,1682.2447122350998,True
1025.530238392791,1.0224410890459825e-07,99667.36839542683,1533.4838930304263,True
1042.2450876132993,1.0011285761678565e-07,96042.3503585373,1541.870723824961,True
1019.9485406388686,1.0481531344611785e-07,98815.8882354914,1504.1003658159343,True
984.4034455606239,1.0162728611450615e-07,104976.71549556243,1605.7954891641634,True
991.9552219469855,1.0018632592183185e-07,101694.79280622816,1617.094120211411,True
954.1139466046384,1.0244801122695399e-07,104788.59520334541,1643.0575301706058,True
986.3712565617901,9.881232278570966e-08,95685.15535676666,1649.7670509630982,True
953.2153612290457,9.700445511732797e-08,100285.89743886491,1737.584300508616,True
983.5980125821733,9.8901679329556e-08,102683.5468810831,1651.7301616774873,True
1024.6675237775578,9.546582193255184e-08,102461.93822727156,1643.27716253399,True
971.4275765046823,9.609836046375444e-08,96804.81520520762,1721.9879577796871,True
951.0014936494085,1.0205837493893268e-07,104597.55855802244,1654.7067896391559,True
1003.9398533778334,9.628955912924974e-08,99719.14545569368,1662.9673054656807,True
994.724165797282,9.613178172582399e-08,99070.4513450313,1681.0835213123785,True
973.2328991168986,1.0474275610685359e-07,102491.89953916935,1576.100216473899,True
1041.44047618496,1.044386873139743e-07,104806.8482604076,1477.8095008137452,True
983.7358497101022,1.0037240266846982e-07,104835.62720737525,1626.9850349622977,True
970.4117267775058,9.561763074734952e-08,101743.2881738114,1731.6045626010016,True
1046.8195630312077,9.949601324848666e-08,100078.16777869934,1544.0514119337138,True
1041.2027570780845,1.0038752492580429e-07,97489.54650190337,1538.9298040841245,True
959.3003767877083,1.0007647421995832e-07,100331.28623562989,1673.6561072743405,True
1003.6131405340136,9.628344988876785e-08,104135.73477808939,1662.9057812414744,True
1043.6908705825933,1.023875423641688e-07,102587.26925327427,1504.5172817340908,True
1030.6343344270576,9.787914669931028e-08,101117.29605862334,1593.784044561878,True
973.983017087214,1.042456095614562e-07,95898.34928528722,1583.4326598542984,True
1045.5679687909073,1.0355049425279369e-07,102567.06589269786,1484.9795304302136,True
987.0243502549084,9.817671265072087e-08,97896.9651721899,1658.9776289770166,True
1039.9558318634822,1.0105384205903216e-07,97643.97029419137,1530.5707043382101,True
1028.8503818055558,1.0087731847850096e-07,104327.39972668437,1548.5894661776601,True
960.6524484891072,9.940717944505017e-08,101760.00966512457,1682.3515660470805,True
972.2693304153466,9.925413569847313e-08,97171.66018206485,1665.745899914042,True
1031.8508373619175,1.0225543035318109e-07,101359.34865833631,1523.756774612387,True
1008.3690892466212,1.0025082483064426e-07,100673.46202945145,1590.1606699589092,True
1042.16725809093,1.0219996998663067e-07,96810.28990204465,1510.3658365982915,True
1003.3662657852814,9.632795568445528e-08,96926.07139472714,1663.7227027712377,True
979.9568853781859,1.0210672614382036e-07,100758.00795721273,1606.0619179728758,True
956.0578662032408,9.698527750154248e-08,95582.10733543213,1733.6146917029744,True
956.4145330792668,1.0252048641409723e-07,100219.34830963613,1638.6576131167303,True
984.079495487951,9.562735421164728e-08,98687.62287513664,1708.1145680229492,True
959.2103353536676,9.52109502909104e-08,99757.58382422142,1759.4436172045328,True
953.8463055669613,9.747854135306707e-08,97092.75657826757,1728.5359932539047,True
985.1356282207764,9.914496242612416e-08,99275.01942708631,1645.6665600532071,True
1018.623078113355,1.0110869526936623e-07,102105.94108045366,1560.7352084393858,True
951.9627074831242,1.0192635207600684e-07,98588.67147025575,1656.1020850451857,True
1048.4688547668115,9.649405688525301e-08,95599.07015592739,1590.3809444998078,True
982.2422113072291,1.0203112986370106e-07,103293.85514404383,1603.1683276390845,True
953.5408956121183,1.0275867104539284e-07,98699.07946384697,1639.977726004284,True
961.4878469925811,1.0329277733566131e-07,99055.39120488669,1618.0858447860057,True
1010.3379436949673,9.600756065360707e-08,101688.86783886877,1657.073246973833,True
994.8804627795374,1.0164349343932013e-07,97964.29773940628,1589.8563895936718,True
1027.4423926354025,9.716596115316067e-08,101817.47846542035,1610.308222864732,True
987.6584923692793,1.0241264467626656e-07,102411.2112347533,1588.6493034526754,True
1006.7888326650769,1.039409215142078e-07,98109.96253639681,1536.4878433246522,True
995.2748735719528,1.046176046345848e-07,100326.5995958612,1543.6876951621127,True
998.1255373446137,9.698310718502322e-08,101971.04186930704,1660.2336604047184,True
961.850467590053,9.724980949820048e-08,97230.4581762872,1718.2998441397585,True
969.8232437730854,1.0207991679971115e-07,98627.05387530282,1623.4424451770244,True
1048.0993790690525,1.0004142318424462e-07,96011.51856731143,1534.4510733036652,True
993.0184515036902,9.79098836066993e-08,104947.56477261071,1652.4421830152698,True
996.8834660079654,1.0162727618909523e-07,98702.6254298289,1586.8276785114638,True
990.4894661966963,9.778197263913182e-08,96130.518669211,1660.2113260302772,True
1028.3664437773793,9.640437057124797e-08,102960.03254445076,1621.4058363306965,True
980.4266823299216,9.825677517907494e-08,102520.7670823405,1667.9230677720025,True
1031.707385871089,9.894364822680638e-08,104183.59658156014,1574.5455933825422,True
1004.7806215396251,1.0406379245669446e-07,102233.02726181733,1537.0811097470753,True
981.1464822892866,1.0479921389828202e-07,102680.97934031111,1562.6379384516206,True
1008.6483721137698,9.647237679873668e-08,102933.80704664427,1651.628230894209,True
991.7884919626855,9.689191685676171e-08,95624.78579810589,1673.38040243056,True
974.258035536318,1.0018704636458867e-07,97666.96850264652,1646.8169102457268,True
970.0866321260003,1.0236329924011093e-07,104349.39486435482,1617.6483311603324,True
997.9499168882953,9.820076250074119e-08,96167.48683789538,1640.8922573964733,True
1028.0256374502092,1.0283964168674138e-07,100041.28004562896,1520.8825382281325,True
1005.7671115647539,9.792551841886842e-08,102083.39831196642,1631.866874643749,True
1014.9329179015103,9.695151315903728e-08,99300.99156425541,1633.9715714445863,True
956.4632385820786,9.686769184005412e-08,100029.02803329652,1734.226551691326,True
981.9139019979024,9.89397183320812e-08,104891.9546219487,1653.57027537393,True
969.639475596554,9.983148498000705e-08,101101.88728116573,1659.9219221005683,True
957.6667189988683,9.679508637964335e-08,97292.93814975278,1733.8293038972736,True
963.0093497639758,1.0246851224924146e-07,103447.27610335754,1627.8838730253785,True
956.1439163116295,9.88153894457494e-08,97687.79799224468,1700.992417116676,True
974.1895170846597,1.0268760416877027e-07,98801.04183439333,1606.644818148,True
958.1030881297108,1.0032745189831198e-07,99219.81812878099,1671.7129172081625,True
995.1851490376596,9.907162068965362e-08,95331.0400824053,1631.087231737171,True
1017.5289026550247,1.0253412922466247e-07,96756.58300482179,1541.5168889615823,True
1004.128528128059,9.614183288637544e-08,96950.83533837783,1665.6867139581673,True
959.2954204095029,9.85199926244718e-08,96910.29106930562,1700.6746772978913,True
1026.746804217839,1.0318435441712484e-07,97676.43078519886,1518.0436982077786,True
1047.3338082065022,9.978924590125772e-08,98338.55407508484,1539.0480239441702,True
983.0254467578134,9.740482466402595e-08,100015.87786554184,1678.5048843743953,True
1009.8180883673953,1.0125976068940292e-07,104089.97620137995,1571.5675252067467,True
1002.2471283804362,1.0254003263544175e-07,104641.07257969593,1563.477792961284,True
1023.4733144149961,9.559952881260646e-08,97864.73741469209,1643.6378740593884,True
968.5692762628594,9.842605213174436e-08,104884.27761167192,1684.8899055051675,True
1012.0096010833704,9.516933152551156e-08,104757.45541509731,1668.452499988079,True
1022.4310214062642,1.0269046340706848e-07,98457.30160227504,1531.5905583400902,True
1020.4427198208967,1.043359016380664e-07,95829.96472420724,1510.7682541889185,True
1015.9982995876986,1.0412573429584348e-07,104792.70909801619,1519.005738346362,True
1045.1107463986311,1.013991214587912e-07,102427.8709880543,1517.1637043252265,True
1002.1636477344331,1.0172395770748863e-07,102165.09287115067,1576.5131055160523,True
1037.91470137376,9.661189977566504e-08,103704.81016038879,1603.0712041074123,True
958.5491068149679,9.70782488924981e-08,103024.72712227171,1726.2585982899764,True
951.8248657367119,1.0361877397862396e-07,104558.93474561411,1628.39678301202,True
983.5361978523113,1.0028260172360575e-07,101666.9804045476,1629.2412798225448,True
999.2663091419787,1.0363901514322804e-07,104883.21975858061,1551.4355109557316,True
1047.248595055912,9.620148505961582e-08,101141.96011372274,1596.1078710416443,True
1021.7542004239637,9.964662709001427e-08,98661.5908960145,1579.3761885520212,True
1026.7774357319156,1.0036803900508504e-07,101862.15500283158,1559.926650089656,True
1019.3645121257408,9.808724573291502e-08,102231.74623654284,1607.633453762038,True
1032.4860514733584,9.69229334331938e-08,95341.39192805527,1607.6341955302753,True
956.2629043550224,9.937274053092831e-08,104832.4308665431,1690.1262774532302,True
980.2271165699985,9.625892758163032e-08,102995.13279721484,1702.8097598862264,True
995.105678990685,9.584516749184491e-08,97883.75580516225,1685.6738070123095,True
1031.5509400315782,9.857407802874396e-08,97529.70356179492,1581.7434587750017,True
1040.3865188770792,1.0160234919148589e-07,95644.12672089132,1522.0197043518149,True
1030.6996287863456,9.783698093729787e-08,104400.42601562565,1593.8650285380327,True
980.3075011564968,9.929795956553742e-08,101482.94745268988,1650.7927661097333,True
978.2204670183266,1.0074661965430936e-07,102991.03821200013,1630.265787118214,True
1032.0500863830998,1.0344712350811054e-07,95485.73326223361,1506.849192892495,True
996.6756032102614,9.860375799574767e-08,99182.83783788256,1635.7435807791396,True
1029.1699090101924,9.88575758287148e-08,104397.3047268711,1579.7322825539388,True
978.060746500188,1.0469364144621533e-07,104183.72032602421,1568.8884576668258,True
950.1616918049741,9.78083747271748e-08,101574.16129278827,1728.583000508579,True
993.4346652157094,9.832496414183482e-08,104487.28119554077,1644.8513831483806,True
970.4855833970945,1.0323406358850641e-07,101012.77417923484,1603.8384152283513,True
975.0040119607714,9.769847921204474e-08,101848.03151914064,1686.8004445395322,True
989.2297329281971,9.60922190272788e-08,97170.50496712659,1691.3506867612084,True
1001.1970347038861,1.0295549852078294e-07,104752.21658854645,1558.7705947504046,True
1035.110353334182,9.556081473226868e-08,98878.27705219027,1625.8348496455858,True
1011.5277908673737,1.0231803927630422e-07,103939.35845348636,1552.7308499409219,True
1031.3000984209707,9.72306867435077e-08,100533.00811575097,1603.482248634567,True
985.7597344292682,9.930938095400164e-08,102037.64501090486,1641.4749301131076,True
971.873481059971,1.025419800925255e-07,100533.3027279787,1612.452535257044,True
1038.1837990952397,1.0177166022242747e-07,104975.59475138604,1521.2233920589306,True
992.790412069545,1.0045460550338458e-07,99460.48397077795,1611.7817512306838,True
1004.330646893135,1.0257298612655902e-07,95120.11657983673,1561.2480137550265,True
1005.4587565787094,1.0303810590767072e-07,103859.6147550791,1551.108445428223,True
984.193385636327,9.87179210411393e-08,99266.02653185013,1654.3537676511983,True
1043.736565128553,1.0084922805260743e-07,104386.7090092214,1527.1352124359921,True
984.4440833747599,9.950650684100292e-08,100204.52413090608,1640.6783054096084,True
954.4179447193931,9.880465179769474e-08,97483.05141946542,1704.258499925533,True
1005.7335370895157,1.0025213293108692e-07,101363.05546062299,1594.1583210792885,True
960.5239111253427,1.0074596170063201e-07,97602.3467193528,1660.8766829876695,True
983.0815965386615,9.955754140670841e-08,96447.89308365948,1642.7092580172591,True
996.7906488781384,9.730726867487145e-08,100799.99470850274,1657.0837113764578,True
1011.7317716749657,9.623752018491032e-08,104090.32710616168,1650.4834344686262,True
1016.9623951189382,9.775642640210072e-08,104511.1077561002,1616.4990940814332,True
994.7513560623488,9.739980575444213e-08,103235.25738799892,1658.4876058618033,True
966.2296666405332,1.041788445131307e-07,100521.23408168128,1596.3011087488683,True
1004.5115528064597,9.882007468487092e-08,96503.01384217408,1620.0084354707976,True
1034.6483720866484,9.791604955716201e-08,102222.13401724055,1586.89106194455,True
1021.6175929141962,9.704415993847119e-08,96526.9647372334,1622.3131020352034,True
990.2320967584858,1.017546320517271e-07,98672.84797826696,1595.385298752818,True
954.3740890195645,9.753401847412592e-08,100424.48463832885,1726.0491572765106,True
1049.6660124498185,9.582433179502319e-08,100542.08175098212,1598.835400641128,True
1048.4821233545254,1.0220679059574077e-07,96418.57097192801,1501.3311490457847,True
1046.9722064611153,9.669603132328947e-08,102679.6315777327,1588.115870508912,True
1000.9410863804404,1.0483318412753655e-07,95549.67749643649,1532.6347678079976,True
959.2051695057636,9.83525882351995e-08,95070.89317151494,1704.0511522866884,True
991.7367983457174,1.0411748688018573e-07,97518.66139996002,1557.0206416092426,True
987.0664747478191,9.66350919022351e-08,99075.66758049607,1685.1719587780206,True
1019.5604241565994,9.809204875247408e-08,98316.15678471123,1607.8809705196272,True
974.0108516966562,9.625324656208691e-08,97327.56656970912,1714.6108637220989,True
1039.6110862587202,1.0236622702793833e-07,97041.65316617557,1511.5426359632702,True
1034.456109270406,9.551294389515663e-08,103483.65728529189,1626.9178519969387,True
988.2971245761015,9.7607960136908e-08,103130.92339489044,1665.671538448765,True
1036.7775030400983,1.0351283166494136e-07,104044.61284398772,1497.775041754153,True
965.2293615871087,1.0345213954104161e-07,103924.61903506386,1608.6632738496726,True
1036.50718965309,1.0389396729839294e-07,102162.70537350969,1492.936997540678,True
967.1687219496216,9.789334399732428e-08,95642.21741179423,1697.9871942992236,True
998.1849939605378,9.511880735672375e-08,103851.48752664884,1692.3767700667897,True
988.3793767916266,9.871868127845482e-08,99852.43871119706,1647.307954458146,True
974.5948080601426,1.0055247262539663e-07,98616.60123251891,1640.1146239966104,True
965.3513132716905,1.0410229453361874e-07,95211.18695212658,1599.762822489543,True
1000.9125867822593,9.535100020704756e-08,100842.49817522007,1684.1783007246017,True
1022.4794940291953,9.869301313014529e-08,98566.22797672875,1593.5330504751914,True
1035.2370054631165,1.0323886998113155e-07,104478.31107983929,1503.9007823954685,True
1038.3871305273472,9.89560057923176e-08,98905.1888521661,1565.1446651063475,True
996.4167760611651,9.570609794232695e-08,98609.68264790936,1685.7992769560128,True
983.0459474382669,1.0282829591888566e-07,104753.96834589637,1589.2427345821495,True
1045.3231659980438,1.0230415517670017e-07,98217.87304771808,1504.090655802044,True
972.8439319773021,1.0482382144163804e-07,96137.85034028372,1576.484194903198,True
1003.1418380224071,1.0276976814562329e-07,99919.22813711494,1559.303957255158,True
994.9972838560757,1.0482058443722608e-07,100176.89660579669,1541.1466477941533,True
960.9960739243854,9.703797080658748e-08,100839.7513286758,1722.9632429044357,True
1043.0926203967824,1.0146377345655601e-07,95098.69804842543,1520.2810580575015,True
1022.8553136380833,9.627925406167623e-08,95920.17385595667,1633.352185118609,True
1035.3872966154474,1.0305957359718526e-07,101896.21942206255,1506.675197642319,True
994.9108359118238,9.504448953075302e-08,100190.05945847687,1699.8100881205462,True
1012.2280455317549,1.0192514052117815e-07,99948.32706132128,1558.2482478846334,True
1020.3897359835447,1.042367911032771e-07,97290.4885101718,1512.0432323516568,True
1003.4797267681679,1.0123331662861487e-07,100459.6876661096,1582.3576655164381,True
995.0234644304986,1.0235318052136923e-07,100785.48171717863,1578.1638574007516,True
987.4438404403436,9.638818635991648e-08,102723.14489356618,1688.2575888039346,True
991.514274008506,9.960048380070076e-08,101496.83273864578,1627.352784944282,True
1017.4686856563598,1.0170173355182021e-07,95329.92368023144,1554.466774010543,True
984.4209813032709,1.0314695927731601e-07,95987.05367744561,1583.4858226098595,True
985.3982670889319,1.0423079174822645e-07,102308.0235555256,1564.4989303271282,True
1029.3316613551667,9.582453499818738e-08,96651.97506723976,1630.7553321341245,True
1022.3429243602906,1.0421524820048908e-07,95806.49335928036,1509.7395650885164,True
1009.9584215708355,1.0320266825960906e-07,97072.03468582814,1542.8398953758383,True
1013.6669215830492,1.0398039104548295e-07,102299.21327171418,1524.9499356274246,True
957.271099071476,1.0057291480782517e-07,97580.03939673507,1669.3363968136732,True
990.8409027849362,1.0370675223093073e-07,96093.70206883564,1564.8198151128045,True
975.5346275959694,1.0247810259802655e-07,97510.99494298316,1607.9391615473914,True
1002.4490537371538,9.649818201709006e-08,95460.75126824874,1662.5530356617244,True
976.984711970277,1.032378484985723e-07,100851.0445692981,1593.2369011420967,True
1003.9041386108137,1.0292482146656296e-07,102518.02391560409,1555.3921053097843,True
953.2814697835012,9.947503956928983e-08,99148.87046773067,1694.4958235325926,True
1014.2520203159681,1.0095696245613932e-07,97062.43847616873,1570.5529384874974,True
979.7912897129568,1.0435212808471188e-07,101808.7259691348,1571.610225252532,True
972.6868258838063,1.0104971099800749e-07,100913.77977877898,1634.8505213687183,True
971.730895487777,9.73975747117557e-08,98498.12888341218,1698.202606534627,True
1047.4676958166651,9.783354227408616e-08,104626.25852474141,1568.6210608918614,True
975.8021683423749,9.656145799819646e-08,103501.84093285621,1705.021385622701,True
989.8502779813034,1.019969281228964e-07,101831.85396792284,1591.7126849415922,True
971.5273161138057,1.0007869034451859e-07,102251.49677904915,1652.4579106340686,True
1028.5644139535489,1.015819736596869e-07,98048.88063193166,1539.2322325777034,True
957.3615635578375,9.697828193777284e-08,99755.05241486257,1730.6839373941198,True
993.1908175341919,9.868478930704894e-08,100030.44763221931,1639.9401981788665,True
1049.8202305655307,1.0456298562105039e-07,97946.23805258429,1465.4039616173854,True
984.9040574276484,9.540124942614884e-08,102874.1439818369,1710.0556575052192,True
1035.1256952484748,9.585068361261285e-08,102143.77375027763,1620.357411021104,True
1031.1514368943647,1.0453170239629023e-07,101333.8841682582,1491.5801982786713,True
977.0424584645775,1.0189826044945772e-07,96768.35430428018,1614.741039655176,True
965.0062721430843,9.901874892852523e-08,99882.96677682514,1681.6991354112117,True
984.4382153481943,1.0096643124560449e-07,102825.15838293794,1616.5635325543583,True
1021.0082474404988,1.019611181093572e-07,102439.92415683434,1544.0573671496059,True
981.9105268902799,9.774615876874717e-08,103194.04477348295,1674.0228143280199,True
1010.8398846395905,9.887871305657011e-08,99179.92209507214,1608.5659582699536,True
1012.2339475610443,9.874982659381082e-08,100262.32637064396,1608.2941447191893,True
1000.7149613873079,1.032203561619023e-07,102081.88977330181,1555.897805424562,True
1032.548281468162,9.508720818670635e-08,101762.79577546277,1637.465209134557,True
979.6104065283164,9.573888234979469e-08,95269.37675174297,1714.4358216017026,True
995.4898310354232,9.939867352224009e-08,97028.11714693382,1624.934240382359,True
982.6558106916293,9.732512377551289e-08,104065.9832505634,1679.8688567848233,True
960.4323128730239,1.0431062387081489e-07,104515.20548415312,1603.2361879843977,True
1007.449115402744,1.0325514677411205e-07,101034.46891642445,1545.2343496410201,True
1042.2127142695454,9.60466230392883e-08,99511.28069389997,1606.59537584883,True
991.916691184496,9.904067483416313e-08,99385.25210539784,1636.2299610151954,True
954.6236726683776,9.650553984823996e-08,98321.09418624976,1744.3435369788301,True
1047.3095321559526,9.504495425424364e-08,96215.40778455416,1616.2844071911481,True
988.7431115545362,1.0331526259886291e-07,104331.74793041564,1572.782139798217,True
972.1229517832988,1.0448476615003554e-07,95715.11967980783,1582.831147845322,True
1019.2632758172806,9.986349014946438e-08,96703.85560472401,1580.0853409967742,True
978.524238873258,1.0475724733963614e-07,97584.30298079313,1568.1862933610244,True
1036.3107771644188,9.62817766154716e-08,101083.02355840153,1611.4460598891612,True
951.3914729427868,1.0156987882250315e-07,101628.73089952904,1662.4272656843405,True
1008.4380846375469,1.016406557136376e-07,102209.64829484822,1568.0768524585028,True
968.853658485567,9.597772558965935e-08,104157.07715301645,1727.4781539159371,True
1044.4647411463204,1.0106399915075066e-07,96848.78379718494,1524.0121791870986,True
956.5767467162851,9.821490216551262e-08,100934.2857607479,1710.0918932062202,True
962.3239002803231,9.873441148375334e-08,96478.22526265457,1691.7677224252366,True
958.5914642253239,1.0244159281699732e-07,100582.65767092543,1636.1746009684377,True
1032.3392459156669,1.0499670562158471e-07,97626.76962952931,1483.8509874309937,True
1007.2587219303944,9.773928561706424e-08,98376.11984483713,1633.1798089450122,True
1000.3470206124663,9.635531506028545e-08,99376.93398594228,1667.7986067761638,True
1039.1722757397422,1.0474414590444238e-07,104580.95391876434,1476.7157381105392,True
1041.3758686309527,1.0039289987155208e-07,95903.02312105289,1538.8633193692165,True
1019.7350016358384,9.936256403177558e-08,104189.39647830374,1586.1341964890348,True
973.9771792681463,1.0287482995790909e-07,99683.04860785103,1603.928491795694,True
1012.7096525214947,9.562615940250282e-08,103838.56319668534,1659.48566513889,True
1040.3388816235665,1.03124325840188e-07,104437.87721884527,1498.2659833797677,True
996.091495250534,1.0140527708770494e-07,95425.54040314008,1592.099452119234,True
1000.2326872233289,9.858746599684838e-08,97879.1033951875,1630.4704937144757,True
1020.4015862646086,1.0167230638064226e-07,98165.2809912927,1550.020362549148,True
1036.9597681657606,1.0179345247500619e-07,95331.10890041024,1524.1822186086692,True
1022.3440462798801,1.0154991552119396e-07,97383.00154309659,1549.098479386824,True
954.6945466639411,1.0353150325467856e-07,102467.40284628805,1625.2148511179148,True
1000.0717726201896,1.0122121499939477e-07,100318.7537666242,1587.9083586570673,True
1019.7165999396796,1.03615050871494e-07,103204.01978244568,1521.2052757365416,True
1003.605366385965,9.530406420439347e-08,104213.21697316782,1679.9954848561238,True
1024.2354555348968,1.0139660561236692e-07,103569.09398280669,1547.6427591243335,True
982.2316441130661,1.0454952775624704e-07,101445.54974364353,1564.8362587945162,True
955.8562936083935,1.0336194458580188e-07,96835.57715899864,1626.794603868903,True
960.8782974748414,9.574219441056672e-08,100952.52776055326,1746.4754635730856,True
1027.5054851437933,9.841970529946742e-08,98021.58554966394,1590.3133096020674,True
1024.7379338441845,9.603830805734598e-08,102821.8708326857,1633.3138141031902,True
950.1515118022053,1.0327605081347255e-07,101594.6972167392,1637.0820770831558,True
1037.9298842462051,1.0074845582094684e-07,102979.16677979646,1537.3369684099616,True
993.0553232357269,1.044291423322518e-07,100969.88065956827,1549.7993201509105,True
1022.7781406113636,9.827204690305207e-08,100850.29633703902,1599.5246105552246,True
965.3278074998553,9.516387693769489e-08,96486.02462491316,1749.8331734059066,True
954.2262232987317,9.981635385530696e-08,98078.00358235018,1687.2211985764634,True
970.0463398106853,1.020976301927574e-07,100502.81908446003,1622.4961281870778,True
951.3169323173968,9.642092209692103e-08,103290.02298318045,1751.0769671368569,True
1049.2955557771556,1.034233589742556e-07,98662.21375545843,1482.1702567452064,True
1010.9067484639986,1.0419713463638424e-07,101324.33169421412,1526.0357839417527,True
1030.8451714584776,9.514894653752869e-08,97835.72793058601,1639.7389264508922,True
1040.6476895161043,9.810789999278675e-08,99513.12177512728,1575.1808844094512,True
953.5332644260266,9.92956302293267e-08,96627.0679333237,1697.5353810352976,True
971.9616639752047,1.036337747851043e-07,102465.42094407676,1595.033733811939,True
995.2834698106001,1.0012822537611072e-07,95181.07556601982,1613.7436460061435,True
1010.6731493472447,9.97734457309002e-08,96694.87021546434,1594.8145974143422,True
1002.3449961859245,1.012589373915623e-07,100176.17116075677,1583.7747575265234,True
991.6772635217561,9.534529173340089e-08,97701.55209222961,1700.3425401746101,True
1043.180635624608,1.0056281353966258e-07,104169.75397455072,1532.3243222557323,True
977.490588380564,9.964863542001158e-08,99007.533679616,1650.0720400568973,True
1007.0657692007399,1.0184186936601087e-07,99420.95157380267,1567.5193416478423,True
997.0501845149078,9.713205398814966e-08,100806.10936049379,1659.6440161027099,True
985.4053551330464,9.534421264021501e-08,100495.11618884423,1710.6005636204177,True
1031.082927339201,9.723994067268686e-08,102812.84210041442,1603.3029100019075,True
1047.115291985852,1.0427859892824992e-07,104820.88979621696,1472.1339546086956,True
1013.3258799096227,9.815061498130209e-08,98410.22381053078,1616.6909869018252,True
984.0738023643016,9.996982833193163e-08,100569.55475998734,1633.6252337444243,True
1045.1625425285445,1.0448324464907994e-07,96415.35344631095,1473.2354235596356,True
961.9279618552766,1.0302654066649468e-07,97001.81552004263,1621.8622835013848,True
977.8013150633653,9.635668534384454e-08,97908.94813264467,1706.0956635530806,True
951.8752279191744,1.0072045328784625e-07,101989.88949971118,1675.5481907362266,True
1025.8605371294937,1.0138700747241547e-07,103885.34227871514,1545.3152646038707,True
988.6212421964073,1.0469955999210609e-07,99646.69970612643,1552.8619691913261,True
956.2044518887542,9.505136147111079e-08,95563.27359355905,1768.6218034807503,True
1002.9383209999536,9.633840434453313e-08,100797.72455433311,1663.590129764372,True
1026.7347828789086,1.0055043029525616e-07,101675.05968669528,1557.189688252936,True
978.3979868008763,9.824139298172891e-08,97915.2191016531,1672.3536837209701,True
955.8205938824248,9.76598481906827e-08,98943.61006531492,1721.4838961895812,True
1016.6472998490208,1.0384659123237462e-07,100618.18636986581,1522.7326874674168,True
977.910653168108,1.0362769777605855e-07,100826.77501372721,1585.7583084233347,True
984.4506610141966,1.0350977569802788e-07,102107.64266104551,1576.9281925297144,True
966.4203988713969,1.0492169248155021e-07,97308.35046728475,1585.187667989662,True
969.5121089751551,9.639274766695128e-08,103197.9898269356,1719.030354611335,True
979.4532348606945,1.012055422514097e-07,102418.8244570722,1620.9351817971938,True
992.2176678590694,1.0352358131188768e-07,99187.88236994858,1564.936538651253,True
955.7517198532333,1.017601320600417e-07,97975.61961922907,1652.3931726847484,True
981.7391725207206,1.038906211624486e-07,103868.24432655782,1575.1910811526498,True
966.9045994041029,1.033526611472979e-07,104675.78864978795,1607.3411562457973,True
1028.6561403356925,9.879976948232808e-08,98001.28015800472,1582.4453787080083,True
1010.5391626109483,9.611006615504589e-08,101996.16417573343,1654.930482201067,True
971.6187145170901,9.507468385710103e-08,97000.98966070404,1740.1547682492883,True
1013.5313636838075,1.0401994127392724e-07,101304.6971915455,1524.7188333412896,True
1032.45431133633,1.049407413787063e-07,95679.73429666269,1484.7947127142156,True
1037.7130414142098,9.641067526323779e-08,102316.61006688417,1606.9421280496945,True
1028.293584972812,1.0268074582304489e-07,103306.9325407413,1522.353415478911,True
1024.099111441374,1.018572543288641e-07,101570.89131291046,1541.1434645863114,True
1026.8845249129297,1.0420749696306204e-07,99498.70500597575,1502.653192818705,True
997.2885077242079,9.52177607867916e-08,101277.68613368222,1692.53229063853,True
1005.9569607669534,9.56582547429435e-08,99644.53993810016,1670.6316139091605,True
987.2592339748205,9.786196848006e-08,102821.09770745516,1663.1256477378938,True
982.7097985565136,9.601179648002703e-08,101331.12439349419,1703.1847024725425,True
977.4109159873373,1.0091489610109662e-07,98679.93417847484,1629.5516535846252,True
1024.5512740002187,9.551562322109023e-08,103074.71669675117,1642.5081984276321,True
972.4059232323301,9.84209313180797e-08,102389.5961239142,1678.765936860145,True
1011.4845970861666,9.623216820409035e-08,97110.18604774114,1652.1167518068196,True
1046.7901126369059,1.0086345773112821e-07,95620.61694701866,1523.8955314469451,True
980.0953368141486,1.0236241425515042e-07,104124.89962961753,1601.3270813017693,True
976.8310619363943,9.64036848344259e-08,99450.23040679198,1706.6796019770393,True
969.122486996243,1.0342646042223207e-07,101432.8014599454,1603.0220445189334,True
1029.6416898434272,9.817571080478505e-08,104722.3982871656,1589.9341324382615,True
976.6890136630199,9.728178726228535e-08,95414.12163876487,1692.213924340686,True
966.9551350053557,9.809659071403472e-08,95172.58680029973,1694.9233724026258,True
1046.707052733067,9.752079682409883e-08,96186.4785259092,1576.1524788885815,True
1015.9400817268507,9.9547486985829e-08,95672.64040691835,1590.4102284867984,True
1015.2796049381597,1.0401371851333842e-07,102588.91627029609,1522.0213658191185,True
995.6553151341496,9.747194001184402e-08,98276.18210280468,1656.568080882114,True
973.586525554248,1.0078398936193679e-07,102488.05769021843,1637.42020529699,True
975.9103824413149,9.934616551101511e-08,97936.23531069013,1657.9266078077126,True
1025.5764854887607,1.0466916459713044e-07,100080.72366702628,1497.8250868116033,True
1042.9761115849108,1.0344261910561441e-07,102778.0325042195,1490.1541827975807,True
996.0808916012742,1.0356640484082974e-07,101936.30560884869,1557.864835704303,True
990.8490461562471,9.500111370189388e-08,97317.88351309358,1707.9823608159109,True
955.3526282429688,1.0363525531856816e-07,101079.10714588879,1622.6855904988472,True
953.0007615449151,9.74514967860009e-08,95262.02554387905,1730.8580860589716,True
1018.4857811443857,1.0240908973005848e-07,97455.58285553416,1541.8488961321211,True
957.8970804848947,1.008774201558392e-07,104171.88327674822,1662.1972383465443,True
983.8617647547967,9.652345794793669e-08,100085.97408220776,1692.3941538200481,True
954.4839497295393,1.0429124268721224e-07,102241.2262349304,1613.7611428657708,True
989.7487533182004,9.717689894122869e-08,104521.3462358121,1670.4184093571903,True
1002.4968788038735,1.021694765051065e-07,96349.45269436859,1570.0422354531622,True
969.6541550121583,1.0215272766496441e-07,95610.76923968145,1623.0638087221869,True
1038.823963402991,1.0022751398119462e-07,101158.73858237494,1544.2881773346712,True
973.5789452842336,9.952896282356588e-08,103662.91643282038,1657.9034766555965,True
962.6738908836253,9.907732441692407e-08,103998.77307205567,1684.1014965859715,True
984.4767299368856,1.0451181662029775e-07,95105.23584512973,1562.866014228534,True
1033.6517496912863,9.769885714735102e-08,102228.50385544998,1591.9359339347782,True
955.1383059115407,1.0289751143890042e-07,97950.1664221705,1635.1718590197243,True
1045.337230294475,1.0429259183351607e-07,95896.15503096713,1475.7702770272433,True
967.2205593175465,9.618599335402753e-08,104816.24361031849,1726.5214225768857,True
994.9441659136643,9.69950041603017e-08,101095.6608785468,1665.42591362136,True
955.0964316955004,9.766800579491661e-08,99266.48578759887,1722.5791896988765,True
969.2084105250274,9.752732092391328e-08,97328.6088471409,1700.513255190616,True
1010.1834457431356,1.033015907133628e-07,103020.83231899932,1540.106167020637,True
1039.892253630216,9.935694511669388e-08,100563.73534022043,1556.3288788455272,True
1011.557371479408,1.0101763664638637e-07,96583.42262073567,1573.8281050916798,True
1005.9111513563987,1.0171235030271356e-07,99978.34489929123,1571.2111290522487,True
979.8071827195973,1.0399958651765746e-07,104711.21057982891,1576.4957330606062,True
961.3354090667934,9.809963231290736e-08,102293.18359434228,1703.4923432328517,True
969.0218514026684,9.579071123426812e-08,96899.08248902542,1731.7479203566709,True
977.1773558261789,9.899960688191179e-08,103328.1340328761,1660.7379285023776,True
984.5751152011294,1.0390629188884815e-07,98922.40816486822,1571.1968348331548,True
1047.075390119376,1.0383734608885662e-07,103990.3058145996,1478.5623038046217,True
954.1110483847442,9.988625344043397e-08,101073.10973258413,1685.7606484172645,True
1021.7890624386854,1.0041183023795283e-07,99228.48409755259,1567.1956114098916,True
1040.3873797940016,9.6534951763369e-08,98083.76407251223,1601.484836172265,True
975.3206676248311,1.0106813526929245e-07,102471.18008447443,1629.943379512057,True
1033.7766603607852,9.602562410330493e-08,95921.78705316906,1620.547424127273,True
983.1674835038241,9.651623378008447e-08,101756.58433404609,1693.4339023868163,True
964.902334868452,9.52978290481881e-08,100566.96251971534,1747.4340623075543,True
1044.75829593487,9.891691738133627e-08,99888.1873852593,1556.1538997867679,True
972.4140692901808,1.0297960361184685e-07,100035.82427549729,1604.7926398085322,True
1009.0744611996678,1.044675233120111e-07,98570.04257680404,1525.242665305129,True
980.0545941841352,1.0239609180107154e-07,98865.41077442918,1601.660451880824,True
983.3999905502475,1.0195135133403839e-07,104505.64665092736,1602.376458279862,True
1030.9650375640895,1.0435060676298632e-07,95962.45183337445,1495.2786714403524,True
1015.4785216496365,9.50516102731042e-08,97232.824204484,1666.1038465572633,True
1004.8770689081223,9.510158852297142e-08,96363.58762698683,1682.7700981955907,True
1048.9978552663251,1.048843933283881e-07,101306.59957663839,1461.5326447801217,True
963.7396689023244,1.0147877593328791e-07,104185.32586399282,1642.4192975655149,True
1002.7571092514212,1.0042502204579373e-07,97641.2306549399,1596.687121207874,True
996.4079426072016,9.763456842724809e-08,103531.67522086031,1651.7301074220434,True
993.9028162748134,1.0214719884066035e-07,101492.59124965266,1583.0041185623384,True
1007.7750265786614,1.0263900539729175e-07,99616.08774693374,1554.2311477833282,True
1000.9590901599452,1.0225744163472978e-07,97973.18767666616,1570.8091002778112,True
978.1702622385992,1.0460107578569641e-07,99943.84222281259,1570.7222140840752,True
1007.7794760571908,1.0457689594954162e-07,100611.56771433812,1525.272217249626,True
980.4288266857651,1.0467624016686303e-07,95486.59180394355,1566.723717591186,True
991.8422528974605,9.835069367190301e-08,104158.67714366598,1647.085202565664,True
981.8169038922191,1.0114824842219157e-07,101695.53039622499,1618.0950687482748,True
977.5808293654796,1.0372320283861009e-07,103615.50508585988,1584.4179896893716,True
976.6746400342917,9.807742634482434e-08,103066.79429102657,1677.2477381335711,True
1018.4633122503121,1.0420411107094646e-07,95763.15329520717,1515.5990464513268,True
1017.7943002427605,1.0171259980902034e-07,101972.95291906045,1552.7394078552118,True
1000.588450210643,9.829363889748788e-08,103550.50706502887,1633.8628226522428,True
987.6640555322907,1.0049598249939448e-07,103528.73821233716,1618.772110488844,True
1011.0105767268891,9.891294049660679e-08,98404.22084656358,1607.8684766059655,True
1009.4760121627257,1.0027237167205289e-07,100213.31467985857,1588.1653644271933,True
1044.1030332907862,9.723993213665744e-08,95688.13850853732,1584.6934859946246,True
951.8870711834372,1.0234534953481695e-07,97725.40732102552,1649.5912103314238,True
1045.1346513517165,9.705983622333098e-08,97021.68160663516,1585.8481831888969,True
1012.0287150262783,1.0231421042224305e-07,95322.079022075,1553.380727387523,True
1013.2767926347051,9.678366738229937e-08,103551.86041362766,1638.7736295110283,True
1038.5661772865687,9.670056538676277e-08,102771.15774294468,1600.7508107155384,True
976.6146406457282,9.733658839396239e-08,102891.03723478518,1690.143381416737,True
1023.2113305910862,9.546306112180962e-08,98305.82214582183,1646.3281517776225,True
1011.2072486125508,1.0376179904545224e-07,96085.02275832693,1532.812858198546,True
995.244684667084,1.0216075506465791e-07,99083.30928548035,1581.0539487194767,True
988.5579982062151,9.715128097705576e-08,95060.05100022782,1674.41259762454,True
976.6753601715499,9.955996903144126e-08,101329.44294016945,1652.5366470751023,True
952.162965624785,9.847082043722805e-08,96790.59589585713,1714.1653781869088,True
1044.6263852471388,9.639247507966257e-08,96724.74280785448,1597.648508319437,True
1012.6349954720481,1.0131850795970176e-07,100202.5143510507,1566.9145558741845,True
965.7987271017539,9.621477324415088e-08,100574.67332703654,1729.1883055445094,True
995.9209263176169,9.570715386975986e-08,98412.0148980698,1686.6454713187711,True
961.798172203855,9.5930098864024e-08,104363.07540250203,1740.8661073276228,True
1006.1634232450962,1.0281895665865769e-07,99731.73806292724,1553.9531653832044,True
1046.3474612458904,9.521023230814222e-08,99690.81300423431,1614.3405251971265,True
965.2264451951814,1.0457897024288005e-07,102486.67257058783,1591.5402719889537,True
1010.7581882850208,1.0076664806996274e-07,99221.51064228309,1578.5479451010806,True
976.1300328036251,9.910541334615435e-08,101878.94476426979,1660.9492610641441,True
1008.201015653039,9.673556083595708e-08,101454.49997112072,1648.091548897601,True
1022.3745512632834,9.902611925449274e-08,95447.05414107228,1588.8669043576115,True
986.5866186511752,9.809384267970938e-08,102288.12926348201,1660.3969852964096,True
1044.353010522628,1.0108891782680194e-07,97296.12606255758,1523.7230317544756,True
973.344916435251,1.014606825146974e-07,100010.61012729557,1627.2784994178605,True
1027.6482945857776,1.0202043215212548e-07,102413.50890119132,1533.291016146955,True
1017.6303205885406,1.0483770125581908e-07,101494.71129641829,1506.7643797883188,True
982.880099552626,1.0050452159604441e-07,100855.36847649924,1626.8439263674095,True
956.2758730863196,9.776206845192402e-08,98470.54218412862,1718.9520529480128,True
1003.5376682803898,9.879408233238028e-08,97624.5923140402,1621.7992195940678,True
967.6320814157589,9.655347812305499e-08,95072.5342190892,1720.8371886352718,True
991.1012973330311,9.755889875238765e-08,102216.98391961875,1661.980241129119,True
963.631308376309,9.580405807284904e-08,101715.51707241127,1740.2849776785686,True
988.8492589394784,9.989689049342014e-08,101882.50288126404,1626.7953109710475,True
1034.659110407023,1.0021768486038973e-07,99431.7477959443,1550.8660058087016,True
997.4381829774082,1.0315733505415244e-07,96467.9214687169,1562.7927816003778,True
988.7610625570899,9.976692373359323e-08,96383.09614306157,1629.9518503430143,True
984.3312823177225,1.0273825912185661e-07,98908.04237269695,1589.451822634711,True
1033.2202973224587,1.0185859437307596e-07,101681.07631562286,1527.6374112473852,True
987.1579740576864,9.522326237656915e-08,101811.59143143921,1709.5469104629558,True
963.8227881681055,9.617262136698706e-08,101289.80090381457,1733.342867332165,True
1049.4626797258652,1.0236262937703008e-07,95669.73380866526,1497.7861619049827,True
970.2928789996074,1.0110720962434405e-07,104423.12696944615,1637.3893659843336,True
1032.0054593522248,1.0459041975071771e-07,104168.17481175267,1489.1130179148342,True
1011.0023656244109,1.0200575995728366e-07,102863.81614403854,1558.4429545099345,True
1009.7278163774283,9.781135653235106e-08,103073.12512367952,1627.2724544321782,True
1026.0396401616192,1.0183046656260392e-07,97816.84567431698,1539.2530358205017,True
1029.0525638851636,1.0082193169006495e-07,102072.08180297632,1549.4730599037198,True
976.5677958573294,9.853783113748306e-08,98917.04653164744,1670.2493843788104,True
971.0297619856647,9.620127626025802e-08,98010.98963539745,1720.6331755796514,True
988.178923082206,9.521472528386151e-08,104639.6553736447,1707.507033131123,True
985.361941945393,1.0316537112517934e-07,104875.41283214843,1580.3445652879795,True
1023.2701357951046,9.660082378566615e-08,95144.50543914175,1627.402054411568,True
963.886009999034,9.676097831838263e-08,102411.32862249014,1722.5134742808232,True
981.8290972730656,1.0345603949598301e-07,99886.14639401833,1582.2548303243286,True
964.6878471885319,9.823495222434499e-08,95698.74663312311,1696.3804459601427,True
954.4044353043143,9.734524601294934e-08,97336.19402434146,1729.8583981055262,True
973.7964532890658,9.681803974321221e-08,99438.79070362479,1704.62157417484,True
986.893434386633,9.976726045663058e-08,96223.54343336965,1633.027033128515,True
1008.5411148794259,1.0264303812940683e-07,104578.08382920426,1552.2628140641677,True
957.0633921492429,1.035564568143302e-07,100627.85357177742,1621.1129127878519,True
1040.14068396442,1.0129174471155915e-07,103355.97153369797,1525.8180498210136,True
953.8783061265848,1.0305358638791409e-07,100981.17399054772,1634.3579658185367,True
998.7041795050066,9.675710720433566e-08,103404.50376026513,1662.9330972553357,True
988.3367322381114,9.863416747282511e-08,96635.9351428567,1649.3277495683417,True
979.9442422023577,9.67581803559536e-08,98998.67567217411,1695.152702388527,True
986.0090858948824,9.811722330492518e-08,97466.85674638135,1661.7487751363492,True
1034.6650540294672,1.0022324909226616e-07,98444.01473841963,1550.931329737274,True
1046.0513085394784,1.0409030513008767e-07,101100.05700538891,1476.8190555648603,True
966.3259303539049,9.599604510113613e-08,97749.39124698375,1732.668183454318,True
968.269232335331,1.0415678226440474e-07,101354.72673820502,1593.183080245341,True
998.9583295659088,9.607530853347182e-08,95270.59573881685,1675.6798623876189,True
973.998110126856,9.808291546468592e-08,100788.44316617712,1682.0752904666529,True
977.4194254219472,1.031908506552742e-07,96139.84448155721,1594.0098335230784,True
1001.3707746023443,1.0459213215579859e-07,100848.20120862585,1534.6779562254721,True
996.1390672727761,1.0475487912248743e-07,103150.72238482494,1539.9258580165936,True
1005.0669255625236,1.0263146656894994e-07,96904.25628511763,1558.9271148987639,True
980.2023344624788,1.0227375130634832e-07,104494.67068854945,1602.48909555381,True
1030.0193824965093,9.778020987816928e-08,103096.98775431939,1596.030472095175,True
1026.2135163806404,1.006688090907685e-07,103448.91583969831,1555.8740743397439,True
1008.8617965864541,1.0072000051314004e-07,99238.05425548469,1582.2150686084917,True
959.4857985032673,1.0069606223949105e-07,95015.15213135663,1663.921016789393,True
966.9259153552505,1.0103489005826597e-07,98484.54925812829,1645.1241813550062,True
1031.5765297238956,9.731710370529101e-08,104600.66632437259,1601.0008182464478,True
1045.7180025674338,9.878539821930477e-08,101347.47493077186,1556.5782048225415,True
1046.0374839626104,9.839674933650285e-08,101459.74345755721,1562.236325205647,True
957.5924675840926,9.877046447008916e-08,101883.290584088,1698.5375338745346,True
1005.1852175363176,9.857720413567592e-08,98825.06162086276,1622.5294682824892,True
971.1102167462691,1.0325486894869426e-07,99843.30175004466,1602.672391115808,True
1009.0342517040773,1.0067117863330991e-07,98192.815461279,1582.8841384061536,True
979.0221402046077,9.756279523335068e-08,98240.72864955266,1682.8675671690075,True
978.4740659435988,1.0330906559848027e-07,99567.80067168057,1589.9352904301186,True
1030.4819970982282,9.840410079772777e-08,102232.70712783512,1585.33919833881,True
963.02991786567,9.906631460767753e-08,99622.49357227595,1684.3502984947982,True
981.7005718874092,9.635918323127968e-08,104630.2103583242,1698.2584329417064,True
1007.7390687135326,1.0186923419116338e-07,101243.66716681603,1565.778828171569,True
984.8025768487444,1.0159353949558736e-07,95082.4218560787,1607.2368166188273,True
1046.6758709789501,1.0106364271553349e-07,100160.84935912958,1520.2946881801547,True
984.0552307882504,1.0063332579009797e-07,99350.68008633472,1623.0776470203252,True
1034.891412589332,9.688975414130811e-08,104841.64271869653,1602.9257058083479,True
970.0587342654845,9.902522195951913e-08,101397.47769123346,1672.674270810143,True
1009.9249288346604,9.878918121536476e-08,100196.42551544243,1611.302901432266,True
959.8937243367101,9.939250351175076e-08,102219.68188798356,1683.8467448040806,True
994.204491412371,1.0279517006230771e-07,102533.83174702131,1572.3980270291067,True
1039.515520236567,1.0163213270110118e-07,95969.84694509355,1522.7792942830126,True
1037.8147386346045,1.0090452548190768e-07,97236.33382196412,1536.0323665204799,True
1034.5443464086634,1.0296580316126766e-07,97866.14976347965,1509.888388813663,True
1044.7886480537377,1.0027023292933417e-07,101094.82185963694,1534.9171857132637,True
1024.2345498175162,1.0144275190059281e-07,98883.54396408614,1547.657894636293,True
1012.0722151772055,1.0280466992897938e-07,103738.50721984541,1544.5864695355992,True
968.7680550541276,9.979055317233244e-08,96236.64083933273,1662.8798393691884,True
1031.4150209999357,1.0239105416781601e-07,95013.27260729022,1523.399247485914,True
993.877993754465,9.837620155533474e-08,102128.57138670614,1643.6258773267393,True
1007.5924607700762,9.73935117558405e-08,97352.42950558123,1638.6153529287571,True
1048.8001277972774,1.0149134230914309e-07,95056.26097881461,1511.6941602220706,True
1026.9917816243426,9.535443285157421e-08,95394.40172169228,1642.7171496455114,True
993.5192753888626,1.0085725454556578e-07,98461.0221703344,1604.342068614916,True
965.3813760522015,9.804621125344896e-08,96704.38659956155,1698.2607828729099,True
987.7040721900438,9.970973225510016e-08,96833.752992654,1632.5372539123302,True
961.2203274842092,1.0098620757738321e-07,102516.66995158482,1654.962651287056,True
963.8641462535206,9.862116084522387e-08,95378.7948918208,1691.2234565140834,True
1001.2164652432722,1.0120919973396649e-07,101644.65490812306,1586.0946411265259,True
981.2337429504724,9.68268027136299e-08,99121.2887369289,1691.726480180934,True
990.5887777440009,9.70131226721159e-08,103583.45723514062,1671.9748998046427,True
973.0104205673003,1.0070668859842409e-07,101569.08432199401,1639.7776857176532,True
950.8468618158682,9.830372346284901e-08,103675.05592659676,1718.321904325371,True
1028.0246171829083,9.724644091778007e-08,97148.15673745194,1608.8459903898936,True
1011.755029163335,9.591469020657249e-08,99207.08982903174,1656.7856105282494,True
993.9911564949668,1.0400188632851341e-07,95009.29450655275,1555.666137097066,True
1029.6294066673581,9.83948951634628e-08,96106.09963054204,1587.7959082859982,True
1008.9069951216937,1.0311433226629951e-07,98061.38979860781,1545.5938630148712,True
959.6535981329407,9.655331557537764e-08,99654.16873949135,1734.2057477615679,True
1026.5696353631122,1.0468035409050429e-07,96920.55812471356,1496.7261038850802,True
986.8598686982626,1.0071903388955709e-07,102621.53184269893,1616.6258951080304,True
1022.6779809411229,9.806716220180694e-08,98581.39403810784,1603.3921630098625,True
1005.5796270163819,9.834956492763799e-08,96391.51449488854,1626.0669335118994,True
1002.069828239073,1.0115939514108041e-07,99796.64989197382,1585.8239598713656,True
1047.3737783890008,1.032977192983574e-07,104863.08925557077,1485.7437800525558,True
1029.995141858163,9.96082573201588e-08,99669.05729483614,1567.3090693281388,True
953.7471343474936,9.686130279505344e-08,95900.68362360336,1739.9403891019024,True
973.8471023521366,1.0277685774405857e-07,104437.95259652864,1604.9625328981717,True
1044.943332632061,1.0307168019891428e-07,104841.52355092697,1492.434124759003,True
1021.9984728154743,1.0350362586744538e-07,98104.8064801568,1520.2504606535454,True
999.3361637307074,1.031364051156633e-07,95496.97688067929,1560.3342251637973,True
1024.0829360248588,1.0001286697983807e-07,99946.55180317997,1569.8436333236173,True
1024.6129686977667,9.528597054570159e-08,96916.39787447365,1647.3983970988522,True
1038.430528398667,9.874098695474998e-08,99822.82444728813,1568.3382488298507,True
953.7403388171953,9.506275517394327e-08,99709.94479868868,1772.2048965465256,True
950.6380976119074,1.0491555938274286e-07,96865.11798520054,1611.4113583906437,True
956.8075323250085,9.864347461020938e-08,99394.1302255171,1702.5029857501968,True
990.9825390471667,9.919586138125181e-08,99789.58295281646,1635.1295213854992,True
952.0991299397919,9.975752679298992e-08,101750.96156589995,1691.3642787966917,True
969.727836783749,9.630718405163207e-08,103021.70865633318,1720.2058225862172,True
1029.6703481718325,1.0405436181672044e-07,98409.61189776237,1501.0048556121098,True
1025.6986528679558,1.0258620223591541e-07,100959.98738664387,1527.9225063073882,True
959.0542647367824,1.0341164130846349e-07,99981.17507574047,1620.1438256514678,True
985.7281836683911,1.0130730051892928e-07,101029.17743802235,1609.3074791682793,True
968.8203269844207,9.641147305289251e-08,99919.810879869,1720.4370929747267,True
1022.9966482829873,9.684752865760017e-08,100661.38224155128,1622.73920394621,True
970.5102511435668,9.770972463513084e-08,101044.53125430744,1694.4689390781045,True
1020.4720338765354,9.6763187459735e-08,100005.50573954747,1628.2384655750966,True
990.5332291766526,9.608126269999727e-08,100088.6811733324,1688.8429744333043,True
965.5846433311995,1.0292813298729976e-07,99146.15473293928,1616.9806323189812,True
979.7974254881508,1.012223480195771e-07,97850.8095488923,1620.818816818343,True
1001.0447744559949,9.6695454376338e-08,96717.5662948743,1661.2404443545342,True
1039.2143864384286,1.0217356614836539e-07,98737.9369783352,1514.6890345930426,True
951.2626859419331,9.750175607246648e-08,102180.17864402622,1731.9352924221462,True
973.1412394203052,9.909939126849856e-08,98111.12734094051,1666.7087269896458,True
1037.0355719643424,1.0141162690905367e-07,104296.52478836928,1528.3951616239724,True
985.7940520242205,1.0098509674760298e-07,98733.57673626213,1614.6980163153787,True
957.3550706007719,1.0338598591218396e-07,99582.66652077516,1623.4564356778337,True
962.48317637825,9.695601993116754e-08,103373.393381994,1721.3813822066322,True
978.3555415767452,1.0147737618591075e-07,98426.86604803162,1619.0107536877506,True
951.4225857409589,9.976968477307799e-08,99364.40736070574,1692.7261313703896,True
962.3085501867341,9.742782945393817e-08,104192.59613338232,1713.2290688257376,True
1016.7585676354815,1.0020898325132701e-07,101868.52854335433,1577.6435136164648,True
1001.3338653227523,9.549271215658884e-08,99271.34211170599,1681.2399868126085,True
977.7792249858492,1.009362825730925e-07,100888.17762088389,1628.2489692699824,True
993.5672060169483,9.631445667822718e-08,102996.62756318125,1679.1936792494912,True
961.6891582329255,1.0015934530552081e-07,99266.15104588731,1668.3267895403824,True
1007.9217696810758,1.0274758958275951e-07,98617.01307048416,1552.5223817493404,True
988.1226200867391,9.705711810263004e-08,101927.44704351475,1675.6057201440663,True
1007.3897153342624,1.0314984421732834e-07,95116.70873905369,1547.852267847896,True
979.0357065199261,1.0399461330799673e-07,103896.0334641929,1577.9166137088537,True
1039.1190822525725,9.767466484529414e-08,100289.91120284106,1584.3441384098448,True
1044.726083602032,9.927394048119923e-08,95750.09578490056,1551.2983871441531,True
972.4030883983911,1.0122969436185442e-07,98645.77673953079,1632.7736460166195,True
963.8228781540017,1.0273879211039222e-07,100453.93935433932,1622.6897634110098,True
970.331012355599,1.028107084936416e-07,100238.51132092347,1610.8151917573166,True
1024.445805996372,1.028484672180158e-07,104712.81670303579,1525.3220193234788,True
1014.5569658702959,1.0293760975024186e-07,102567.4356459412,1539.0204079741513,True
953.4379804423876,9.521176712957418e-08,95480.11032296235,1770.7297856234072,True
1029.5237770838205,9.698724599051664e-08,104374.95906772203,1609.6516036031567,True
1006.3741098668984,1.0167028299288536e-07,95340.09549601443,1571.9070678678522,True
1024.8174234757194,9.643215199046476e-08,97877.75338717448,1627.3289881148783,True
1006.649682417155,1.0274840335852726e-07,100038.1227481737,1554.228990757052,True
957.4892725158943,1.0187899109183087e-07,100518.13729329448,1647.095909815261,True
988.6309935334164,9.629106670918233e-08,96058.32438311662,1689.066780857217,True
958.3007796538784,1.0426404858227627e-07,101453.43655681815,1607.9282913297545,True
967.4869235839615,1.0290447990427282e-07,104836.59633403836,1613.3561979560372,True
972.4008095871462,9.709688988186695e-08,95069.16593642885,1702.8996377571746,True
955.9609364561455,1.0199848157534396e-07,100212.14822276376,1647.8191285720445,True
979.4525305576253,9.964696022199894e-08,95141.77173630083,1647.4822460391492,True
998.8902992532047,9.873401546845224e-08,103107.02929151496,1629.381146335767,True
1034.8871027910866,9.63407207124233e-08,96242.15670582453,1613.4751600724856,True
956.9700912443776,9.838097552358422e-08,104645.49285188789,1705.941608187495,True
1042.7330505080895,9.750606587468841e-08,102703.12000882484,1581.257022425069,True
969.326441703378,9.990292663513453e-08,103752.0518819439,1658.8629831890064,True
1024.6863446803281,1.0286426962768095e-07,102112.25182299942,1525.1094670681625,True
1046.2819298210914,9.825943204655629e-08,103733.29857981639,1563.7078798409675,True
1025.838735927214,9.654235884685348e-08,98250.2807621257,1623.8059361225708,True
989.5118646173371,9.93380088352427e-08,101691.06204494847,1634.8924168949407,True
1012.1278171581049,9.773415944304093e-08,99138.0144619019,1625.3606540986605,True
1048.83941237333,1.0142731521709982e-07,95899.32321251386,1512.4472747354212,True
1028.9987922612265,9.636141195164064e-08,103595.32022837583,1621.0433119311556,True
1000.0182861090587,9.977810037730361e-08,97127.7007383409,1611.4823551509264,True
1018.1464614666296,9.916809296789763e-08,95894.32677695637,1593.0326472232914,True
1048.933181410142,1.0246781820152812e-07,101197.43091926687,1496.1088941414232,True
987.9646748297962,1.0042053604537277e-07,99013.85642520664,1620.1980787965988,True
1039.1880509238003,1.0432125989421392e-07,102279.29873405621,1483.0078811095177,True
1028.8125132351704,1.0457780129024478e-07,103971.62113039335,1493.8970312018407,True
1023.7824842559511,1.0445947501785761e-07,104473.77211091007,1502.7949090294835,True
984.0132335299479,9.851272276763424e-08,99867.40891618464,1658.0022461965652,True
990.881019525412,1.0273720500456624e-07,99132.63807900342,1579.0297688651315,True
973.3311311536229,1.0260031687220236e-07,97010.23165859866,1609.705769339768,True
1008.7935683901148,9.525007270323881e-08,102887.28799675255,1672.5917863502975,True
965.7404092750891,9.81008650896163e-08,101646.37692817053,1695.8742126994205,True
1032.5401471296625,1.0087226031720002e-07,103237.69362488706,1543.3466580887095,True
1031.1469222301905,9.550482941831246e-08,97285.80201247263,1633.2519211593906,True
963.169445175073,9.775986275662222e-08,102880.56683022546,1706.0973512049898,True
1042.200644298517,1.0460732609189667e-07,96196.45104886759,1475.6609048954003,True
983.8625119993486,1.0210501779131775e-07,104156.28856623913,1599.2697911854611,True
958.7562736394784,1.0316093253990372e-07,98331.39856384789,1624.8400875097254,True
1026.988611007457,1.0108406281328797e-07,97846.82049281138,1549.1959856859216,True
1025.6581895330069,9.715762019459465e-08,99945.2661208025,1613.521342218225,True
1038.7173370012422,1.0094575420459806e-07,100850.71071721776,1533.5037959006904,True
968.2677968288365,9.641160685960369e-08,101058.25724253921,1721.220908250979,True
1008.3629221172476,9.51221827396773e-08,100257.49048562258,1675.9754529468737,True
979.5498062164352,9.953517201938529e-08,102464.59415848939,1647.9693230252492,True
967.5518508325714,1.0485426744969832e-07,103919.97848338523,1583.3779208909557,True
1043.2628073858602,1.0391936385645864e-07,96292.74578101287,1483.9179552367473,True
961.9843133186532,9.711355488883626e-08,99932.40762244271,1720.017897518279,True
1010.7219860313337,1.0481336933625664e-07,98106.5807156281,1517.8297888875563,True
1009.7416136722088,9.598477505175842e-08,102579.37533811998,1658.294293343865,True
1029.400031859492,9.853132084838945e-08,97688.50633160419,1585.674771431859,True
966.25841212099,9.577955653264216e-08,97233.27317761311,1736.7948889117638,True
983.3305663033931,9.800546803956013e-08,103571.79652388177,1667.1478251985293,True
992.1133603714145,9.571856435171028e-08,104991.38767730106,1691.793076436368,True
995.7414780192664,1.047393177115017e-07,95430.177879597,1541.955526434388,True
1026.9901622710884,9.65097180882243e-08,103699.18630036541,1621.6708132845345,True
952.2705264656411,1.0452527792344353e-07,96793.59436288576,1614.6940102902156,True
1005.3709536448097,1.0462660745260871e-07,102028.77199938624,1527.953570943227,True
1039.8403798623933,1.0433052203322685e-07,103056.80698007616,1481.8427947512544,True
1021.180180974892,9.678851731609958e-08,95460.19900767633,1627.477843417814,True
996.9771963471813,1.0307966587059403e-07,98217.6514344291,1564.4009485106808,True
1003.7794415516139,1.0268890032255812e-07,95846.13723581278,1560.2096818406574,True
1034.4901396242276,9.83299781418709e-08,104354.73707377356,1580.1266044572528,True
992.5628062552736,9.631194660301478e-08,98250.33683167968,1681.6955336664887,True
1014.4589875123064,9.502622177672532e-08,100016.41007680524,1667.7271615541467,True
1025.2963416708815,9.703618052468855e-08,98662.74309956399,1616.3183334001624,True
1011.5185860027376,9.8725064299425e-08,98981.25373344224,1610.0319645309892,True
981.8993772210101,9.834589388842367e-08,96638.6627237656,1664.8967571274575,True
978.5026194222489,1.0416660264820416e-07,98527.1569127255,1576.9628797873347,True
1025.233193518603,1.0156564886322674e-07,99566.79968964642,1544.1861838313346,True
956.8397840726954,9.823928730407853e-08,102221.68103206457,1708.999686110682,True
953.5118004026119,1.0252519647523428e-07,103069.052837041,1643.0951781230885,True
1043.8351940703567,1.0206009440282346e-07,103634.57946261765,1508.9841486697924,True
1046.2645260308086,9.714017142511271e-08,99488.34406134202,1582.425069378798,True
1038.650270776201,1.0342435661321786e-07,100335.94363825886,1496.9267632241488,True
1029.3777336914275,9.639292129759843e-08,101617.00682731629,1620.2330180312795,True
1026.439782277208,1.0230213656611662e-07,100643.89058197445,1531.1183788945038,True
967.0182630580495,9.924008509892887e-08,104757.58394517394,1673.7435390797148,True
953.2327783359752,1.0490004550804203e-07,101668.24652836382,1606.5654562405034,True
993.8933973718601,1.0173836716672855e-07,96346.90569059773,1590.2034772260902,True
1032.0664786671866,1.0080235752659807e-07,96273.17914820874,1546.2250671680658,True
958.1549454221453,9.748028966105028e-08,104165.991034586,1719.6660035204068,True
1033.7285746604323,1.0114172327110488e-07,99561.00908547331,1538.045679384287,True
995.4192292331077,1.0057481592607159e-07,101116.6139784697,1605.3852360621952,True
953.83664868596,9.672478094993265e-08,100604.59556225938,1741.4320781405836,True
975.0715896877464,9.956359866192028e-08,100260.13014705031,1655.3366550875373,True
982.7596028241566,1.0183814424489982e-07,104436.28696344187,1605.2032113555167,True
971.348913662926,1.0485720591819904e-07,100736.77435444448,1577.66282444554,True
984.8364820090203,1.0094918358329721e-07,100782.85750307888,1616.5027898339165,True
993.8041385545812,9.521700012160479e-08,95370.39864243416,1699.4444408109873,True
981.3496048070837,1.0109293665148426e-07,100926.22238292008,1619.861947374508,True
1043.8579451278338,1.0468724459668715e-07,101519.47235691019,1471.389741174345,True
995.7315432004804,9.625268474011653e-08,95191.607189974,1677.9702793269394,True
977.9073442498574,9.551269693918713e-08,96918.61212180145,1721.1605404382249,True
1004.600943781167,1.0072977586433262e-07,95823.81093786303,1589.2713421680126,True
972.2511515018422,9.93499760171238e-08,104846.16756678419,1662.963074291162,True
1040.693814846205,1.0206513926664937e-07,97135.12185498071,1514.4256425501062,True
1001.7497826191404,1.0279846785805628e-07,100495.12360534671,1560.9245394419581,True
1012.5867685776677,9.558809670554246e-08,96806.32239581825,1661.5107776058767,True
1039.6314931487277,1.0161376956574131e-07,100261.34675800713,1522.1878368570153,True
960.9180013340939,9.515619569097339e-08,98182.12758257559,1757.62632457442,True
1023.1340421335022,9.900193175957643e-08,98960.65319863177,1587.4898524350315,True
1026.757078116391,9.556176878053575e-08,102974.15392251585,1638.2386124825155,True
1033.516284271946,9.604331577344831e-08,97340.168620697,1620.4010206517826,True
976.018535672961,1.0395242935754347e-07,95829.95695647724,1584.6315390973903,True
1035.95667225307,1.0057601528668638e-07,95046.26766075248,1544.1592793012144,True
964.4857024478667,9.82862856349687e-08,98803.38518669306,1695.3145696457066,True
1007.1609268581574,9.639358045558228e-08,96778.06346708797,1656.4161638673233,True
1046.2014789577754,1.0325688907850533e-07,103400.52837495378,1488.1881930605855,True
1033.9382013916024,1.0277931581717647e-07,99585.54745015295,1513.232309266754,True
997.4054896109553,1.0113865103848356e-07,97971.4428250106,1593.7868276604238,True
989.0768645209827,1.0142724717893451e-07,97807.08144407503,1602.5264534082007,True
975.815252534913,9.653895634228596e-08,102974.5666079606,1705.4777045982623,True
968.9800133486694,9.811028475374491e-08,101159.02737461124,1690.172338523861,True
959.5816130512148,1.0063921349817819e-07,97418.95856082732,1664.2856600965786,True
1011.2575182639016,1.0199575257242382e-07,101251.66304868345,1558.4479716218332,True
954.0363571932287,9.874083157667097e-08,95049.60438053576,1706.4588310546444,True
1043.2960779763166,9.796802278853947e-08,104066.99411843893,1572.7526961191338,True
957.4036751543599,9.863565908654566e-08,101822.76189215366,1701.2006130780615,True
978.2597245112603,9.509411379893822e-08,96516.68345271521,1728.1921288914386,True
990.4172146722533,1.0239673662862658e-07,100235.57315256823,1584.842072504979,True
991.8593065068736,1.0450018695531302e-07,104396.89082711085,1550.0998741291166,True
985.2029150370911,9.89118399304309e-08,101851.70330559756,1649.0235933712202,True
975.9553741502839,1.0072181786600912e-07,101789.31570808595,1634.5973620174948,True
1005.977846525804,9.942254613505585e-08,104763.94916867968,1606.5608421437253,True
1030.5864398802005,1.0494992561554495e-07,95599.098696893,1487.3402789105432,True
962.3706882427887,1.0209551633024853e-07,103583.08265955062,1634.8856940133996,True
1037.4997983963283,1.021828782509376e-07,101184.31583189985,1516.6465099272166,True
996.935012107524,1.0253502396934713e-07,98066.97172376912,1572.800839132707,True
1000.413030542852,1.0155036012692422e-07,96489.98450920937,1582.8469676678492,True
1029.8256009666409,1.0452431070837424e-07,104546.52741651214,1493.125041806277,True
956.4021643958847,9.528147332398621e-08,98559.2945502593,1763.4579933017346,True
984.2336592170468,1.0233844890574726e-07,100226.82135967584,1595.6112254756529,True
983.3947481330316,9.575266941678563e-08,99094.65598365264,1706.9860045001262,True
992.5237269594836,1.011773858652008e-07,99136.78598831237,1600.7450476346282,True
966.4112167835906,1.037246000657759e-07,99805.81709044804,1603.1029308154023,True
976.6083662411517,9.663572316303675e-08,95128.34486280328,1703.718429959228,True
1014.6029450544324,1.0183024500996865e-07,97468.99803084657,1556.4839351956791,True
1005.3728434876951,9.912351129746183e-08,97164.96673282738,1613.5665812001173,True
1030.2425514014465,9.595402597631041e-08,96771.10856569489,1627.108768398737,True
976.7830832434771,1.0344448312882171e-07,98799.00324336477,1590.6962753142573,True
978.8065840794051,9.974449985895325e-08,97365.52311394509,1646.5632408196768,True
1018.6603558640284,1.0184944310447834e-07,100250.5676624412,1549.6111305367974,True
974.0990173323113,1.0169890294540737e-07,103307.00223607512,1621.7227449586003,True
975.0336837143268,1.0220793213731707e-07,95649.07294079973,1613.320443651637,True
963.0671129806367,9.806238160784465e-08,95434.18146109987,1702.2440608317952,True
1048.7027370880132,1.0276480614686342e-07,104585.47248050183,1491.6138450507497,True
983.9512456071498,1.0258377352512906e-07,98108.06041299606,1592.5821236595464,True
1002.2845382309899,1.0031426577901246e-07,100698.9342216217,1598.7026152785065,True
976.7173628672936,1.0225322639714005e-07,102812.08556242913,1608.7202821043525,True
981.9349472643648,1.0217192034581936e-07,103889.74513566635,1601.3689497042117,True
1009.0347220628863,9.752951937626121e-08,100458.44831433808,1633.4970645264605,True
1030.6914734243837,1.0121029792430396e-07,95118.5150869447,1542.223753913947,True
955.4494098300368,9.566327660272377e-08,100437.89101418466,1757.8387322507165,True
979.7288881938908,1.0101096696683464e-07,101343.05423604924,1623.7682479427563,True
952.9053438691485,9.609779506545303e-08,103399.27529004145,1754.046006404455,True
1023.6085702234468,1.0241357846625938e-07,103634.7112820198,1533.1942916910343,True
1000.541751383158,9.922374022209296e-08,101988.90217202327,1618.859351342585,True
1002.6382253409571,1.035410727364088e-07,96850.6578537508,1548.94535804967,True
1004.0432127061621,9.789759104051711e-08,95707.2930015937,1636.1686712582307,True
1039.9174305622537,1.0206378391019068e-07,102607.5884538401,1514.7082257568363,True
962.2155275509747,1.0313809476349269e-07,97828.23014609779,1619.494264230271,True
1030.5168568342167,1.0223917145942058e-07,96290.77097834507,1526.7604221936786,True
1040.0514070710317,1.0294739616091537e-07,97933.21627055583,1502.234911659922,True
1000.9513313748618,1.0027260238840634e-07,101528.58578443005,1601.3473430506901,True
976.1479809471099,9.701574583406176e-08,96597.93344894599,1697.5746470921215,True
962.9725831566656,9.636023682391201e-08,98765.32021099872,1731.8977936867245,True
1048.3672060225665,1.0232385078361252e-07,104796.49596893355,1498.4865626667756,True
999.4196042360312,9.718477885117365e-08,104520.47332013988,1654.272273650623,True
1049.467139370611,1.0382935724058346e-07,96341.07533900483,1476.5100824602107,True
989.7283860599515,9.954392553220404e-08,98506.28287525072,1631.6653135943413,True
989.0934179826304,1.0269051852339137e-07,99807.53207483079,1582.4687734788504,True
1040.754931740543,9.500663173744136e-08,103242.56991923251,1625.8249933219872,True
1018.0916288301229,9.849231087808498e-08,104384.8387221043,1602.6777158959947,True
990.8991986192686,1.0272023393079862e-07,104025.4375804347,1578.526831548465,True
1043.385478762262,1.0491360251284376e-07,104221.02566393556,1468.485849302883,True
1006.8648008607832,9.533122373403091e-08,95584.91205238742,1675.5778685038106,True
1027.9690897389578,1.0495382407527382e-07,102171.73304633333,1490.0110611890307,True
1012.8440761552522,9.710556198675992e-08,96186.6628864043,1635.244276462112,True
951.2031914854684,1.0058338848167824e-07,97291.67207721589,1679.755097973891,True
964.6185473161698,9.823733271075918e-08,95603.5403405778,1696.476849910631,True
968.3607457972084,9.734672192346785e-08,95067.2498997343,1705.5442642099383,True
960.3707795352744,1.0121449390635896e-07,96148.39915803864,1653.6929745140078,True
1009.3273099907539,1.0458874277825988e-07,101072.899626751,1522.714822401443,True
959.0011549116524,9.906318618052787e-08,102846.49970603689,1690.906377486873,True
963.6982838285846,9.810328441072072e-08,98655.91064681753,1699.8759185320343,True
1010.0438045343083,9.65383390557802e-08,99716.18499104152,1648.7583941779162,True
1030.486184833149,1.0188048287294959e-07,101132.90642920583,1531.4040140104826,True
967.5845587334551,9.568937000266626e-08,103074.63249438378,1735.103198500719,True
960.0023990895019,9.537046249170652e-08,97819.66301869249,1755.3968431116637,True
996.8667125862498,1.0395105574074734e-07,101295.53170810954,1550.9836013616664,True
999.7752271208793,9.946780305000795e-08,102644.45321304,1616.0130805028202,True
975.9932306109549,1.0161987767379267e-07,103518.23814391461,1619.8324779148172,True
1008.6487051105192,1.0412332364090887e-07,102280.74424295033,1530.361457614028,True
983.3581463709432,9.700473880700813e-08,96154.72107542868,1685.521747090504,True
1029.6058702589837,1.0173221226980968e-07,95621.1677820174,1535.825677665581,True
981.60452987737,9.798283067357752e-08,95076.52999820864,1671.8388814128127,True
970.6697017372688,9.848179238167916e-08,100046.75220870948,1681.070779706939,True
1021.2905535677535,1.0068332647239873e-07,101693.84780368154,1563.3385470007906,True
998.3246094516802,9.806781504021998e-08,101151.53023354946,1641.6748767036036,True
1002.8104357495171,1.0106860391885923e-07,100772.52149223792,1585.9351403747733,True
1028.26601557887,9.77113995875183e-08,97502.2609815089,1600.757458648504,True
961.229413659576,9.758932813300467e-08,100508.2156123412,1712.8702806056472,True
999.4929365354134,9.744289410494776e-08,100845.89421851633,1650.3397882403438,True
1040.593913735457,9.527656621811468e-08,95559.70236774172,1622.7679566572742,True
958.1400158057486,1.0179618652030957e-07,100729.25275393097,1647.2941058902325,True
1001.9548765586117,9.947144130737383e-08,97506.4073872052,1613.2939351269565,True
986.9941008771345,1.0114089708001441e-07,102748.66749767262,1609.6470427603167,True
990.222209740577,9.50986342761369e-08,102792.90631016744,1706.3841236115015,True
1011.3716092374698,9.586629843021362e-08,100432.83705029976,1658.039766358699,True
992.8626624713784,9.611865784915471e-08,99458.94065812901,1684.3687027481458,True
950.3219260248607,9.879226696429202e-08,101449.89281708383,1711.1012390968917,True
965.7788063425742,1.0229242375576161e-07,100702.0531267095,1626.4631535024191,True
1014.0363191001727,1.0212764395177534e-07,99048.15147959719,1552.5547631823658,True
1045.9139059441827,1.0145060077192475e-07,98807.61947159994,1515.8023371549507,True
964.4609251495308,1.0091493560147748e-07,102669.56325144718,1650.5956455861526,True
1014.5700134601562,1.0373036889243653e-07,99907.32047062306,1527.637296746171,True
951.7724572340882,9.884578655184952e-08,96574.18342768618,1708.3938846139624,True
1043.6077009780593,9.622517246176908e-08,102739.31012883353,1600.9707218274198,True
1010.3780575283572,9.74222245451879e-08,103040.28147991869,1632.7360600366924,True
992.9831167705211,1.0368864789346647e-07,98935.79329382577,1561.292182481283,True
1034.4094407301095,9.909674562422586e-08,99872.61281841499,1568.7120854053308,True
954.6196148753411,1.0495624355592147e-07,102172.58411529564,1603.3205677664478,True
957.3942257061511,9.977468388519029e-08,98787.90654151059,1682.2774727472984,True
999.9480489771878,1.0420742570166483e-07,98924.40298121434,1542.8081532572344,True
976.6818494694131,1.0429484520817247e-07,102094.72722884813,1577.3899554289935,True
965.4196674114462,1.0058849176387421e-07,98706.52592632307,1654.9419409035775,True
968.429868766816,9.978308390789294e-08,96106.40716870867,1663.6017249463262,True
963.0778392458768,1.0104249896556639e-07,103785.72278524986,1650.6922343401936,True
952.885652133343,9.644908387974178e-08,99815.37837431082,1748.2661810704067,True
1035.3761741735952,9.59344440692605e-08,103040.59624999411,1618.413587155612,True
992.6019460714839,1.0107272574206746e-07,102199.62023619238,1601.8015669161266,True
1004.6111870551205,9.758370515428636e-08,103731.32237283989,1639.194965717224,True
1040.1487594601747,1.0362542768008842e-07,95192.63113892089,1492.718931478984,True
1006.7113859224332,1.0019585220793989e-07,97675.00195509204,1594.1113732544177,True
1032.6750466114142,9.966908509503017e-08,98977.86115612602,1562.44114832662,True
972.5729049311354,1.020549536754495e-07,104630.09403755916,1618.3861234079384,True
1032.1218832929187,1.0130963237280288e-07,101075.03495025547,1537.6259128968813,True
991.4859915999298,1.0002736995389889e-07,103868.78619325721,1620.0955283161823,True
1016.9741904003163,9.704181278856489e-08,98348.68656636502,1629.3675402309004,True
966.8957822703939,9.791217233233499e-08,95607.66863533498,1698.1412416062387,True
986.1022193065464,1.0209392383453748e-07,102262.04051278831,1596.1220365852998,True
985.0634192374272,9.990282218703085e-08,100431.41518276004,1633.116352714846,True
1004.9130498467762,1.0166218589475244e-07,101910.00009234987,1573.2354069642709,True
961.5769025315382,9.749258044055994e-08,95910.7893623106,1714.7348962860046,True
986.8765866458749,1.0134358230372417e-07,95348.17174256885,1607.803552325811,True
1029.2505453348156,9.789207193638155e-08,98737.57407721115,1596.0820089495146,True
1039.277988185854,1.0254904547596878e-07,104429.62219457628,1508.1949792651153,True
957.6009923803813,9.852679717194143e-08,99716.99642198096,1703.0676196480651,True
1049.073522812317,9.62519884539664e-08,98142.94263571217,1593.0233352306095,True
955.247112202252,1.0367485409203232e-07,98907.78241686914,1622.5767087974032,True
996.2685302602952,9.796920872283425e-08,99002.37579331177,1647.0341907507066,True
967.2573090386973,1.0360039894598157e-07,104502.39312690604,1602.942538724264,True
986.5885025456732,1.046781714828044e-07,103856.1336015144,1555.7295170147925,True
983.6745317059657,1.0282582673044197e-07,102136.90131982318,1588.6533618525452,True
957.9779963011157,1.0348461926335683e-07,96160.29635430753,1621.4141376976725,True
1019.189019906676,1.0086623730142787e-07,95465.00056259813,1564.7016807070672,True
1034.0984008056726,9.74778705771671e-08,102965.7465661147,1594.7483111767046,True
1041.2088448168918,1.0163784108797809e-07,96361.5882351262,1520.177605805908,True
973.0629137114688,1.0053781704598614e-07,98486.02926630086,1642.9321284946961,True
967.6979191266623,1.0094215604728875e-07,97235.99777599878,1645.5402310745615,True
1038.7299896089933,9.773401108210655e-08,97482.59749868223,1584.4367257237666,True
972.9631382679759,1.0397985084646122e-07,101665.9782421779,1588.2215147479908,True
974.1292236734672,9.845367842774694e-08,96977.22017357545,1676.1477744255571,True
1035.0259560927648,1.0013596393916472e-07,100918.15166935038,1551.3517724504945,True
977.5652079202495,9.587421944629854e-08,98612.09827369619,1714.970362347551,True
967.8432343045829,1.0406645514280561e-07,101708.05547905595,1595.208714596545,True
993.1788303097246,9.762475969332798e-08,99042.02201088026,1657.92946531285,True
970.907349989782,9.989647090704598e-08,102529.33457547124,1656.4770492235846,True
984.4258714826215,9.922525468507943e-08,101042.81921533131,1645.2261190937597,True
1018.0282125972515,9.936033036585848e-08,95753.41128999525,1590.1578495834667,True
1040.7795005851492,1.0084865806844793e-07,96080.5850008494,1532.7467889451377,True
960.8744852939961,9.606108971193301e-08,96209.18699680034,1741.4936453069236,True
977.0188208282456,9.578903304193959e-08,103587.26850539522,1716.6367790542997,True
1041.0190725567388,9.646313052402582e-08,98790.77328798026,1601.594529926756,True
956.3839818258036,9.953546118001311e-08,104536.02893931586,1687.1948173696724,True
982.5135006742131,1.0369536312869702e-07,95589.73397287827,1578.2047777596842,True
1042.004636955651,1.0374078394698799e-07,96963.90720391057,1488.1377062298866,True
1015.8682228873835,9.981225179735136e-08,97264.08499832176,1586.0297821789427,True
982.3162494500067,9.92670965387467e-08,98439.05434242116,1648.4500686658012,True
1014.4740765696249,9.991541262445033e-08,97265.14575213572,1586.546910091674,True
971.7734975047401,9.802401439989807e-08,100819.7094324301,1686.8971191965707,True
970.7805097236205,1.0133875927715472e-07,103170.23022147625,1633.0176891247506,True
1001.3490379246743,9.666753422630353e-08,103353.01653200819,1660.1276051796674,True
1024.1798666875397,9.552780574596421e-08,101206.31648777092,1643.1868324520844,True
1014.9182227602131,1.0029567199647801e-07,99639.82360681379,1579.4583495709294,True
978.3608955178719,9.699971942212974e-08,98669.58774449947,1693.6966040828434,True
1012.478326162725,1.0025894732472786e-07,96593.2182049173,1584.3086206978958,True
953.1255640591758,9.75313534985678e-08,95990.05576432087,1729.0867628230537,True
988.8339602365619,1.0457898275610902e-07,104158.61517732895,1553.6596587303236,True
1017.2614751511082,9.644719196480119e-08,96952.62467598692,1639.196352267325,True
954.0793827458946,9.993848977498821e-08,98176.02532411202,1685.399875876016,True
1030.5815864296762,1.0030692379147518e-07,95748.31796103012,1556.167595237702,True
1045.655243136822,9.948596152025654e-08,104722.39575057977,1545.2001549446222,True
1021.5159993404226,9.845326837503753e-08,103290.52691209206,1598.1545609614004,True
958.5042117304444,9.542370455374883e-08,103683.40829138922,1756.168717669969,True
1038.9553082552584,1.0304517523202749e-07,103431.6293923876,1501.53777429639,True
955.7818017009289,9.658538340045891e-08,96274.95464317786,1741.1661636004233,True
1043.6550204261268,1.0196123535346858e-07,95502.94063227919,1511.987834513783,True
974.1867895235109,1.0082622685435915e-07,98874.56723754985,1636.2981320600754,True
970.7958433349474,1.0143813186891163e-07,104653.93591665683,1631.1767920618943,True
983.6635886478458,1.0389017324489311e-07,103087.42598688188,1572.2567612414164,True
981.7407934930463,9.961317540674156e-08,101736.81684580396,1643.1502495301768,True
1026.8800025725782,1.0399218543945694e-07,103088.85326139485,1505.2352611659335,True
995.5954312722041,1.0164675968230869e-07,104968.59718222442,1587.6085829700214,True
1024.4698277134582,1.0203514536742523e-07,96921.86685961715,1538.6420549624456,True
977.1601094243769,9.696103106170872e-08,100607.95795028414,1696.1135849221334,True
1022.8175633191341,9.587680726370541e-08,100770.25269368441,1639.4352069506474,True
954.9795832800015,1.0254659383949706e-07,95111.58372456598,1641.5104299639102,True
1023.525724529919,9.874222881008859e-08,101523.6118784945,1590.6510835789313,True
1025.2596516687013,1.0260166740849649e-07,102279.45931103437,1528.141547668482,True
999.6537502255787,1.0232341987993886e-07,97320.75090538227,1571.9317695041384,True
979.7128423726572,9.592387274087487e-08,101739.35942093069,1709.8448942311384,True
982.5696158661011,1.0000858716109748e-07,102866.73037559458,1635.1144136955265,True
1025.4246875923486,9.794459151269587e-08,103843.04498318299,1600.3074214109993,True
969.0338394760049,1.0373800616298605e-07,104167.94861093415,1597.9555271146644,True
1016.7977244225715,1.0070110056253747e-07,98033.4980496231,1570.4807819560028,True
979.9971963696014,9.539037544872278e-08,100924.06896280461,1719.0460156002755,True
1035.4016043439701,1.0234980022591429e-07,102616.20118089873,1516.9958323186975,True
1022.0160624208125,1.0322454508320864e-07,97911.99732486172,1524.3656361814146,True
1003.1676709274209,9.991302127352342e-08,98045.21272093711,1604.1519276137342,True
1046.6936502324295,1.0431806544728437e-07,97490.89265633457,1473.2582798586564,True
1010.3664612741356,1.0383389008695031e-07,96338.97813222368,1532.9679732344637,True
983.9272917719073,9.593615027536996e-08,95715.8565782941,1703.3992458802184,True
1035.2171351465797,1.0289213852691423e-07,100089.52097744863,1509.646571792168,True
1009.9986547101389,9.796269215663186e-08,101989.98381269642,1624.4945272580005,True
1042.772551423369,1.0266488481822115e-07,101282.42367255816,1501.955678905425,True
980.9108603828179,9.814003139673559e-08,101389.05609930374,1669.267274682572,True
973.0364213163251,9.766805905080119e-08,97516.2179686407,1691.4161705577599,True
982.3004634188568,1.0138909792949611e-07,100823.70264877212,1613.5977091480715,True
1016.7678329418643,1.0250711703921962e-07,100373.99761012594,1542.486936510715,True
974.642354097304,1.0365943334972814e-07,103232.13073615236,1590.1828935171882,True
967.8347924230392,9.819936825725008e-08,96219.27005865544,1691.4407696599071,True
1020.620996626227,1.0341611684206821e-07,100315.76493655023,1523.2234919236225,True
983.5517661062495,1.0017385573454975e-07,103707.35284015108,1630.6769122533406,True
1007.0881795446855,1.0100975675079577e-07,96595.97354521677,1580.8611447020426,True
988.1523683616497,9.895580071453237e-08,102627.60041356205,1643.2989223181114,True
1044.1004934252587,1.0437521361727657e-07,104505.3103862374,1475.0199948216957,True
1013.3201471963515,1.0147661284888742e-07,101961.86558080776,1563.1559293313935,True
970.4551299381644,1.0483109499211596e-07,99103.5655826947,1579.743650133308,True
1001.8693494845126,9.686848678641795e-08,96768.6464750639,1656.9132303177769,True
1049.5370841088372,1.0247298743015435e-07,103795.09251813174,1494.797335574396,True
1008.4036721469596,9.925470894261595e-08,97739.63507522059,1606.5430162187406,True
1033.2393484274908,9.622907556112873e-08,99058.7423328822,1617.4071514117509,True
1038.7070320360926,1.0338873974617068e-07,98051.01239368427,1497.7189846309302,True
1042.6650943113668,9.680884934144871e-08,102778.11899831782,1592.736299664847,True
1020.065812162755,9.621589669442536e-08,97887.61242289798,1638.5035220376446,True
1027.82724676132,1.0231292735498034e-07,97687.01213478645,1529.3789606559392,True
962.9194208669061,9.548413847670905e-08,104719.59034022487,1746.924499352386,True
970.2697490631053,9.684571848533117e-08,95278.56839586432,1710.9900642089092,True
961.8514327046651,9.888293159331296e-08,98263.61882421454,1689.7451694191632,True
1003.901418835858,9.519387394950103e-08,96690.22008613663,1682.6970983309286,True
1035.5530922667585,1.0081607183286416e-07,101052.94410856778,1540.0890391084417,True
966.7664590916985,9.989668924197548e-08,99244.02453429371,1664.016332399569,True
997.3545730127855,1.0153729945451697e-07,101036.77807213865,1587.1242530776508,True
989.9421725338332,9.686142227366922e-08,101755.74412696136,1675.961842811215,True
1033.4013842907027,1.0227041176535745e-07,95978.2393499742,1522.1314489188453,True
1029.1296521467634,9.686672072406368e-08,101518.45963168626,1612.7085122010099,True
967.584047831822,9.70093063242982e-08,104917.48680167104,1711.2162094163004,True
992.3233490895227,1.037307059329883e-07,99907.74148251631,1561.5356071578815,True
1020.5525151009565,9.803228481695449e-08,100188.8063282824,1607.0046033024,True
985.9435432399523,9.626021737458833e-08,95844.96308812647,1694.2049647135266,True
997.3699167073546,1.0066812018089619e-07,100693.82693702987,1600.8565602660665,True
1040.2472595518036,9.72365755232303e-08,97903.79367643887,1590.1716938776965,True
1014.189422659406,1.0026066021259696e-07,95946.02742583166,1581.7472024728834,True
1018.9115847511777,1.0412811091483193e-07,95467.44351956817,1516.0944216007142,True
988.0885214446099,1.0234772878120663e-07,98017.32164789535,1589.6523782816553,True
985.2753294618802,9.676627700272339e-08,104409.44352806281,1685.0684972420784,True
967.6522955607614,9.759799166621159e-08,99715.5898376471,1701.5865685889455,True
991.1637772027733,1.0415663483836991e-07,99013.05750768312,1557.0896945281481,True
1005.0164704973217,1.0137295775438571e-07,95804.67390353054,1578.5450058346,True
987.6999533542505,9.63865884810437e-08,96710.11359534341,1688.8514082854656,True
1032.5881007054193,1.0265352597657495e-07,103865.7851170172,1516.4056336440547,True
952.033525435399,1.0027739914243229e-07,100466.59705488246,1682.9099493824901,True
976.8658034185504,9.822331329346195e-08,100355.38503410276,1674.8566928528112,True
961.8667658747028,1.0132445320901666e-07,98350.21709550994,1648.9888358257822,True
972.8509018439325,1.0047024594790162e-07,101556.93575782927,1643.9054888738563,True
961.1232815794036,9.992478754491157e-08,99986.67891567288,1673.1024120240315,True
1020.7055750185506,9.98415733772908e-08,100034.31094578496,1577.6734639488918,True
962.3050324637246,1.0182139802237746e-07,95704.78440411926,1640.6400624476732,True
966.9629234544138,1.0078812349842132e-07,98160.78901911328,1649.142434039471,True
985.8611540253909,9.53901261292701e-08,101837.98071697814,1708.7754720378375,True
1017.339286150384,1.0213299644303679e-07,98060.30386130064,1547.6425966703544,True
1037.4925910521313,1.0419888519810123e-07,100589.25338714669,1487.4024427462602,True
965.6815949261303,9.619759236253293e-08,99794.80931003655,1729.8334739834247,True
1048.4275243340255,1.0119649842147839e-07,101802.35928119998,1515.5351300034658,True
981.5005809323758,9.519718131164142e-08,101193.90210615571,1719.8774255863002,True
971.7963522079126,9.880869261921359e-08,98027.68886038833,1673.916871895399,True
952.7582310654038,9.828993017775882e-08,95765.26090632702,1716.4367034495278,True
976.5220532753831,1.0261529082278993e-07,103110.38423827152,1603.3180835400171,True
987.5430162699372,9.601458181408517e-08,104277.4659467023,1694.4176935692583,True
989.6364969668923,1.011322971487083e-07,95716.34259127962,1606.6518818303302,True
975.4917366369745,9.692763521753106e-08,101145.72292215843,1699.4851284015792,True
967.6626243180057,1.0009924109063335e-07,96502.67985254174,1659.5811684995888,True
1011.5560494097207,1.0317598482481373e-07,97407.11750000762,1540.771983024599,True
1022.2770935223517,9.917108545057395e-08,101330.74839476836,1585.717685224868,True
992.0429603061268,1.033118170884021e-07,104716.20585368006,1567.5977517443453,True
1037.2660120786015,9.503805480932518e-08,97165.27921051455,1631.7141744292737,True
1048.655691545625,1.0156293683419835e-07,103640.2175931363,1509.4689096091656,True
992.8520133775947,9.836403700406501e-08,98885.6777030328,1646.031009523275,True
1045.1377197156914,9.521108411161127e-08,97779.43034665204,1616.5030243227366,True
975.369241419764,1.0102879030732737e-07,100589.54179399948,1630.7852903890393,True
1028.889902993003,9.910751230173295e-08,101941.40855737685,1576.5436251052467,True
973.6005771793886,9.773590336302174e-08,95710.39667727659,1689.587386486154,True
990.579158383979,1.0295761815066406e-07,104778.6873789002,1575.2844923544696,True
980.7521304459164,9.593872680277432e-08,101295.25477004812,1707.857312116643,True
980.2220802203573,1.0492865894683629e-07,99767.77188046218,1562.5994332957018,True
1035.422114728049,9.831479702607503e-08,100639.02448592108,1579.5348307155855,True
983.8026703088894,9.77794596518881e-08,99262.66567664848,1670.8891898748518,True
1002.8179990143049,1.0470562573475876e-07,103510.17906637654,1530.4362254814303,True
1033.7217767496547,1.0399187123389907e-07,96257.86232694483,1496.4290661076845,True
1006.0192044141734,1.0288030527460295e-07,98672.898313036,1553.4133897296172,True
987.3837062727091,9.859151673266478e-08,99320.74019241116,1651.1661919747505,True
971.9417783584063,1.0250427556612091e-07,98128.25193088707,1613.3119162429384,True
1023.6911131724646,9.55908384552243e-08,102167.90070594466,1642.7246333993264,True
1015.072118288924,1.0161689329790723e-07,96936.83538712774,1559.1265955460276,True
1026.9148292693565,9.956003899681945e-08,99959.74685570717,1572.676931845753,True
975.0881451525017,1.0153825872271132e-07,100258.06423184807,1623.117609819419,True
958.1004523212869,9.864473887185809e-08,102523.35086138838,1699.7101888330105,True
1001.588037605509,1.0400214685742915e-07,95575.83693234171,1543.8894887002323,True
1002.7336773874047,1.0400898726979877e-07,97776.13092954448,1541.6821524543918,True
1037.2813028882128,1.01997081126906e-07,96029.03399728895,1520.5539088322687,True
967.7097001706004,9.521526239565217e-08,99644.88352933746,1744.0776135084286,True
1039.620294555633,1.0038959432244972e-07,101731.22962143453,1540.5377251213465,True
1008.6753106906921,1.0315863353080911e-07,99148.41848638796,1545.1088617592982,True
1016.7274894460759,9.964791537411e-08,102222.31348633408,1586.5201927074,True
978.6380375974103,1.0402374592383641e-07,104955.75014985188,1577.9610416697583,True
982.0405267960388,1.0379754834724917e-07,102627.1618108741,1576.3027634752361,True
986.131143500796,1.0293535668473709e-07,104549.65286895318,1582.6979098697873,True
971.6720519864824,9.574892475498101e-08,101834.79819737277,1726.9937104565113,True
954.439532281857,9.786950147203826e-08,101615.94666558085,1719.8257993093453,True
964.7674769614327,1.0235094330108389e-07,103998.92203197411,1626.7315039959549,True
972.2737661218835,1.0423808462728185e-07,99983.71860255764,1585.6522872451937,True
1014.8559364707346,1.0244971258105937e-07,96304.08632472316,1546.883672841459,True
979.5926265251072,1.0277709070516058e-07,96965.44916282494,1596.7750809753197,True
1041.161446159029,1.0120804688295128e-07,101741.70378760122,1525.8390444360805,True
1001.9449149200219,9.713095924986877e-08,95314.35645338942,1652.5708404847949,True
1000.5645723467462,9.939893279437453e-08,100217.72612174104,1616.2470414608224,True
967.4488517186521,9.77702441269251e-08,101907.04614624195,1698.5914021501753,True
994.6245129641998,1.0281917451196098e-07,104331.90523342302,1571.1132732328333,True
992.9173384712387,1.016205463455453e-07,103895.19409864914,1592.415215814327,True
984.3783299374808,9.695812085470112e-08,98858.5091723371,1684.135276688969,True
1007.1806231159405,9.881102603771501e-08,96626.12407798618,1615.886271271604,True
980.7642389122001,1.0381319453993924e-07,99388.00877588081,1578.5835747646483,True
1020.2581297651883,9.688903541228086e-08,101709.505842951,1626.185863163748,True
994.5049166591724,9.826644702198442e-08,104717.1891954429,1644.0423465709825,True
960.2946704724257,1.0103922165770384e-07,104800.85790754628,1655.3390421965842,True
950.9433376768826,1.0041534111890986e-07,104327.64049451784,1681.9228570145015,True
995.1386230075979,9.519309033429643e-08,98173.53443155538,1697.1147142339,True
966.1619355345199,9.550360854389553e-08,100487.77423850763,1741.4303184179957,True
974.911260552931,1.0310937485032116e-07,98604.08482409667,1598.9310202656825,True
997.2248958037187,9.645793303398484e-08,103791.31174292877,1670.4821639305057,True
977.7960170788598,1.0287181162696501e-07,96791.70184674149,1598.2353728909466,True
988.7589606772098,1.0017385942854547e-07,103242.6060533339,1622.2387080925216,True
1022.0162240984237,1.025842185810728e-07,104439.02277071655,1532.8901482548504,True
986.7189225028488,9.749095949953746e-08,104966.49885939277,1670.0357542575275,True
975.2105416436616,1.0493342123197091e-07,103503.8324791876,1569.9313674715472,True
964.7268879595326,9.589159230839092e-08,100706.97911316053,1736.9037810189657,True
1005.8790925261243,1.0070219488871539e-07,101686.55999717725,1586.756650821596,True
1031.371463707329,9.68472266813761e-08,104848.5752538416,1609.0480468837488,True
1047.2833362978556,1.0038751555826765e-07,100109.41105535458,1529.663678568167,True
965.1860460964252,1.019007272919046e-07,103612.58352305705,1633.2726348144488,True
1031.7589440467334,1.0271835767298813e-07,100932.78582136941,1517.0879073608025,True
1029.0397607461207,1.0091796677480859e-07,96777.65796431637,1548.862881286643,True
955.292668372362,1.0062772165238609e-07,96777.04442360348,1671.9834598783489,True
1025.2623932414674,1.0490793449797357e-07,97869.30558863156,1495.211739687482,True
1031.4727248963088,1.0061879887247089e-07,101471.20230866573,1549.0864232953265,True
1041.0590613565828,1.0192854335987033e-07,103477.86453272795,1514.9434299593029,True
1015.1285694558321,9.65028069588371e-08,100973.09380137571,1640.9807796048658,True
976.3826725638662,9.978867644066427e-08,100725.13710696502,1649.3331249142052,True
1009.9810755329075,9.91266750797507e-08,102609.37504784901,1605.351739265998,True
1040.608648965998,9.926652983836605e-08,103599.22161030034,1556.2178575115354,True
1006.8008822667593,1.0012831632614036e-07,96252.64482479608,1595.286716547308,True
1002.4789335412892,1.0193914607868315e-07,95006.5054577691,1573.8466606635702,True
1002.6915525849007,9.98119845783465e-08,100720.77556653472,1606.0985040028936,True
1022.0768207219737,1.039618889119974e-07,99938.38888733395,1513.1480832613188,True
963.1613292484119,9.855465047117806e-08,101069.75571810144,1692.6339954812986,True
1031.9678956311036,1.0197399855102635e-07,95858.4238280902,1528.674158214356,True
1003.3530693111372,9.729056946872171e-08,100279.61031297785,1646.7185003146185,True
990.720640926375,1.0209201472635047e-07,98675.04940109338,1589.3363633553142,True
1048.0299711955336,1.0374464722240617e-07,98263.92600100476,1479.4086528423243,True
992.8945229262589,9.664028405408128e-08,101986.84059665346,1674.8134928811708,True
1038.1040193488625,9.720666804177175e-08,103930.0928311359,1592.9407551513677,True
974.7846629978885,1.0364706803224641e-07,100541.66373977298,1590.5406415093933,True
963.9752993526848,1.0292256085382707e-07,99507.0223641271,1619.685247099563,True
987.9551440337525,9.735887361116966e-08,99189.03403557173,1671.1355501549515,True
958.3216203832716,1.03705909445349e-07,99899.58658500566,1616.782525838928,True
981.0655197849234,1.0210210472982053e-07,95261.59414615313,1605.2297347015406,True
1047.5273932313987,1.0409912010632152e-07,98262.02672619713,1475.071250845467,True
957.9001023344392,1.000127266947897e-07,98986.62086264418,1677.3632979031718,True
1036.0824733793318,1.0249652908298699e-07,101894.51374736888,1513.945819124543,True
1027.8528333026939,1.0311650954753974e-07,96733.99014604346,1517.5788606547642,True
973.6373394280714,9.902897145835927e-08,97421.55997752366,1667.1683764474437,True
1008.6652604231434,9.558379806576819e-08,95867.32440713808,1668.1470441866968,True
952.1498116631547,1.0059300182358562e-07,102866.29496519452,1677.0596061827052,True
959.1645202033571,1.0080484853620588e-07,104092.8456509749,1661.2274176976673,True
1043.9664727620325,9.661715731720977e-08,97817.58281611756,1594.7397159637821,True
991.2731507380703,9.64348676542407e-08,96516.361577162,1682.0169953489612,True
982.1585226414021,9.780259823501938e-08,96629.55863215482,1673.7095978035045,True
1035.4042861160283,9.931620175420818e-08,97114.05127475587,1564.213011826706,True
1047.9178863562288,9.533448563012943e-08,99855.50704207046,1609.8178443357958,True
956.7882800904724,1.0396577611659709e-07,99284.3024578,1615.396283822373,True
993.3473609432617,1.0053571922214086e-07,96121.84313191946,1610.1401394790662,True
1025.6637519787748,1.0195532231357171e-07,100644.03507394821,1537.4773234094357,True
965.3284405786363,9.622727638984277e-08,95184.0546765273,1730.7292658736787,True
972.0369160806578,1.045603816246436e-07,97035.1110081045,1581.6087433603393,True
1000.9536398424701,9.609687438740515e-08,97290.6667742682,1671.6379470234106,True
979.453550396275,1.0270115813013011e-07,102908.21278392168,1597.2573695919295,True
978.7275652238761,1.0172369104547944e-07,98234.62960759501,1614.513701067747,True
1007.9347267024236,9.931024283829813e-08,98265.03317115924,1606.2963785839625,True
966.6282333975487,9.535020331161353e-08,95345.83384675723,1744.2944387995049,True
1038.1963078416127,9.509515395954031e-08,95308.01999161039,1629.6242632785234,True
1045.6811647178665,1.0369584307598545e-07,101693.40076840838,1482.8677121142746,True
1017.9941133343211,9.825722025374973e-08,95512.95932880022,1608.1060503875667,True
968.4614744297631,9.601286575835281e-08,97080.98632400877,1728.698766431158,True
952.1733523946072,1.013405846919525e-07,104009.1299885595,1664.479513124742,True
981.2618417095754,9.793627055523719e-08,97021.52692477421,1672.8692099579334,True
1036.7627177206984,9.76885208570411e-08,95477.98638297177,1588.5016167071697,True
967.901090289508,9.685991007137032e-08,103505.56219350264,1713.512962867303,True
1023.0911650459032,1.0349505847217465e-07,104952.30633550738,1517.7465370294108,True
1009.3840022822977,1.0158626379452684e-07,95083.9274767693,1568.609259209292,True
1040.0823487867785,9.700583852858273e-08,101219.33060085757,1593.6552062721241,True
1006.8513102507528,9.833513580974296e-08,103657.9649183402,1623.095625165874,True
970.6818968202546,9.99846527512705e-08,96759.48320940854,1656.322689663174,True
971.4124518855914,9.571057066678758e-08,102250.46684110085,1728.076729803855,True
1049.31805787706,9.710177715902951e-08,100981.80351494541,1578.248350963272,True
1017.4036262581557,1.035327078165443e-07,95131.92202029153,1527.106230453097,True
951.6485922054218,9.849935451173948e-08,103912.19589768122,1713.4419315809946,True
1017.5098470251077,9.647033877767603e-08,103752.00388950776,1637.2920077412655,True
999.7438513346012,1.0094939838711226e-07,102958.7047078283,1592.2980900259668,True
965.1831295577641,9.828456225207205e-08,100921.40416440318,1693.7871469912234,True
997.8642233455597,9.655644251990853e-08,98985.38552331993,1668.4899410881017,True
1026.9447944063882,1.0474923950896857e-07,96006.33340949913,1495.3504142930567,True
1037.72853122915,1.006689742755464e-07,104963.91291619607,1538.5560023035682,True
1043.2175178030109,9.882075618631303e-08,104614.52189561541,1559.2165203384302,True
1036.6797061076516,1.0235939982657316e-07,101265.16216186843,1515.2043007085945,True
987.1702238740656,1.0418724444164952e-07,99925.39353562753,1562.7262420728453,True
991.3659594195982,9.592397333139976e-08,97392.6280157032,1690.6641114337426,True
1048.3619316248696,9.729330250267875e-08,102251.70779049686,1576.3621135557883,True
1035.7157331304256,1.0379848081209732e-07,99807.48336944776,1495.7949767632442,True
978.731393287545,9.865603031781147e-08,96846.70971541946,1664.9451119197872,True
1011.9327568968271,1.0315924844388608e-07,104078.47985181789,1539.4389280649011,True
994.8938793740259,9.618006794465721e-08,100659.92845664453,1679.692029156368,True
1043.2313246142858,1.0280484569929502e-07,99384.9828313962,1499.5498236794451,True
957.1040399045966,1.0043576020369029e-07,104702.9492994826,1670.8002115147838,True
1027.7609998756425,1.0372417930135267e-07,100085.33175870276,1508.2903487596159,True
977.9366848281635,1.0354631392510182e-07,103748.86773527306,1586.5334627599343,True
981.4749367116907,9.556089520146945e-08,98074.52415235653,1713.8992209525,True
989.056419700711,1.0157713162624973e-07,102180.0074005042,1599.5089718380116,True
1039.3010536043091,1.0371810271344454e-07,102588.71988074771,1491.4262884527288,True
1045.2160981176837,9.712339208598435e-08,97699.44318582023,1584.5710850954686,True
1004.7845266369511,9.74596752169468e-08,97119.7723038166,1642.0723420873678,True
1044.7299590703487,9.654684951756449e-08,98485.5956177879,1594.6327715484726,True
954.2674079064574,9.555324368301247e-08,100784.48936659041,1761.9652249793976,True
1004.5137465246423,1.0170202678182251e-07,104749.60278582264,1572.8218582562522,True
1019.2331852971648,9.909495124526687e-08,99584.84246761183,1591.9058631593161,True
1044.9272239281604,1.037021753241875e-07,101130.50008165986,1483.920138613126,True
1006.9190863124206,1.0477185534745473e-07,98710.61317364343,1524.012736780623,True
1000.7236446313308,9.68361263676454e-08,104739.0565566525,1658.0526138156742,True
981.1820003961165,9.694716954764144e-08,95379.46279813157,1690.3640605554053,True
953.2622425709864,1.0386386147252417e-07,103173.21293553543,1622.3236048866129,True
973.4657133686273,9.639448861211422e-08,102251.7152613217,1712.2308560241813,True
973.4452446152486,1.0022844661141545e-07,102333.22210239546,1646.7561993918277,True
982.4709108663629,1.0104760271694956e-07,99854.98182545586,1618.9243148440842,True
1025.747220461786,1.0043885781609379e-07,103147.93507643312,1560.1828332551377,True
1027.8360047629615,9.75366867138685e-08,95427.17836985466,1604.652635057132,True
1049.1573787850978,9.858285545668994e-08,95077.9747672767,1555.765592355165,True
997.1719328534022,9.940470281477347e-08,99328.79949000651,1621.740420952427,True
996.5550624042559,1.0300735591149157e-07,101384.10880977333,1565.6642889448594,True
1048.9764671768608,1.0171056085748409e-07,102199.41527452087,1507.0345942453296,True
1039.3492166374974,9.564215994413977e-08,100654.51688251477,1617.5985638098477,True
970.2799898618044,9.788142851624226e-08,98856.79282774977,1692.2502138601894,True
1032.9083254315697,1.0070218691401808e-07,98233.33181925022,1546.1874711815572,True
1003.7396977196031,1.0156342259756854e-07,96978.92878453022,1577.370024264585,True
955.6150319613434,9.96051765718592e-08,104510.01563700897,1687.3621017514893,True
1048.9862274892657,9.919678227433609e-08,96643.52280764747,1546.113143216844,True
1003.9001352896842,1.0098464279855528e-07,100066.90401860773,1585.6580732080001,True
1020.8743115607613,1.014510003651708e-07,96796.69613369643,1552.9156249073308,True
1006.9818231219197,9.863708049505891e-08,98795.10088690938,1618.6855374696731,True
1032.2112658610383,9.528038162462204e-08,100238.21246963076,1634.9232228997166,True
1002.4222620665478,1.0319404521727776e-07,103231.85994594469,1553.5012939401063,True
1032.3075623697534,9.784807383500512e-08,96633.06278710644,1592.4785762048084,True
983.2205290742982,9.935601727280593e-08,103334.32285340958,1644.7040913567153,True
997.4621803596245,9.769058946266266e-08,96190.92466992371,1650.2556852842429,True
967.9202489724352,1.024319715749255e-07,102949.70120568377,1620.3511119511472,True
958.1848667381483,9.723026954278214e-08,103412.19937732547,1724.1491880959204,True
981.8266598055403,1.0249479868985552e-07,97168.039066526,1597.5326974684413,True
1015.4554026070152,1.0379980977616125e-07,100646.09063881726,1525.184977966715,True
1007.0984379477088,9.673741252022098e-08,98030.28346315683,1650.412996670944,True
956.3116790329685,9.721007463219457e-08,104504.0925251711,1727.6888426891253,True
956.7495326151205,9.914031743927627e-08,100134.41504810668,1693.9531792399343,True
968.2096933149504,1.022790962443063e-07,96696.0149155678,1623.2699676218472,True
997.3778825719104,9.775876495117266e-08,102181.94662715081,1648.2504405635518,True
999.7748649253062,1.0001809310005413e-07,97721.78273094284,1607.9034426352703,True
981.886320683831,9.515734030439162e-08,98890.64152521967,1720.3130161609674,True
1010.0143985771426,9.747285734458206e-08,104357.07524119905,1632.2698357407774,True
971.2135176988047,9.914491474033092e-08,98598.96095346446,1669.1366734992985,True
1015.4215729805007,1.0214475523031377e-07,98850.12144688772,1550.229989985618,True
1045.918319367765,9.900516837988493e-08,103951.970948919,1552.4311049316298,True
994.8967382623812,9.664761958898582e-08,100322.8250617215,1671.6164074386468,True
1005.54484446487,1.0289822557876724e-07,96885.89702978078,1554.1572658377088,True
977.2124850160233,9.945423433056578e-08,103511.61557659249,1653.0600020293136,True
990.3272437957254,1.0109041503462132e-07,100040.31557812793,1605.4969640600832,True
989.9191143033853,1.0300906488634167e-07,95804.1266965016,1576.9190633460692,True
1021.3546029426298,1.0467723189504616e-07,96141.36161686036,1504.4602937800153,True
971.6092306473224,9.816670852955177e-08,97007.8395593704,1685.359017979127,True
1025.9836923170574,1.0227161170955882e-07,100549.61354569414,1532.2638389859267,True
1014.284961492895,1.0197615828902382e-07,97880.24438976435,1554.6718008659677,True
960.3769686326174,9.811185212148777e-08,96015.85482321416,1706.000966618899,True
983.603754156508,1.0485203102414023e-07,95916.5109500728,1559.02839531113,True
995.7905148093328,9.847313793194034e-08,104705.46818688056,1638.4951683096383,True
1029.1994013476851,9.743088244474838e-08,96354.41114878764,1604.1251255048812,True
975.2653925726842,9.984523041081447e-08,103334.8880362619,1649.8695435597083,True
966.6969312782244,9.803075892987083e-08,98166.93628312742,1695.9897096152133,True
975.6202191215924,9.67473428744351e-08,102812.21491423748,1702.1664693552036,True
973.9756704321171,1.0190064062944945e-07,95440.41120403305,1619.9613417175547,True
1025.4898814086605,9.676200587098938e-08,99126.83388726886,1620.517348778467,True
967.9247511409102,1.0186178287522288e-07,98098.91259001783,1630.1642627371093,True
994.0199770125752,9.778667294617947e-08,95072.94246386361,1654.4836224450848,True
1002.3598176263531,9.725007733950673e-08,99213.33555288044,1649.195804284578,True
1024.5251770811353,1.0241053106111115e-07,96300.46371900012,1533.0236771194377,True
973.8204877750233,9.713483121379702e-08,104713.55236101506,1698.190644204675,True
962.1627643585012,1.0452926267302615e-07,95075.58038702946,1598.4779854402354,True
964.1432172246759,9.724290966721772e-08,97577.77292281638,1714.3154425177063,True
989.3908737669841,1.045409701555983e-07,100962.96845161337,1553.8206002999614,True
1025.5884574768754,9.955303624504444e-08,103820.14760585251,1574.2062350256833,True
1029.8083297067164,1.0345820199279332e-07,100461.9513964133,1509.134604797344,True
1043.412516696145,1.043017556665425e-07,99653.7245674372,1477.733295980677,True
988.2025512766618,9.956109537188664e-08,103212.84950670188,1633.1377977387192,True
956.1808165572996,1.0427362335296175e-07,98213.19806915356,1611.8082729706891,True
989.665872956949,9.518385617409884e-08,95040.46631921403,1707.1324193296189,True
1026.3719060650508,1.0376634888044589e-07,104384.92589018671,1509.0659251067702,True
1033.6754500029751,1.0239494904400135e-07,95476.56067266277,1519.9664699940554,True
966.8748350555688,9.526691801534676e-08,95528.7262727677,1745.3450066105304,True
961.758033786326,1.0083876973687584e-07,103237.81137181816,1656.3568407323078,True
1020.0354162832946,1.0275557035196538e-07,98394.02464395683,1534.18803761044,True
971.3418414242307,1.0171693467580059e-07,97329.78843153086,1626.9248887996712,True
950.7087633008495,1.0202361325881068e-07,98575.89914996305,1656.6867148631713,True
974.4333517219316,9.662253591118737e-08,97043.903987112,1707.3738752033328,True
1025.5655135379204,1.0186827531192936e-07,99219.05625686314,1539.1599687949074,True
950.4804101210327,1.0102840860714388e-07,103333.81427253732,1672.6685723752912,True
1022.5830153888849,9.92382073523187e-08,101126.8190938589,1584.2077304997285,True
968.5504633737277,9.657198779007639e-08,101667.4919904527,1717.7679487690841,True
980.1650548461091,1.0155071417427343e-07,99774.73002231281,1614.6690789062939,True
992.3479822740651,1.0286940904823165e-07,100067.4117207833,1574.5464975216762,True
976.0983478632321,9.57710349301034e-08,99673.28124182268,1719.1933402898057,True
960.5083004905961,9.68229416145256e-08,96748.15531544482,1728.347702360656,True
965.8246471861819,1.0373480849596492e-07,102027.94375775784,1603.5745410217858,True
967.3239152361888,1.0080023513218985e-07,100890.70488868754,1647.8996915064527,True
1012.7174162430399,9.645321258042149e-08,100491.90706574623,1645.7728603163162,True
1024.6123803372855,1.0158518194642545e-07,100744.65323979923,1544.631203734682,True
967.6487427585769,1.0174405308485316e-07,100332.55919811936,1632.1565325032159,True
1028.678189772518,9.951776261824366e-08,103995.21077765606,1570.0545889090256,True
996.1010652955416,1.0251923389204129e-07,96714.48479464097,1574.5681761104768,True
959.7550123212969,1.0307339492120688e-07,99352.38028363156,1624.3827199996626,True
975.605369263255,9.685004234524182e-08,102409.73551829655,1700.449952876913,True
1027.6540814500274,1.0456893965174006e-07,103123.39008215627,1495.8116890956953,True
1006.9649060466353,1.0455009258196281e-07,95746.88160986478,1527.6539108385032,True
965.8904058665145,9.722340456398085e-08,96771.01425588055,1711.7279500058721,True
1010.89566267754,1.0046387129197247e-07,100287.52259124248,1582.9224921088594,True
1034.3233006167077,9.723562224452476e-08,100826.36213268783,1598.7145294796958,True
973.0716795292715,1.0141065222079707e-07,103136.38795799449,1628.0584685902452,True
963.8892672670592,9.68983890225565e-08,102272.53646371169,1720.086800653453,True
1046.175004447335,1.0073240804466896e-07,99684.22954408619,1526.091936558595,True
964.9199721067008,9.592924505606219e-08,101164.22413774679,1735.8034473971634,True
959.6591877234454,1.0026528252829347e-07,98567.90781322529,1670.168826762559,True
1047.799950797697,9.605373799715988e-08,100107.6118704944,1597.899676802988,True
1006.7714619340455,9.508943709762655e-08,100259.22643010903,1679.1761451943764,True
1046.978090669526,1.0163635398432823e-07,102057.39825332203,1511.0055788956774,True
997.1603501879605,9.525950576956911e-08,97101.92823980235,1692.7153190230692,True
1040.0116674876524,9.942843534634353e-08,102631.11188190016,1554.7124853386767,True
1006.2077269133221,9.835154741198394e-08,97540.01981576318,1624.8319508768413,True
1024.1074949755962,1.0306485474074112e-07,102122.2690118466,1522.9916136944362,True
1038.0805268017655,1.0365860646376039e-07,99295.80987739388,1494.5155946843242,True
1025.940236154205,9.748666908011232e-08,103701.70517359578,1607.0458925155367,True
979.4364192366857,1.0062185173539759e-07,100790.21174150595,1630.6152252204029,True
1011.3779774824403,9.556895985554885e-08,100457.54606219278,1663.1838898908059,True
981.3724683960182,9.741303235796618e-08,96148.60972658987,1681.8199474887206,True
1023.9678846843241,1.0403432627632476e-07,95412.62925220482,1510.0563381410598,True
982.8331234878574,9.891929937844727e-08,97825.48041016547,1653.4871064326462,True
982.5004088149244,9.78074443914987e-08,97035.73527725584,1672.9796585419692,True
997.3443472132302,9.97261804161327e-08,104414.82962881117,1615.4532765175209,True
1034.9430868612026,1.008302763790393e-07,100955.59245426823,1540.7855490393224,True
1020.9180473143225,9.891921488489725e-08,103010.1064428909,1591.591566461463,True
1002.3842812717711,9.674395338891686e-08,96895.00603201977,1658.1803870887052,True
1036.1910622555338,1.0413752030819583e-07,97737.85252572563,1490.5724780292287,True
992.2662018550222,9.632529940725646e-08,97470.21499337608,1682.0946003986537,True
1016.1666134766043,1.0387237672059326e-07,96128.0954457001,1523.778903562318,True
1036.9383067322285,9.673572177195062e-08,96675.28139040987,1603.6654436992833,True
1016.9616639714785,9.708705344199432e-08,100176.83346288002,1628.3239597790255,True
1019.169823714567,1.0397043990983234e-07,104376.0273009265,1516.6443491676619,True
956.2556141266235,9.630651800899396e-08,100736.4485600752,1744.590940514094,True
1015.2039625332154,1.038629884298835e-07,103083.69680580367,1524.2709465278647,True
966.2399675008273,1.0301283590975683e-07,102193.52053807629,1614.1011805149064,True
1032.2636546756519,9.783114175953904e-08,104222.886890479,1591.5952388607843,True
965.7311887119332,9.877096120913436e-08,95826.35210805897,1685.3475563374168,True
1032.991910007987,9.753993796592357e-08,95000.41836938269,1596.752371890437,True
985.4313539629169,9.959227363562041e-08,104501.31014684454,1636.9833040453277,True
1043.6934605662627,1.0396866566652984e-07,96904.14778090651,1482.508530961788,True
964.3412652681084,9.956727177154226e-08,103331.89795045601,1673.0426622463622,True
982.9110131064152,9.636312968376956e-08,100112.38378363194,1696.8293766726554,True
1028.158271101125,1.0427664411202295e-07,99607.6778359581,1499.7986410155988,True
1035.5517804267815,1.0053623559903613e-07,104677.5444241578,1543.8352715349831,True
964.0712122970576,1.0362524951967613e-07,102802.61043333598,1608.0487601051689,True
1030.5669790352385,9.649200746313622e-08,101971.85452471141,1616.663689161672,True
983.9489539144182,9.978533520500802e-08,99842.17925030785,1636.9668371544535,True
961.090813160264,1.04834879528399e-07,100050.49343302501,1594.7839378379679,True
991.9956122791576,9.859924516903491e-08,102729.80195326761,1642.897142076436,True
1041.5268897361125,9.517371714189536e-08,104463.39262746587,1621.5905227370347,True
1012.4434056119336,1.0056416441957874e-07,104718.76121595601,1578.2827519675786,True
963.657995674356,1.0215512069012683e-07,103341.10396539695,1631.8044037783689,True
1027.7212948898998,1.0210041546262931e-07,101579.36186759197,1532.107112456414,True
997.2994919931972,9.8120234809944e-08,99669.34085969192,1642.706378708905,True
983.4232210304356,1.0013853712521052e-07,101990.16400179274,1631.7212980192398,True
985.2602333926194,9.674251284737598e-08,102683.7517760459,1685.7728104733,True
1026.5842304288901,1.0175860340960918e-07,95597.94481157858,1539.9025545384777,True
984.9752664663085,1.0451621604040273e-07,97409.89315680748,1561.638512666381,True
969.8706017659026,1.0046250658674267e-07,98415.90426273772,1649.5339835636926,True
979.7750972499556,9.742510484981069e-08,97233.4660093936,1684.1358828648647,True
1006.0725583339843,9.534504525539709e-08,99291.76881024413,1675.9885134642839,True
979.7796060283641,9.952362503260291e-08,104248.65837454033,1647.5105301884157,True
1001.7572069124005,9.845137457781793e-08,98686.04556034967,1630.1296582992054,True
1005.4207168288339,1.0437742680686285e-07,98097.51185894318,1532.12510812863,True
952.9070407643743,1.0108480246744014e-07,100011.65504092457,1668.0231766247243,True
971.9474897264141,1.0129224523761146e-07,98137.15122381388,1632.605334636506,True
1011.2913496137242,9.963955934697111e-08,96549.75293687658,1596.0162710289487,True
1047.4643032713989,1.0136156637046674e-07,104837.78741111698,1513.9976939891214,True
1037.539816465816,9.510948184028116e-08,103812.39337617139,1628.9602930550702,True
1043.2847705063223,9.523589847277433e-08,103542.36018794579,1617.9705009399418,True
961.6175383274134,9.735524417796538e-08,103660.46309082712,1715.807704796222,True
959.2547338161155,9.603628863837518e-08,101826.97359760982,1743.9053350245185,True
1036.4368844295943,1.0143329916067198e-07,101753.58613527275,1529.3185604624912,True
982.3720678793917,1.0329422185556768e-07,97938.1533851261,1584.172978617446,True
963.5479937134285,9.899766432283739e-08,103308.01294837447,1684.0450243612547,True
960.7573909044073,1.0278836666469683e-07,99599.49012007935,1627.1652131233227,True
1036.0982325375207,9.741600311970343e-08,99819.06258479012,1593.211861378152,True
951.653358542276,9.542554098324353e-08,98894.27420806397,1769.440342241302,True
964.8431394115526,1.0331245368866381e-07,102156.03474069122,1611.733811270227,True
1032.2263473680484,9.847863901689711e-08,104562.65690325189,1581.1366949319604,True
1020.0736767882735,1.0422899005504421e-07,104638.55645994052,1511.5179097062808,True
969.6644076546208,1.0342050068305685e-07,103378.58842237735,1601.9413985576236,True
1016.8327532012298,9.776133739653703e-08,103206.04605020127,1616.8189679181437,True
1000.5353693519046,9.735868848898591e-08,95927.51260481823,1650.8942473631753,True
1035.1752570482658,1.0382180626905377e-07,104331.11906590473,1495.5657442381957,True
1040.7030519109899,1.0120319643938194e-07,103048.94691031524,1526.381395639384,True
970.7259965259968,1.0148411688046951e-07,96798.49895096075,1631.7699986394969,True
966.4538539029312,1.0121381919159828e-07,95617.27127122242,1643.4890036688423,True
995.9427800604853,1.0362414375587775e-07,98499.81699926598,1557.7362919830443,True
979.2924918732639,1.0078139675911021e-07,96832.14074374789,1628.911251619643,True
999.9103545065817,9.908709242018694e-08,98087.46331856855,1622.731981251614,True
1015.5135343487041,1.030099533971617e-07,101913.66158795725,1536.6017096815613,True
993.3629856389039,9.522119156128523e-08,97694.57482203649,1699.6996043814875,True
1006.7546589427056,1.0232128853475066e-07,95348.21255557859,1561.3204029640938,True
1032.5025483907248,9.780084301993562e-08,103045.71681411655,1591.9019321105648,True
1043.5543141474539,1.0291900108070617e-07,101624.93918619094,1497.0848043478318,True
1015.2177539320267,9.676755434339185e-08,101436.36179871092,1636.2744803148635,True
1005.946771685926,1.043503840858256e-07,97065.21242823535,1531.8942210975629,True
992.2313980194743,9.669806172666714e-08,100071.08723659108,1675.2295841587847,True
957.3989917672072,1.0373529188862952e-07,103154.47685382306,1617.3828106128562,True
1049.2126250785243,1.0201409035799904e-07,95187.82004642583,1503.3403191962943,True
1011.0127818969221,9.95853224174351e-08,99806.73546245492,1596.7807716353707,True
968.5594772332863,1.002768192503136e-07,99862.25273340418,1654.5701825584645,True
950.2402933257124,9.908763884716285e-08,95299.16853014778,1707.1676365941357,True
1003.5766163321335,1.0293413862850235e-07,95845.2896029492,1556.8039700268816,True
1020.1487970835976,9.968081387225754e-08,102772.63425059884,1580.6463151331793,True
1023.3126624336682,1.0489056644237484e-07,98977.32081138651,1498.1055401390506,True
964.7813767408962,9.966692091901004e-08,104870.61621192368,1670.3877802180855,True
989.9109974983439,9.977569098322501e-08,101659.42159781161,1627.0756063120484,True
953.3788093926765,1.0312457466300839e-07,98915.14852807212,1634.3998169451338,True
1041.391076300585,9.735313413776481e-08,96126.80459705938,1586.8503597103165,True
1035.6358424448206,9.661764455372365e-08,99032.9404309274,1607.2175287693415,True
978.0920771821351,1.0020809628217657e-07,97718.93144075108,1640.0720414774567,True
1036.1218832713002,9.668802946920715e-08,98874.50679212673,1605.3285803158017,True
989.4083093598558,1.0046567927070999e-07,99509.4976680737,1617.0507625042667,True
1039.3462502096284,9.53489343231062e-08,99890.94844752962,1622.7044952439194,True
994.0196924940916,9.952503435696129e-08,97299.92411808688,1625.2009445552492,True
959.6132614630167,1.0431731098710088e-07,100902.40592392032,1605.0119344164868,True
974.6629353446613,1.0376964830591257e-07,96052.7406624431,1589.5711973088737,True
987.7025096053823,1.0230165286733387e-07,95652.51234284401,1591.3760922670624,True
981.1640007783525,9.650999138648042e-08,104351.61735056962,1696.5654433880252,True
1017.8836978760057,1.032946892724486e-07,100970.08330253795,1528.9743487105827,True
995.0766640476305,1.0462304120465273e-07,97208.68833343728,1544.3982659335402,True
956.3536286893701,1.0155645061631634e-07,99655.19327535776,1654.4056257547488,True
1002.1681444667179,1.0407782247773815e-07,96345.30257633411,1541.7553624409604,True
983.0356683514433,1.0397548705798931e-07,104131.37913228787,1571.8118141773846,True
1027.1862702089554,9.544431325253042e-08,97926.46361546802,1640.4107808944798,True
992.1684462099981,9.810269536528101e-08,95144.07684359349,1652.1869229216754,True
1026.4404037217744,9.826631988507405e-08,95133.30516294888,1594.9329160663056,True
968.429322188185,1.0338044660220258e-07,97634.84004474571,1605.46296985626,True
960.6759422966771,1.00905020427075e-07,101364.97749016897,1657.3988773475496,True
993.0405199720011,9.561106585763978e-08,95911.73255921289,1693.6295982011018,True
969.2670195409121,1.0063864499093202e-07,104105.11979251953,1646.7841991461187,True
953.0857774201929,1.0239697180570956e-07,99303.77915066786,1646.4531331454798,True
1017.4558377468929,9.90558071996165e-08,100477.36405934764,1595.1453654249024,True
974.2820843523723,1.0102811671592079e-07,102409.72324574356,1632.3200643940313,True
954.3175455650525,9.972622473462177e-08,98740.008686374,1688.4769098624474,True
1007.9405038458032,9.741286852250801e-08,96293.67045436578,1637.914363195927,True
1046.136404807805,9.695584525702274e-08,99755.93046418209,1585.5813632583602,True
965.0816369764019,9.554313409662966e-08,97913.48996365137,1743.0757042868179,True
1001.6194185367549,1.0012514155267267e-07,101005.19009569757,1602.7276405758842,True
1030.2816826289895,9.613892177547471e-08,103810.19044499549,1622.7584760650482,True
1022.5011116506213,1.0080082805934023e-07,104383.53068687722,1559.2858019519265,True
986.1332914721766,1.0137132449943318e-07,99699.70253450624,1607.84399187904,True
1015.2654684050661,9.910551318674815e-08,102055.8352952454,1597.5033384938993,True
1001.7857467949101,9.812841166545073e-08,97552.38287876124,1635.6396523873273,True
1049.8993654647497,9.634046445581793e-08,97869.09160259136,1590.3687850309177,True
982.5694002086076,9.902020913095751e-08,97831.78315582381,1652.2399448578276,True
950.7481818292329,9.88068882954193e-08,97156.46982518843,1710.78975214381,True
950.0450629094684,9.938425277192092e-08,99673.6903517819,1701.6813802871325,True
1026.079038424913,1.000261113368549e-07,97299.38696800017,1567.0463426093672,True
976.1751296099176,9.939787446094323e-08,98767.08107611495,1656.481608715413,True
1020.5187980767964,9.60574487176867e-08,99286.04098837785,1640.2468681140795,True
952.2155039013907,9.846398915381904e-08,102677.49966196655,1713.2331793330566,True
1004.9296233322291,1.0283567695005912e-07,99196.5534338592,1555.6727280655734,True
963.0863961062498,9.835121696954432e-08,98732.36223081053,1696.6448738298534,True
950.4028327148477,1.0028732440246687e-07,96283.85846335508,1686.2897420104584,True
951.9932792000129,1.031637255623113e-07,97982.30228777434,1636.2831485328952,True
999.3127880706194,1.0143806412155425e-07,97003.36301908571,1586.239924826656,True
1016.5750810832727,1.0192986063166486e-07,104210.393543928,1550.9409569327788,True
1008.7963435194247,9.658184236049785e-08,100334.81641421138,1649.931326923716,True
976.1425897905776,1.021319440678881e-07,95658.3101884455,1612.70360986539,True
953.7767568399131,9.86288126719579e-08,99429.07711680351,1708.1095550627597,True
1037.1211233484491,1.0128814205267863e-07,103209.80593769441,1530.2921395844248,True
959.8877634599285,1.0170818953694771e-07,97846.44807850194,1646.2033522073682,True
977.9083887621325,9.81494716217911e-08,96377.01880593067,1675.0140030363675,True
960.4429610013061,9.638499793307993e-08,104548.1881907238,1735.0443841333822,True
993.2203172161575,1.0108109830192135e-07,101050.84477578723,1600.8564392961728,True
1019.9083752154867,1.0275983926628651e-07,96987.25999890071,1534.5417503074684,True
963.4018687304393,1.000948050127069e-07,100569.14173992064,1666.2556376691966,True
1007.5428148942798,9.516932326254002e-08,95815.73550693672,1677.2684808151926,True
996.2791275204718,1.0100866986607497e-07,98414.73604120317,1597.5513425270992,True
1009.356286472483,9.921365221670287e-08,97324.32342751269,1605.7765084125724,True
957.3149014656575,1.0479100423021792e-07,103356.87036033098,1601.1990735061206,True
1019.996462749361,9.581255435041971e-08,96196.48653863945,1645.8101741231724,True
1042.9464818692709,1.0403829732423622e-07,100868.01328691184,1481.945720333385,True
976.1648161377157,1.0454852426903192e-07,99161.58909840527,1574.8291406454157,True
983.0500986552934,1.0243812074780156e-07,100868.94926978287,1595.8605524405539,True
1018.6466481058408,9.583013464495413e-08,97159.23264127746,1647.4947659338904,True
1005.6326280732093,9.785491136853896e-08,96148.49846509477,1634.2440545013346,True
982.3105436631082,9.549402301103369e-08,99839.76621501315,1713.3544611352409,True
1034.0040299084785,9.549839825119163e-08,98441.98210339127,1628.694824931897,True
1012.9399811694162,1.0321707414766083e-07,97659.40284089094,1538.035110956556,True
1002.3738797296234,9.508010483064348e-08,102724.32586088998,1686.2346102566871,True
1018.2795320988547,1.0243471689123782e-07,96948.66155455064,1541.8555060415822,True
982.3078619309557,9.985190891093106e-08,95187.60488629132,1639.3623721383915,True
1019.8604573092402,1.035085838557839e-07,101618.03912408889,1522.7897926137628,True
1045.8070281335145,9.760947857082875e-08,104019.37540950143,1574.784603339094,True
1013.2494266888383,9.842522855877958e-08,95172.20985825852,1612.8597447202465,True
1020.4706399977332,9.549734523407133e-08,96016.00280183872,1650.515858707703,True
999.7510910427505,9.529656500927122e-08,95933.0803449082,1687.9264062694256,True
1047.4104888209304,1.0234484979346823e-07,98682.26585570048,1500.453416903461,True
1028.693845575254,9.76387605251833e-08,102547.23706185358,1600.4665955127566,True
960.8504923678578,1.0192675759442831e-07,95696.17266788518,1641.4019783254994,True
988.5305858269157,9.908928221949964e-08,100239.96430217619,1640.8361447027655,True
962.7995911507695,1.0144727327391704e-07,100575.05314097484,1645.0593095279983,True
1005.1613708670018,9.764727524626183e-08,97918.0035225142,1638.1726276734441,True
1032.7928185323735,9.582186634043219e-08,103283.70795228053,1624.2896847951629,True
1024.0027008063441,1.0488026545429869e-07,100926.46115707015,1496.9572988551297,True
1019.5856482179418,9.581161878839965e-08,103510.76240838483,1645.2622352770004,True
1006.8098003431887,9.663598941002396e-08,102188.12471816553,1651.9304180248112,True
1042.4914943535741,9.933484198041851e-08,100176.1910492859,1552.8952862785923,True
975.7062718672843,1.0044429342610368e-07,97201.69287709666,1640.2628964983924,True
1019.368415177806,9.903497227672996e-08,99473.45660895009,1592.6788759135857,True
1006.0941006591574,9.999625367571326e-08,103436.79829402959,1597.355644627802,True
1032.2036830485972,1.0385693094532621e-07,101082.77394629637,1499.793743781113,True
972.0707357299365,9.79840228035013e-08,97749.97225660665,1687.5804611512315,True
1011.9103697993598,1.0358279380683079e-07,103697.1284339592,1533.2321152084264,True
1031.5301965814192,9.663908810761712e-08,104434.98973491557,1612.3300564428264,True
996.1767331359189,1.0201930078666099e-07,95661.01054833531,1582.3428303103146,True
968.76036971449,1.0239606430749126e-07,99566.69007992507,1620.039713971903,True
962.738628602399,9.51499478501979e-08,101998.36021306907,1753.812489212665,True
1010.2929774266657,9.510534874225931e-08,99328.72336588918,1673.2577319200586,True
960.8976335342809,1.0401664564231353e-07,99431.23693172606,1607.7444154557447,True
1027.9104086864518,9.513142651436443e-08,103278.69765909133,1643.7733260518057,True
1012.6939928589027,1.0464499077746534e-07,98039.94117579443,1517.3523640549786,True
968.606586393897,1.0226030892457332e-07,99648.49740419403,1622.4326297994082,True
993.9591379695562,9.760632489919497e-08,95343.57331719059,1657.5923500630618,True
982.188966566461,9.564519700689996e-08,104271.19288432792,1710.1477419705448,True
982.0854061268283,1.0120256283091548e-07,100987.72991092101,1616.8971161769155,True
1020.8507094144393,1.0121045351207258e-07,96228.28679450115,1556.7380127859367,True
996.1192898975348,9.725085323536498e-08,99648.27261452595,1659.339175142179,True
1010.4098421579415,9.551390914394272e-08,102824.91648614312,1665.33922092364,True
995.7300301716434,9.82431854569056e-08,95517.32024199772,1643.9174393173055,True
985.1311463791696,9.869847089939988e-08,100175.1744422909,1652.9727054073178,True
1005.1916832139644,9.5521980336638e-08,97952.46671082496,1674.5648095127515,True
1043.0355539487527,1.0122003506465045e-07,102438.2325049286,1522.8397385996702,True
996.9210723751623,9.838947096613742e-08,104983.6074406605,1638.0053629322513,True
985.9530902040012,1.0284474249217971e-07,102416.38762621867,1584.68409997106,True
1039.68931102492,9.545427975308223e-08,100682.19322444714,1620.2531296589814,True
1000.3363511418124,9.513372222539438e-08,99072.22945641521,1689.2840837060908,True
974.3421372401476,1.011106085514922e-07,101287.85394164437,1631.058988715523,True
1014.7017220042716,9.815326237181864e-08,102926.45417237339,1613.7547210537791,True
1047.743720198836,1.0010554066570385e-07,98544.07813790132,1533.5576103825224,True
1013.5829936727439,9.96253678701151e-08,100681.00234087132,1591.993087424818,True
1031.1548162834447,1.0483788234574639e-07,103615.29858998151,1486.8893419793844,True
952.4323668508157,1.0473538277320943e-07,102033.2894654754,1610.3774880786107,True
1034.5634255646185,1.0429076761418116e-07,100108.09888602448,1490.3295540887634,True
1044.0995137466239,1.0063014436262747e-07,100960.00403527581,1530.447465914022,True
1048.4356905861841,9.633160891030573e-08,103170.09613971483,1591.8444832868734,True
1038.8036149379914,9.776995765074657e-08,102864.3705723872,1582.8694406472794,True
1046.2815138108704,1.0019081797573425e-07,102389.50461945863,1533.7657484408019,True
958.9822226132804,1.0336819080418076e-07,95687.3739297084,1621.636491906147,True
998.2580408395332,1.0494907506755481e-07,102604.26050724396,1533.923205534875,True
1025.7124407084661,9.645493996680402e-08,97199.76459321148,1625.6571820849495,True
956.4198632087381,9.649554306045012e-08,95729.63184647239,1741.733587724701,True
1014.7059945079083,1.0264481219438936e-07,101480.43624064574,1543.3479810314573,True
1047.4619978186647,9.55821674638448e-08,97745.3919589693,1606.6978800000907,True
1005.1508170770364,9.550004589057407e-08,102814.21331927736,1674.212303237617,True
986.5488775176333,1.0263385112519885e-07,96887.31259772355,1587.8545319079465,True
1045.4903691950892,9.559890563269264e-08,98518.87221418163,1609.2801722446673,True
1036.7128496337043,9.607678690422963e-08,104660.35658938768,1613.704149505789,True
1023.0986207227041,1.0296564026005463e-07,100769.77867022254,1526.150607101701,True
976.3227402862904,9.873354418340897e-08,101024.04109428138,1667.0129891945098,True
953.5722360231823,9.860467442226376e-08,99133.04839113489,1708.939133891582,True
1042.9832071253004,9.899836924779507e-08,99875.53252284654,1557.4944990875397,True
1048.3551031578297,9.644374114588144e-08,100703.03232492896,1590.506546655937,True
1013.8064949835352,9.521840016520017e-08,104778.84805927917,1664.662043805638,True
1004.073318003875,1.0290911418679566e-07,99759.74607082136,1555.787046026798,True
968.5700100200994,9.942193488297602e-08,100004.49313415427,1668.7563117478446,True
963.2112211706411,1.0004821177317557e-07,97850.61314088819,1667.7979063751159,True
1008.0095388894003,1.0145469047634643e-07,102597.61722643106,1571.5544301040463,True
1026.0484702448662,1.0035444009609455e-07,97318.4583348367,1561.9623036997782,True
991.8529760913549,9.939481608227745e-08,100093.80007274944,1630.3897635839057,True
950.1245473255186,9.566412256785283e-08,101594.6890921822,1767.393262402523,True
1025.6672518435992,1.0329261875425683e-07,101119.70512471498,1517.4949543261657,True
952.9773993885132,1.0058878071948027e-07,100275.55893497694,1676.0842791042053,True
999.364255055222,9.665002682494696e-08,100331.37671670482,1664.1742120402203,True
973.9238361913493,1.0305465240534934e-07,100925.64131131142,1601.0258599139718,True
1003.2668668850617,1.01078276717453e-07,104629.7668193948,1584.4930108869573,True
963.4642000418886,9.841959443022655e-08,95570.13447086551,1695.349638752642,True
953.9067436786186,1.005644698310574e-07,102982.23069894325,1674.4567038787798,True
1022.0513664434256,1.038108071393849e-07,103145.73350671366,1514.910588323451,True
967.447346756844,9.844876088748477e-08,102803.08081309807,1686.7489044870044,True
965.5469782168445,9.686280018960176e-08,104298.80583459164,1717.4800119964043,True
985.6648332974428,1.0125156951347731e-07,104323.01164701274,1609.804526574182,True
1008.6681805480035,1.0180567392307165e-07,101131.23145721355,1565.3445981543723,True
1049.4385458540407,1.0039454236249807e-07,102686.81924845204,1526.0504486643529,True
1048.7051685936462,1.019448663454098e-07,100347.8390847328,1504.2377779018364,True
1026.6768534464688,9.909315214434373e-08,104228.4060964809,1579.7912303648532,True
1034.713745275194,1.0266321375423645e-07,95779.71301578116,1514.4383718604804,True
1015.1326858767824,1.032541278836399e-07,95265.4183679004,1534.5929026877793,True
1035.2046162826755,1.0254941348711879e-07,102803.60314121879,1514.3006454629917,True
998.7757577407017,1.0365215984028322e-07,96051.18384095172,1553.3396209252842,True
957.8942829998931,1.0279700148858842e-07,99073.45140767565,1631.927730173994,True
1049.8768015872847,9.519341513781102e-08,104937.67249434345,1608.4157133502665,True
1031.253104218146,9.828089929683674e-08,104967.41578263593,1585.738780077297,True
951.148402872162,9.823638389135921e-08,99646.52306156517,1719.5913811015512,True
990.2041877867783,1.0264989836983966e-07,99158.83926273778,1581.438183125593,True
991.5092055419576,1.0169487936359144e-07,102244.94769281219,1593.7328683510136,True
988.4566582602973,1.0375023788370374e-07,101198.47489086447,1567.0930704970706,True
1022.5743830528187,9.960112441369671e-08,101516.7614335798,1578.387842222627,True
1026.2513950036969,1.0324193329756637e-07,98772.02358711463,1517.7467996096937,True
959.2656057217558,1.046527781160275e-07,104418.10913696134,1599.9339245230797,True
1022.9094761789663,9.969958464175396e-08,97436.97171384125,1576.9760958280594,True
964.8320642490512,9.690271301710712e-08,98737.56746809841,1718.9199590925061,True
1047.6907464862174,1.0446011533626514e-07,100032.8980297847,1469.4724039635094,True
1038.8915823254147,1.0115510337367688e-07,96122.52896158442,1530.84342524289,True
1003.5935680800047,9.940919651886962e-08,95476.77773100245,1612.0440739473756,True
992.3153430526872,1.0438352787341853e-07,102788.92067633712,1551.3542773982551,True
965.9696663132937,9.62124144364521e-08,96569.73326770288,1729.6097147116118,True
991.4224850158878,9.79812297591987e-08,95362.98659238016,1655.4277453048198,True
1035.0996875191713,9.563751310820285e-08,104423.16797731597,1623.6538551018662,True
1001.5704440781936,9.75662114538526e-08,98611.52033676472,1645.2350418439842,True
1024.4791700657252,1.0285305501413077e-07,97089.38587261751,1526.3651210895964,True
976.225086797326,9.55467775380182e-08,95820.56286250896,1723.6788467177537,True
1002.9575136867353,1.041549362103176e-07,98558.28513547945,1539.057722006859,True
970.2609460580437,9.796077653504752e-08,101089.49385326538,1690.5493772798197,True
1024.2025954966196,9.68187411653871e-08,101949.77341221321,1621.1232893402089,True
1026.1351644883257,1.0062206695240066e-07,103642.89635144592,1556.6858989643347,True
1030.7410588322373,1.0043031339502603e-07,101941.37943677361,1553.012272562934,True
965.1319159043956,1.0261117552729297e-07,97374.1784436407,1623.013540025682,True
1001.1762235758246,9.928505391903608e-08,96922.75486966205,1617.6658535635129,True
1012.9248626112787,1.03705566384393e-07,95028.93907269469,1531.247991557281,True
1000.5287732604921,9.542548403776424e-08,98793.47422549427,1683.8459737184648,True
1046.4038471705983,9.663256009428736e-08,102773.97601799975,1589.9987160491835,True
981.4755843824229,9.691864853812003e-08,100163.70641970365,1689.5385103543479,True
1033.5145910788883,9.901878254839708e-08,103238.44138495311,1570.7679018096965,True
978.2572492895548,9.662302253187354e-08,102214.09070979113,1699.899172809279,True
979.7404546570327,9.706424288499473e-08,103310.37844165807,1689.4643402418867,True
1019.8673575213903,9.982236830248901e-08,103244.21806704174,1578.7652884057402,True
970.8759971321114,9.834420427242449e-08,98092.55734827595,1683.3906682966003,True
975.5788479020608,9.634637320077133e-08,96098.05042897922,1710.444846327868,True
953.3218042228663,9.53235607161134e-08,102673.27723199649,1767.6414192830703,True
974.7403693247335,9.9872390422324e-08,97966.5642707031,1651.1460472933356,True
1002.8741770076401,1.0467659960553166e-07,96233.66243786411,1531.88634123054,True
995.1450599175354,9.785947480654687e-08,99323.18892695743,1650.6709788997023,True
979.8871462697784,1.011890425214773e-07,102310.76360786668,1620.5046135834928,True
1016.9401613961879,1.0087434825703838e-07,98426.8324132696,1567.5018920718933,True
975.7460730665955,9.83257581360456e-08,97469.8414551678,1675.4906607073087,True
952.9792563530292,9.778461420588752e-08,98280.01885385219,1724.4755423551635,True
1026.7125652272694,1.0014945007726516e-07,96691.5165608987,1564.2634635915695,True
1026.5713880422725,1.024650251203129e-07,97719.39222053447,1528.9522421028773,True
1030.2190303888988,9.511136488209465e-08,103604.86297369942,1640.4210290265623,True
1023.678286746998,1.0496565474500025e-07,95249.80814546005,1497.1041386753482,True
957.0697681646943,1.0174972220289264e-07,103822.89960505835,1649.4092081980643,True
1024.6207141198242,9.563200053907325e-08,104719.04938994632,1640.145767957313,True
1010.9518544001686,9.853103408091358e-08,97036.77463536679,1614.4246972113099,True
958.373488761049,9.694333065280462e-08,104895.3856305173,1728.690738221571,True
1005.7591671233399,9.50637497821199e-08,98651.261834716,1681.5757942279974,True
1001.7770603105589,1.0209757548539523e-07,96498.6738361172,1572.2402103499164,True
1049.42076975228,9.945009686301422e-08,98912.5397827334,1541.1633683054883,True
1035.758531725481,1.0192503511063589e-07,97660.81592839495,1523.570214600967,True
965.3339087940188,1.0325617936469535e-07,97700.47220061063,1612.488122098451,True
1029.3148931936287,9.937854841572711e-08,98272.6900779248,1572.1877170472742,True
968.1877455596904,1.045798058830915e-07,95855.23273351735,1587.7324235939393,True
988.8950870533213,9.735994386357759e-08,97898.0913733213,1669.7617753865688,True
1001.223028738847,9.891831928448567e-08,96557.67746927991,1623.6509051782318,True
1002.8957428813221,1.0499001646063001e-07,99593.0896810151,1526.7494899481626,True
978.4204267881773,9.86390146093855e-08,102567.31834683094,1664.8270578127078,True
1036.0720075229547,1.0242940082010147e-07,96617.02668878174,1515.7860982687953,True
967.0450497046669,9.592805608375978e-08,96605.41294964816,1732.820455416249,True
1034.6279420152416,9.644040711501736e-08,98164.40263544352,1611.871043210952,True
1037.0891551651703,9.97601660998914e-08,103262.19605130807,1553.7704241782149,True
994.4136231382571,9.71567327771187e-08,99140.50067000322,1663.8515941301528,True
961.0741896273477,9.784560397785892e-08,96471.92505795286,1709.33437273475,True
1031.7196049722318,1.0210547708081767e-07,103076.96762768141,1525.9304731410755,True
972.7203567536081,9.850218891693795e-08,95864.84869759982,1677.9179996452658,True
996.6405876751278,1.0083757529144408e-07,100016.93983158677,1599.4304880447755,True
993.9831947922271,9.693957276169605e-08,98016.62987271188,1668.483714776319,True
1048.645710937245,1.0470051034979574e-07,96787.64650710886,1465.2866877500057,True
961.5874945307562,9.506758807873555e-08,100954.73967524091,1757.583230681377,True
978.0060000100698,1.0458531613846415e-07,102870.7810696836,1570.7869700565664,True
983.4781985467889,9.996240861453486e-08,102255.07197069642,1634.465359870328,True
995.5402111007885,9.725711033372939e-08,104584.8961664576,1659.412841141963,True
1015.4739355531084,1.0467922754984355e-07,102568.73968091173,1512.061292277797,True
1032.0641394504607,9.849502144375297e-08,103262.32464902288,1581.3143426108788,True
996.5745037325721,1.0339007826217203e-07,104694.31369697621,1559.3584171044356,True
971.6480519701718,9.88651044507898e-08,103358.95849215698,1672.3675250455892,True
978.166508780569,1.0127320547807306e-07,96081.50620067335,1622.9749105960902,True
1011.3944165585393,9.542726675492669e-08,95800.05144975547,1666.4337740906424,True
1004.3882211288575,1.0358556426681095e-07,96378.7778130068,1545.6877311262401,True
991.2656707303757,9.778209484060504e-08,96604.66395340786,1658.8393904574239,True
995.4309958726487,9.584249153039734e-08,99965.30391735508,1684.8222502347066,True
997.57154442971,9.806164520108912e-08,95532.94492946439,1643.9491051398563,True
979.9507921646112,1.0322423392039845e-07,100966.30286548016,1588.6528711217313,True
1017.1573090761275,9.55458162822844e-08,98607.92393249914,1654.5397502568849,True
978.5134585563256,9.851576584775208e-08,100995.08761039538,1666.998067336167,True
1006.911275605715,9.952405610726509e-08,99791.15565820308,1604.2092322318115,True
1004.6922120039237,9.672718169168341e-08,95741.60155390446,1654.9017319469042,True
974.9986374163394,9.813218688092755e-08,100051.12600141735,1679.640580574118,True
998.1586657559592,9.881920940218335e-08,96620.65784839947,1630.2068855676873,True
1039.3242814171374,9.523106368749442e-08,102651.49848748003,1624.2970283158809,True
981.1972288787605,1.0137999373689668e-07,104010.88147857385,1615.0624348641047,True
1047.4395493891845,9.79642014929692e-08,98947.21078375267,1567.461817168623,True
1030.4664771760592,9.757089354954324e-08,96642.84513077384,1599.823924485284,True
1001.6994626295921,1.007541928774393e-07,102039.02119482995,1592.4366559906225,True
976.3427905794651,9.645905631020937e-08,97077.32348262584,1706.9501654269384,True
1043.7306260369228,1.0186465162485203e-07,104943.43201548477,1511.8412933501643,True
1034.2854536849195,1.0092605966966638e-07,97282.86036220331,1540.8818078515042,True
1044.0858591371882,1.0328372867075313e-07,103317.42050877195,1490.7979747752388,True
1028.6668961284772,1.0291985381977246e-07,99754.70075337403,1518.8038977199642,True
973.7290683821151,1.0277354147383967e-07,103616.37548094253,1605.3246524646647,True
969.3323561444261,1.0086527327725222e-07,101469.07546250356,1643.3681620021778,True
1011.3284399144495,9.999482972312523e-08,100776.98128254464,1589.5965939564553,True
1034.4429045931267,1.035476159830321e-07,102041.0648654242,1500.9077598482186,True
1044.107868203747,9.756038834920521e-08,101451.04849894274,1578.5125721701834,True
959.4802937026614,1.0265049622052628e-07,104899.98849643425,1630.7120819075033,True
1024.376697620326,9.591815670710094e-08,98385.0978897816,1636.658510624801,True
1010.0087320087355,1.0181496945946e-07,102973.22046691208,1562.8682652839127,True
1017.9557826480399,9.855450614495723e-08,104235.26299761712,1601.900184129882,True
1001.1793128546809,1.0274117244824237e-07,95565.45658922392,1563.4712871855247,True
1035.0129484560493,1.0197666089028134e-07,101972.72003692585,1523.2086122535459,True
1018.2802716727056,9.838723337781128e-08,100409.73919563157,1604.7085244830657,True
998.3651150877698,9.738859062646745e-08,97469.74908768626,1653.6683935724816,True
1020.0291960703433,1.0356384201113226e-07,103726.34964980216,1521.4206237966912,True
1027.9218035179747,9.933625123769336e-08,98599.01711088898,1574.9127102942707,True
1006.2796057278332,9.849775167770898e-08,98083.53633240821,1622.2136425430588,True
1003.9656521777036,9.932507724742616e-08,100153.85737908418,1612.0338579761087,True
969.0631792164876,1.0179743103317002e-07,104653.4323211719,1628.299047293969,True
1038.8672963958866,9.881228489022753e-08,103814.96514983682,1565.934026706896,True
1020.9709427117599,1.0157169346625092e-07,102619.7567564973,1550.0065343375945,True
952.5806191766213,1.0365372789089706e-07,103979.06125456498,1626.6497113497899,True
1021.0951715583057,1.0219082042753502e-07,97442.49586492518,1541.2365323376216,True
1014.9893990602901,9.751679902883727e-08,104202.91815112077,1623.637104546092,True
999.2519548171324,9.57193839818835e-08,98601.12852529062,1680.8321327838319,True
1019.826160816167,1.0208661592735846e-07,104048.10529050426,1543.6938770365869,True
1037.35414751837,1.0292350333682453e-07,97479.93467433416,1506.5229281938525,True
986.350571016733,9.973002718153447e-08,104520.27897021474,1633.210198555325,True
998.849377267905,1.0000418494767369e-07,102093.56922669875,1608.9046067707482,True
957.1065631277802,1.0047083711062154e-07,103096.20197942272,1670.4483200441023,True
988.1993106356936,1.0419637288976624e-07,95261.28755462295,1561.7264273440596,True
1045.6807303175647,1.0218377512878306e-07,95498.67883652802,1505.8046217232559,True
978.471548836397,1.0365145417734871e-07,95606.76055598308,1585.3262642085201,True
999.8160575297238,1.0025530571379285e-07,96485.71939478582,1604.2416988575146,True
1001.9469421992246,9.568755945416772e-08,102013.91276465745,1676.3496783493274,True
1048.4642076583837,1.0436353486087819e-07,96941.89874401444,1470.2445780828632,True
1046.5566789931727,1.0391144120857389e-07,95783.09172363329,1479.4950391252487,True
971.0784570040544,1.027013692575417e-07,102319.6429352954,1610.9863955529754,True
954.5961827075713,1.0451501607245823e-07,104093.09653226486,1609.8534273704909,True
1020.5913610118669,9.641351953654805e-08,102547.92721717223,1633.54530835866,True
977.0149966594381,1.0396523509014772e-07,104308.4622367989,1581.538209762238,True
1038.939977283727,1.0338813283582406e-07,95297.25238358972,1497.8491577923262,True
967.3046276786067,1.0083624361349408e-07,96109.33129786898,1648.1220498352998,True
955.1413587557414,9.706466210505663e-08,95787.01036328705,1733.8058251731213,True
1030.3166941402585,9.810152807431658e-08,101394.41840563943,1590.6126193488178,True
978.5532706067131,9.544274075553694e-08,99729.0852964636,1720.811633803524,True
1019.7693693796026,1.0259022330832028e-07,103903.83961385697,1536.2214231832086,True
1036.5662997308755,9.580077193088553e-08,98150.23950351772,1619.632857796506,True
965.1190399054765,9.554702223283536e-08,101713.20996083412,1742.3023541924438,True
1024.822380754232,9.535852407166357e-08,103666.48622666029,1644.6907875608824,True
1000.7079037644544,1.0034159953672192e-07,96476.11399766216,1601.4498424139863,True
997.2886951855733,9.880478457926507e-08,104843.9941103428,1630.5450316495765,True
1034.0749297655425,1.0153754431463979e-07,103640.55240819033,1530.922376699137,True
1034.2816557185345,9.808360241762138e-08,101333.39426420727,1584.8755109738995,True
977.7035886206758,9.836301395808798e-08,95699.71049260453,1671.843019794497,True
978.6617369306664,1.0406243474639496e-07,102839.00837529264,1577.6364718657728,True
1027.7988349864897,1.0330634137744137e-07,99474.54043879703,1514.4301891412179,True
980.6293004093166,9.503012858409326e-08,99855.37108170947,1724.638713319746,True
997.0362350815923,9.968711248136859e-08,95136.58360462265,1618.07227716413,True
1018.0295935819304,9.81531700127419e-08,103000.86912868224,1608.5210936832852,True
960.1233947251562,1.0186432339055066e-07,95338.15979634554,1643.7007540999418,True
980.1930736573106,9.544151063389043e-08,103537.89448588688,1717.3678290454457,True
967.0896989988246,9.875087165273228e-08,102986.36691553392,1682.1767793419544,True
956.9115897570437,1.0242171090619407e-07,99168.67501830998,1639.5582603332489,True
952.5594291313101,9.765464130122641e-08,103557.71370204525,1726.6793342209385,True
961.6132332320498,1.0427684925207106e-07,103740.5059656479,1601.912942364251,True
1015.250295976603,1.0289198947018678e-07,98866.4669593895,1539.226132473899,True
1041.0149619839528,9.861228568512243e-08,104085.78070280659,1565.8644269428955,True
961.2020519951928,9.639920136613672e-08,101187.7540966024,1733.9556402219482,True
981.1078045110233,9.578313801942084e-08,100026.03614012682,1710.2254798131341,True
975.2301165011695,9.770973208959418e-08,102427.30329111729,1686.1284070910438,True
1046.343395446842,1.0127513227545739e-07,102629.37853831977,1517.2195994974709,True
1038.0910809458687,1.0127359071506294e-07,97438.38900378856,1529.9980788125818,True
998.4102460270033,1.0031827205856566e-07,97162.03767114526,1605.3545994107228,True
1024.132330123916,9.753193062221833e-08,97392.71714825371,1610.1272874599147,True
959.5814459962379,1.0116939894926797e-07,102366.93604489784,1654.783597213464,True
1026.25423708174,1.0392304738993987e-07,95023.39568529502,1508.40698720756,True
1030.4193055494522,1.0085124711351467e-07,95539.35278581752,1548.0457211112484,True
1004.5650206889536,9.812013847635874e-08,95829.81707029731,1631.5968338748612,True
992.7649631225338,1.0010029637742121e-07,98785.71351542819,1617.6369660576029,True
1037.9189954411333,1.0269709305504517e-07,99489.37362996234,1508.710144578302,True
970.1260691932071,9.877434881552933e-08,98535.16475264094,1677.268951248664,True
961.2499504335138,1.0436990297143717e-07,102625.58086002647,1601.2437201244043,True
974.3947115979995,9.669215990190081e-08,99121.87897609017,1705.855876777942,True
986.3778780657447,1.0089052809832369e-07,95967.42236080542,1615.724904868498,True
950.976802457647,9.761227799270735e-08,104320.6647901795,1730.1621613102166,True
1020.9070753401759,1.0196755697135144e-07,103766.5120240916,1543.9165721521356,True
1006.060062041189,1.0340937199838977e-07,98361.82999510095,1545.4529581546474,True
1042.8935177192168,1.0079144433654948e-07,96317.096948685,1530.501055367165,True
1045.8702231843804,9.998376553721782e-08,99461.0794861727,1537.9979924858073,True
1049.0627320071885,9.742346118230599e-08,103715.05526743934,1572.9896890588625,True
968.2077404067164,9.625079274536068e-08,102776.60254243758,1723.929056885993,True
987.3784072392277,9.863811668410645e-08,97107.92151647029,1650.7650874155154,True
983.4399318275064,1.0182821418960585e-07,98874.6949875177,1605.1013473423268,True
965.7801847851888,9.741013047069611e-08,100351.58093166603,1708.0373648402006,True
987.7561101872848,9.770142203420558e-08,100259.2735825496,1665.4333585642967,True
997.2893065361047,1.0170666355194641e-07,102930.80811099656,1584.2990290279906,True
1013.363624125084,1.0301415036126747e-07,103968.18523164881,1539.4672292320017,True
1026.9269526902895,9.62467489822431e-08,101154.18653649135,1626.601915369528,True
957.4935613396933,1.0162933387162495e-07,98711.08957372919,1651.4199591204551,True
974.9471826628773,9.839443427227706e-08,95945.82726349498,1675.9431930140922,True
982.4751672226361,9.945209263546283e-08,97304.64977792087,1645.3097121603869,True
951.4182738531816,1.0401247626961849e-07,95027.26992546106,1624.387969977665,True
1030.3130954817495,1.0028005236299904e-07,102437.66417745121,1555.9034787187156,True
972.1308691002232,9.546823300035352e-08,98523.61213043661,1731.811770284186,True
1046.6166231413995,9.551627159716136e-08,102950.43930018078,1608.229345338178,True
1034.0525286814275,9.571457807510432e-08,98379.15035307613,1624.9516380941318,True
992.0491008429585,9.821582151611158e-08,99349.75857272025,1649.7594122270252,True
986.9262443208962,9.569346411975509e-08,95673.4677291194,1702.5904883283722,True
963.7699885351626,1.0366859010380957e-07,102595.58913661102,1607.9043330363531,True
1003.1704265170722,9.659899375513537e-08,96236.54685254663,1659.4969732111995,True
1018.5234726619993,1.035929792796882e-07,98958.1415216365,1523.933027028205,True
990.5618416651694,9.846636778712768e-08,100355.2986146147,1647.8448774789242,True
976.1213491988784,9.784409683298165e-08,102120.96923927774,1682.3376830136508,True
1030.7363042779114,9.673828697836696e-08,99898.35991521862,1612.6205585235366,True
1035.5115374900338,1.0357630640711723e-07,102380.22315056142,1498.9091806100078,True
975.6656881213169,1.0059577651421114e-07,100578.38666387775,1637.3138858849018,True
976.7020923157814,9.762863977964e-08,96786.7627919624,1685.9372098024808,True
1029.0490322243807,9.99139767648523e-08,99347.95978959232,1563.9869140332726,True
1034.8260250952412,1.0001237218991693e-07,98341.25048359495,1553.9791258558319,True
1011.3300253326818,1.0199683412095285e-07,104432.36569121153,1557.8514455326285,True
978.1661872088063,9.763605201688787e-08,98063.81289096754,1683.0918222446335,True
1031.267674700171,1.0403744204937246e-07,100366.14603006096,1498.6447300524635,True
965.0552070609833,9.979360000416395e-08,100665.66975843237,1668.4335701891096,True
1006.1152696464728,9.821526894002492e-08,99856.78459043663,1626.849034099515,True
986.9453561610102,1.0371783489177202e-07,102643.66311198662,1569.7463682690404,True
1021.0663681581304,1.0341437488825057e-07,102625.87953921278,1522.246086630273,True
980.7480722962001,9.655021611345862e-08,97307.67834836172,1697.7146233586043,True
957.1542923832112,9.873548173521698e-08,103044.85249068809,1699.731599404863,True
1010.7450489281413,9.586907755682605e-08,98236.66355377458,1659.3787810339074,True
988.0659501995003,9.819826791952382e-08,101519.97759206129,1656.2916114163509,True
1005.3890986799736,9.51620449688001e-08,98481.72152966443,1680.4801224269734,True
1030.2813266984585,9.874472089936107e-08,102087.62865588164,1580.1976173273854,True
983.5364398829159,9.633569455234453e-08,101674.89673034249,1695.9901875373703,True
958.3556837224247,9.550426534772635e-08,98525.89401176132,1755.7981422076932,True
998.76128165994,1.0192870004711778e-07,98137.4509384704,1579.281312325283,True
1012.1701335606579,1.0141000840310869e-07,96015.60100961309,1566.8955425629192,True
1007.7387674635627,1.0208604990430299e-07,103013.66178679114,1562.1892237120428,True
987.4814570838417,9.763901840312482e-08,101400.59131000869,1666.7737749666205,True
996.1183687959052,9.91249149944503e-08,101251.38742796764,1627.7139846122673,True
988.1788379118805,9.683094057489972e-08,103535.88584971991,1679.1744538049602,True
1034.1296311555138,1.0221739214015224e-07,104473.11517152788,1520.5408430852208,True
1019.7507036059712,9.756209913501507e-08,96922.68315401954,1616.5548526758,True
954.5219965492392,1.031060562859502e-07,95465.01961144664,1633.3182368264115,True
963.6671450465204,9.571305862917814e-08,97599.05176183945,1742.5648972791223,True
971.832288927863,1.0409533806372772e-07,99880.17592134354,1588.5569145112795,True
1043.3812476450773,1.0329254849224596e-07,98568.56722694101,1492.3857838328945,True
1004.1330499026512,1.0312375372613953e-07,98971.58125658066,1552.5806305285726,True
1031.4736958553053,9.600899221338476e-08,95159.61744218018,1624.546800140941,True
1032.9818631681776,1.0481196071780658e-07,95853.83786757685,1485.8391056461326,True
996.7237493613758,9.651700017668918e-08,102047.38772891436,1670.5627634463542,True
1017.5615561407725,1.0129560736029424e-07,96577.65664476904,1560.3452526624792,True
960.2539387664514,9.762731970921381e-08,96071.49524581508,1714.6756423770796,True
991.406236308864,1.0453153947663213e-07,95242.2133946849,1551.7383025382244,True
971.5149557701261,1.0228365078539709e-07,101224.58092009397,1617.0101197370636,True
979.6765901153088,1.0498133217631191e-07,100417.02597024976,1562.578335560294,True
1026.6671877327221,9.52416557824992e-08,102154.3687828035,1644.0175592981368,True
1002.9835391890651,9.627586171558098e-08,102444.32484121982,1664.3329152518686,True
1003.5663806981736,9.9910383842844e-08,98738.96033874026,1603.4492386743932,True
1034.3127006661323,1.0004652901665904e-07,99222.5666601152,1554.067841121633,True
1006.2623260909988,9.996825949540628e-08,98964.93225602852,1598.233897246217,True
1032.4900545925348,1.034298093652942e-07,99521.27566321261,1505.812630814431,True
953.6506219654481,1.0026597407413715e-07,97288.61953188309,1680.7905838627587,True
1017.5936194836386,1.0246125259522298e-07,98171.49438101235,1542.2848439411273,True
1048.445267779297,1.0007943970793637e-07,96298.83545527105,1533.3182042093026,True
960.508262401919,1.0416276927430232e-07,102799.79011478179,1605.6300702326812,True
1049.0325472712368,9.713540446080002e-08,102967.58819872269,1577.8140390685303,True
1030.7263928939121,9.702333154936918e-08,95857.26856478336,1608.5903925417017,True
1035.7062010304137,1.023288889173874e-07,97104.18782071942,1517.7244169354826,True
1036.610092688089,9.603603151136641e-08,103349.06996649673,1614.7483350758532,True
953.3851702544949,1.0089245453774347e-07,103309.8770380974,1669.869436936357,True
961.6723918733082,9.677949730087805e-08,98595.22386189822,1726.7326173557492,True
1002.5924412832095,1.0112111637970176e-07,100868.49272473781,1585.4379561403198,True
965.654753907395,9.759675448887985e-08,101787.77184739245,1704.7613041534082,True
978.9647316387188,1.002090411735115e-07,95077.84758547759,1639.060588450645,True
954.8644866900374,9.78572319498266e-08,97806.83224316286,1719.9064004133488,True
972.8554752052613,1.011018554239694e-07,96883.81126206846,1634.3756445826107,True
1047.5969281473065,1.0030651209628956e-07,104020.79668073572,1529.8494788624673,True
1040.0666941818472,9.787685967858974e-08,98646.44209337392,1579.9155585388305,True
975.3778866892064,9.719915725779743e-08,98013.29272961286,1695.4509863894277,True
974.1243669047421,9.978232850986764e-08,97932.98445212348,1653.6767016864776,True
978.4696632571386,1.0450379643541403e-07,95257.2631704066,1572.4576463435667,True
1044.0725135664725,9.621353308069785e-08,101139.0874796831,1600.713487771762,True
965.7291674585643,1.0380910345907505e-07,103029.97886075858,1602.437679240006,True
1002.8447922064265,9.938035184487003e-08,99805.64829997838,1612.9759091642604,True
998.7786197543983,9.673893852824474e-08,97348.62811415554,1664.1123892578878,True
971.6051193923396,9.835261225825639e-08,96037.31555176937,1682.3490156966395,True
977.6878791295773,1.0109961821175091e-07,103081.71554008676,1625.4367666206188,True
1007.2412050884201,9.645880304423111e-08,99163.82573721174,1654.7553934714624,True
1039.7457587045972,1.0167574623012909e-07,99822.97489678304,1521.16307869192,True
1004.4043498368771,1.0458179258391038e-07,95556.52037730605,1531.0753148678773,True
1046.659494610971,1.0390955636283494e-07,95901.06187158336,1479.3584394136255,True
980.7198629027836,9.996189471062323e-08,95374.43179190144,1640.1503339628318,True
980.0130370095828,9.575436027663129e-08,98761.91393407017,1712.8446522329612,True
984.3720438440045,9.630319455475381e-08,96769.16292803643,1695.9601901307083,True
971.1491120986244,9.903808505057077e-08,104698.67620901963,1670.097318313688,True
1007.9108970478434,9.539215413417359e-08,100553.97286369347,1671.9252178247857,True
981.3319236699816,9.592534999587199e-08,96322.65575724357,1707.9415447352064,True
978.8556799744093,1.0017894817347788e-07,100892.34769760598,1638.770763794475,True
962.8927200175567,1.0129585182999731e-07,103521.02340087725,1646.9160144895638,True
963.994868948904,1.027673236765132e-07,101001.97613254645,1621.8689187928549,True
994.0690203633275,9.611415582799493e-08,100584.33113126233,1682.2373549876065,True
1041.9423273962152,1.0222550138616748e-07,101728.2186849704,1509.5336494833919,True
1033.3643700430923,9.798053031188816e-08,99524.06495961455,1588.2282593256225,True
1017.8026328786505,1.0145919907020117e-07,104945.73943435658,1556.1690991549256,True
1032.1985567907066,9.548124214401133e-08,100972.45717623406,1631.382853339388,True
1048.0850894183407,1.0492751808368888e-07,102126.13190029147,1462.0710819612887,True
968.7395727286355,9.999676110216697e-08,104898.1758153072,1658.1334511010589,True
975.5027943983265,1.0387447247311258e-07,103418.57940168335,1585.477543869182,True
1010.88950492209,9.679846065123595e-08,95348.32113477596,1643.721274176264,True
988.904899957498,9.884993636864692e-08,100275.12757972194,1644.1869739091383,True
1018.3859117188628,9.608929945433262e-08,101710.50884091582,1642.704740447255,True
1009.1301425024666,1.0144827137658849e-07,100282.59557252428,1570.2785776370713,True
971.1572706049717,1.0433996444892572e-07,103733.01833612796,1585.3562469021733,True
965.9474178008583,1.0004613783042521e-07,100894.49354170392,1662.6636618577081,True
1018.8181576574214,1.0193064891817058e-07,103884.8941963947,1547.5943006718755,True
996.2302875420115,1.0129167335023414e-07,96544.83664018956,1593.4744137362736,True
956.0168419814081,9.582384121419414e-08,99284.75221966462,1754.0535421622933,True
997.1759854045858,9.73598934646212e-08,104311.28492058082,1655.0083949280777,True
1006.7978534301143,1.0184839979571443e-07,96320.03701829627,1568.3377643512501,True
968.14533230953,1.0362271197460282e-07,95917.50027062069,1602.4563446726715,True
959.9833095486515,1.034196728897236e-07,100365.84783661655,1618.406099895108,True
1008.4189548271783,1.0338982882258698e-07,97849.37966408629,1542.247850469374,True
967.8747881749201,1.0269079609287002e-07,102655.69099850293,1616.3854623607374,True
1028.1982422285764,1.0163618975388248e-07,95424.6349615323,1539.3925521397173,True
965.0614691389048,9.977561213705511e-08,97961.90499528612,1669.1609823714098,True
1009.146201550917,1.0351127171161837e-07,99264.52948276384,1539.1156144381555,True
1049.082505586917,9.86841029581883e-08,101132.37017408037,1553.2636399986525,True
968.8857507832472,9.540177698592186e-08,100260.21114848024,1738.472583868444,True
984.5989779089235,1.0000655654377954e-07,100909.69598867993,1632.1093326290227,True
994.2293426028049,1.0485030822563594e-07,95319.21750205652,1542.6602921119256,True
989.8816107019264,9.776923158377995e-08,97247.02100837723,1661.242479678798,True
992.271962259252,9.512418933852537e-08,104874.43513781902,1702.1123119126253,True
953.6194495021355,9.600313298127301e-08,96980.09191448589,1755.5340087525276,True
1018.153006819027,1.0355560321424177e-07,100287.01783085235,1524.8263097378313,True
963.0446202063816,1.0323238162125511e-07,101617.42537963534,1616.0480614819012,True
953.126008419559,1.0062235172329372e-07,98218.46864717513,1675.5966591730567,True
969.844139984638,1.0364941931905942e-07,102514.11680754201,1598.2351621545843,True
1017.9345998851528,1.0465047546134309e-07,100473.59079292626,1509.1656290263038,True
1041.972973371403,9.644484842835453e-08,103879.81944192968,1599.6285892679573,True
1008.9393930295762,9.772617816249113e-08,104532.89666311891,1629.73051676412,True
987.493377153644,1.0146282861260243e-07,101812.79734583422,1603.8765855716852,True
998.230682017909,9.577016778442032e-08,96190.79680198412,1682.0646472020405,True
1049.961537557084,9.505500421200536e-08,100541.44362799023,1611.3267114743142,True
960.0645709523491,9.524387608592206e-08,101861.48697023038,1756.9393436568346,True
1019.6776183579328,1.0067504479657858e-07,100964.16085298022,1566.028015897323,True
986.4674249912741,9.985806273436505e-08,104521.76856894084,1630.924508476337,True
1012.4760952826643,1.0114843208985529e-07,98380.91495256568,1570.0838589624411,True
961.010458635961,9.787458297342689e-08,99858.71375867075,1708.3687960159957,True
964.4845920587046,1.0044126035867638e-07,99789.08219900707,1658.7849455975631,True
961.8770778254813,1.0045574702062969e-07,101738.26216218137,1662.6945995402173,True
950.7451996910002,9.60027994387754e-08,98930.44639663878,1760.4586926435047,True
970.0320941699598,9.607267405933288e-08,102434.60561787018,1723.9611195515185,True
979.5037372923891,1.0094780434902788e-07,99260.43714558707,1625.4805427276324,True
1010.600609888431,9.656854368823986e-08,96046.55152669374,1647.97515961058,True
996.6206259412461,9.87823705695964e-08,104921.08966043839,1631.986672752933,True
974.8555178999321,9.570578641882692e-08,99788.59110446206,1722.5181407544956,True
1022.6348490049332,9.857926289240381e-08,101931.25127785245,1594.5912091484051,True
1033.762880983497,9.533486287226495e-08,102304.47878406978,1631.2250117451513,True
985.6562178368494,1.0328535530698261e-07,96406.62090792377,1579.332516761207,True
1049.6805587364013,9.976587773037725e-08,102120.32973216363,1535.4024018751334,True
971.8253451756948,9.553914934204236e-08,96079.0643438552,1731.495217002092,True
1010.5578741532055,1.0485049040877085e-07,95316.07425958768,1517.989279743588,True
964.128872603964,1.0256605999187912e-07,104497.41546546391,1624.3138508923805,True
958.4914134557383,1.014822962331139e-07,100037.97245191419,1651.8967812577023,True
1015.1629706633431,1.0313732035206586e-07,103796.21087553131,1534.9542441553115,True
953.1812053736777,1.0010269546523762e-07,102164.9787641603,1683.5731665115925,True
1022.1703244575396,1.0473157266651727e-07,97857.21734199174,1502.215173789965,True
984.497902039833,9.734732664804927e-08,95487.06935000609,1677.7841097182109,True
992.9157700998259,9.605360948868575e-08,96658.1248008902,1685.9028462614706,True
1045.2840322037305,1.0367311219661723e-07,96930.26538330215,1484.49242313074,True
962.347145814323,1.041389576195687e-07,100849.67827968625,1603.2442940677363,True
1027.4329802269563,1.016282482790709e-07,98186.22967529815,1540.1857062454771,True
961.1731975845561,9.87164404540477e-08,100387.47820121518,1693.4306740683069,True
1035.2243801850184,1.0426144003351724e-07,97261.45448544639,1490.2530043480294,True
1005.8443213002975,1.0294812481255226e-07,98958.7401524464,1552.6119708841443,True
958.7097135397338,9.865867582733892e-08,101139.30382694856,1698.6153887480373,True
1018.1160916704096,1.0371529936947381e-07,99670.15705905287,1522.6277994063014,True
951.1859903539752,1.0145457040892913e-07,97978.93255161803,1665.247905510203,True
982.033307312791,9.774857730170656e-08,103039.45764897342,1673.7977467077114,True
1015.2891985340214,9.52482605970509e-08,104951.42730036365,1661.7069665360375,True
997.4878795820265,9.838033912366113e-08,101627.47950622237,1637.7441866636866,True
1047.2338647055365,9.874097714000931e-08,99980.25975640179,1555.264830410394,True
963.3582863638677,9.762912302986342e-08,104395.91628934353,1707.8202838082266,True
1017.9335699350165,1.0081094703821746e-07,103945.11423351163,1566.1211404516403,True
996.0401156649192,1.044432246708106e-07,102635.86826291704,1544.7470145605848,True
990.7199734163228,1.0291479076114486e-07,104366.37200462811,1575.7764502607001,True
993.0356781595929,1.0121558485208591e-07,103800.98823758362,1598.6114492837535,True
976.6402889590554,1.0183558578701257e-07,104249.75179316665,1615.2344914806185,True
997.3737903553045,1.0414938475876608e-07,101791.19661528405,1547.177274127348,True
1023.259304091261,9.814206766025075e-08,98855.17493957136,1601.2219777661335,True
950.9668653715306,1.0011730750052343e-07,100567.58009780526,1687.4580230260315,True
973.005991776922,9.96311522064657e-08,101637.36140117107,1657.4762911129155,True
955.2961079256479,1.025134390199098e-07,102080.96716952696,1640.3882290506997,True
956.7088971675906,1.0051459970341995e-07,104493.42802431263,1670.203319295775,True
983.0587502039152,1.0485177842215138e-07,101637.30332760948,1558.9969528570352,True
1035.6868377664375,9.850830669552742e-08,99498.56909979843,1576.2171687769096,True
1010.0175327186798,9.9200010798855e-08,96812.39510185039,1605.0438607251633,True
1042.0007092688747,1.0430061151246459e-07,95171.39712747054,1480.4521322303042,True
966.0702326234496,1.0095348059250952e-07,100468.22870259185,1647.5788974045372,True
996.8692297335721,1.0095821462121909e-07,95744.28440477546,1597.8598472327214,True
993.8544850328545,9.788115060258246e-08,97620.86579794962,1652.7126679091634,True
1019.9400808809391,9.52519338389937e-08,102549.75438147764,1654.5113158528068,True
972.8792552275942,9.636751243285632e-08,103127.2110757933,1713.5957383504901,True
955.8905983350612,9.86110520457528e-08,96691.77735269294,1705.13465802455,True
1047.4476181307523,9.862431843830768e-08,96568.91931748646,1557.3602011877115,True
1015.7826233243712,9.696762536064188e-08,95882.28964924363,1632.9366362276196,True
953.2278295629366,9.94558688463306e-08,103265.26314455191,1694.2735355925718,True
1037.7444878098286,1.0257631811026746e-07,99637.73998400991,1510.714682453736,True
1011.2064776721614,1.0425074723074657e-07,98680.55496163091,1525.2070303814066,True
953.3110171695816,9.940285379822584e-08,103985.5026462435,1694.923188440096,True
965.9260486274994,9.568981253640704e-08,104784.77351370601,1737.7833016783645,True
1048.6031536078942,1.005904295711357e-07,102897.12559488045,1524.2482837142065,True
1044.8125362180986,9.846226043246161e-08,99411.67291940126,1563.3368060090113,True
990.1865381505388,9.524565666791427e-08,104647.89199963618,1703.5227676678426,True
953.0665339324138,9.514729546078814e-08,102531.72942411159,1771.4085173301962,True
1006.6928915444984,1.0172847328032936e-07,104781.39075899433,1569.0370339592962,True
1030.2952545651274,9.624247763590662e-08,102297.99679280918,1621.2267418295037,True
952.0192363460061,9.585597511032082e-08,101219.5518613636,1760.438589189888,True
1024.0572439486698,1.0038763744786018e-07,104575.82893684343,1563.3196920087064,True
952.9542390323566,9.806679059976148e-08,104301.9938152619,1718.604852588896,True
959.1935736572484,9.538347817803996e-08,103897.00185259532,1755.6251622374627,True
1031.4924829183128,1.0398307581565666e-07,102357.5199768022,1498.8081185606409,True
1031.067598403767,1.0336377588816247e-07,101521.25065018031,1508.527215291569,True
1018.502714023374,1.0325536007655442e-07,100352.99377955528,1528.7302530721145,True
973.7926315003506,1.0042185854732124e-07,104480.29145952649,1642.6854917236778,True
981.9022470693837,1.0038710557568297e-07,103366.08999933892,1629.9712858145665,True
1003.0236765644547,9.567727806774422e-08,103268.85901881044,1674.5494300751247,True
985.793174486249,9.757731946981306e-08,103304.45945692186,1670.3600376116979,True
980.8304299970677,1.0125240806983846e-07,99533.94600527435,1618.3763702671286,True
1043.0531469025955,1.0408831802477533e-07,104541.29808415506,1480.5509949635214,True
1001.7819338261227,9.506432432597354e-08,101497.30688861529,1687.6984685729803,True
992.3570363195996,9.518418214102381e-08,95565.20782418645,1702.4481408492213,True
971.1216008932317,1.0267491771038807e-07,97185.9973365274,1612.1307457944931,True
1026.7753040865055,1.0134938882379488e-07,101922.37976577003,1544.8161971189784,True
973.2903821442064,1.0203073617488586e-07,98634.62857037966,1618.494145959303,True
956.8143455678619,9.539059330493861e-08,103840.54658458686,1759.8282467585877,True
977.7274175272512,1.0200905814244174e-07,103326.79778435436,1610.8450994952095,True
997.7132232333241,9.930717279686797e-08,102173.11416668615,1622.012020099612,True
1011.8248691833718,9.522198310400929e-08,99948.1881886449,1668.5992053959155,True
1025.0902482904305,1.0055474751663775e-07,97033.73587639623,1560.340521952182,True
973.2793937538929,9.941232634194092e-08,95643.6108987682,1661.6496386311107,True
1008.3567765672678,9.839592389662685e-08,96863.69969710564,1620.7889357705,True
957.1958369074778,1.0465610714160642e-07,98059.14477336724,1604.2554554449537,True
995.847062747837,1.0139383302848943e-07,95595.34654758629,1592.6367199596825,True
952.4195226878612,1.0095510055632626e-07,99764.26228823962,1671.0521004130576,True
994.5658753510787,1.0367698568293664e-07,102256.956047506,1558.5036253011394,True
970.0655737391576,1.012671159941785e-07,96388.72791898303,1636.4379106179983,True
1034.0547661641958,1.0168970020395298e-07,104013.68265688198,1528.6070339080873,True
955.5019004691383,1.0312006666538162e-07,99954.28624271056,1630.7119863637115,True
956.907344634087,9.886390380413933e-08,100472.65314625805,1698.3576872992255,True
1039.8531547742023,9.672954606715206e-08,99875.14945926011,1598.7746802801908,True
952.1781379364824,9.50623898681096e-08,98898.07143706108,1775.2295954989845,True
979.4436504575219,9.865801808916243e-08,95081.83393200774,1664.0221319700404,True
1020.7971908291618,9.91136223456425e-08,97111.39257773085,1589.6028205644666,True
1042.4840376236632,9.949872307735379e-08,95530.999222126,1551.1249595917873,True
1020.6451630376066,1.0331342700904244e-07,98592.76067712845,1524.970153777827,True
1031.62139906301,1.0072218140192546e-07,99774.6576969553,1547.540432330634,True
998.5685791269593,1.028373159406406e-07,103661.77333119673,1564.786235962657,True
964.1416374691286,1.010898762232247e-07,99767.49827294229,1648.7258616870145,True
1019.3901594839148,9.583920557164942e-08,99921.78100437374,1645.6772393937283,True
1018.4927512202826,1.0060165324132245e-07,104064.68118269858,1568.5085672607772,True
1039.8683028515288,1.0386997212309271e-07,95131.82638355064,1489.612166222262,True
1031.4878166867625,9.941987071779686e-08,102714.30017369389,1567.5535901519388,True
994.5807487307761,1.0026567289013621e-07,100938.23985957436,1611.7071208683187,True
977.0012922916239,1.0396295224544749e-07,100314.73160693653,1582.1792165912514,True
1007.5677270529575,9.863924528521501e-08,99661.36175902915,1617.5763026411967,True
977.8946304126221,9.549713230274871e-08,98444.24074062057,1721.196731605975,True
1049.3796192881114,1.0243606005593392e-07,98246.26811024107,1496.4037602508354,True
956.777266577953,9.746746464656594e-08,103089.23403242284,1722.50994375668,True
982.5932496555816,9.696745214062361e-08,95495.32087011472,1687.587049349968,True
999.1870847440201,9.850805446046135e-08,101208.22416870097,1632.9322330245307,True
974.1012486975851,1.017893079577825e-07,103986.89199571787,1620.1797642838928,True
978.3041432132152,1.0344444150229857e-07,103558.33457981613,1587.53223989083,True
960.4547801147768,9.945535199123566e-08,103392.68501562109,1681.6312043947357,True
956.7387077905761,1.0139318332153682e-07,99791.71093788612,1656.3874502930082,True
1007.7806494838186,1.0249028725998985e-07,100806.29659986893,1556.293758251212,True
998.8792807776065,9.85160830345397e-08,95059.64465095126,1634.3298503594185,True
1042.0972820027998,1.0273523357567944e-07,104784.64557449361,1501.378652870956,True
951.1642074747894,1.0313077801724621e-07,99919.935573226,1637.9134484803399,True
978.199748400889,1.0430767041877638e-07,101579.17880058418,1574.8476714568126,True
1002.0423210684073,9.621022799610897e-08,97098.76321289016,1667.9064912927465,True
980.5311282001361,1.0244327574872258e-07,104191.38500819312,1599.349078348041,True
1040.2116750041164,1.0253769744331827e-07,104756.78242495116,1506.9749213215844,True
959.8382221694834,9.896542476762223e-08,99282.93771785336,1691.6755169814294,True
1001.329527514151,1.0265051361734168e-07,95959.46456783293,1564.5531797326314,True
962.2095402364984,9.887742266574314e-08,100028.42052070798,1688.927495218375,True
958.3428368854749,1.0160553846687017e-07,98181.1501768327,1650.4426082388995,True
1019.9087787496859,1.00317686525234e-07,96279.04880716262,1572.0186354011437,True
978.3024499719013,1.046658758720291e-07,99500.68257629478,1569.607473377205,True
953.7437053527434,9.719425892471153e-08,100005.53587132168,1733.2852282076215,True
951.8013327490665,1.0096557193200681e-07,99226.83244219073,1672.0393347385186,True
965.4122716902742,9.921176310445936e-08,95866.17204938001,1678.4012737950839,True
999.1106123052703,9.586897551499577e-08,96424.5654081721,1678.8244889192147,True
1024.894192535407,9.547733456631926e-08,99065.27943751811,1643.2770380718916,True
1029.6069411553617,1.0042388485038029e-07,103605.85721666052,1554.555561746185,True
1032.727717646521,1.0417435608398857e-07,103706.3370977825,1494.0903826538404,True
954.2651409376213,9.620359990358982e-08,99889.91232356375,1750.205099026489,True
964.7175683019552,1.0233854703139535e-07,95442.1561584454,1628.3526124928765,True
1027.7879951888544,1.0314924335096842e-07,98896.81603537578,1516.8431356376018,True
1016.3024916061605,9.84206361580844e-08,104801.34125814858,1606.579494226042,True
996.8631611881995,9.734740607775984e-08,102638.17538487627,1655.990691180052,True
1036.6170083844233,1.0176868762169326e-07,100375.26916824948,1524.2274012668613,True
975.8009918747465,1.0450677287688728e-07,102359.7771332066,1575.5601258863614,True
972.6751667494309,1.03688346401547e-07,96413.86788496154,1593.9760764071762,True
1017.5233012167965,1.0389737853585954e-07,99353.80905029492,1520.884891710331,True
1043.2347370143361,1.0111812646374622e-07,97393.94564732215,1524.8821572354275,True
987.977617304769,1.0090264253267283e-07,97028.46417073277,1612.7619230663468,True
954.2155805659736,9.720132576694505e-08,102754.00785111626,1731.8722921249189,True
1009.8764587284874,9.522734397594535e-08,96827.82800850585,1672.2310228813983,True
1031.7752948101283,9.942012402225849e-08,97415.79307248966,1567.9648745812551,True
965.6057074737519,1.0001623297162559e-07,95303.00735782318,1664.6691225925424,True
1038.363093062405,1.0061369552572516e-07,103427.11660985542,1538.6936901195602,True
1001.5863847662125,1.0060308070177467e-07,98965.65659394783,1595.4883733606132,True
972.8856005504232,9.57838792929798e-08,99837.85809182981,1724.5567781013717,True
1046.0266894469662,1.040099181916491e-07,98678.50036696947,1478.3663054180922,True
1018.4783768868142,9.506802765709814e-08,96093.26236325357,1661.1644786256375,True
1013.5935978568617,9.611397304484103e-08,101792.56676777315,1649.9577240919816,True
957.0761937873469,9.887225465655686e-08,98448.42133930144,1698.2468861749048,True
975.7756876812687,1.0402801062627633e-07,102088.33416619894,1582.891637319078,True
1011.5342675253352,9.849891138325686e-08,102056.30840943691,1613.2119560836204,True
959.5709628422518,9.749911202238981e-08,98335.36553567888,1717.7491396407756,True
1022.6743769676998,9.824123433773022e-08,102234.67005084959,1599.9694795431199,True
977.2609137052975,1.0066841769360944e-07,102861.63125387768,1633.1384309962539,True
997.7343649920737,1.0273193510606265e-07,103118.94529106803,1567.7672189043367,True
1035.9766458753961,1.011630975105783e-07,103555.55640904384,1533.8086058847728,True
1035.3548747285708,1.0385625208037043e-07,97745.67812900401,1495.8024927819447,True
1035.4344547614812,1.0456165430072537e-07,101895.81862241434,1484.9641557446282,True
987.8175689097347,9.983364890853139e-08,97752.38880658211,1630.1707341960391,True
993.0182509190561,9.84221924493425e-08,99204.98447699656,1644.7331172080294,True
1038.6574646191868,9.589088499473258e-08,99458.49076928246,1614.6646285187317,True
977.9023051305409,1.0315026127701792e-07,103753.29685741104,1592.6799025727264,True
1013.1505618506358,1.0291825954133879e-07,104370.05370445325,1541.1652265181567,True
1016.5286691826716,1.0346176313749467e-07,99385.28864495791,1528.7627613962677,True
1009.7369306140558,1.0258271498271376e-07,97009.22235298496,1552.5112855025316,True
993.9878915303226,9.914097744290445e-08,99137.96284746812,1631.242499746181,True
970.8287252617995,9.80126438993083e-08,99202.22227152807,1688.9815658400037,True
1047.756660006783,1.048345759897282e-07,97769.62146709843,1464.483731513324,True
956.3025615579933,9.516085456351254e-08,97299.55144146782,1766.0950598228885,True
1003.0340486440423,1.0383426466937972e-07,98816.63410362761,1543.653525652768,True
955.9978814691311,9.500617588568344e-08,103831.40141514236,1768.4456222457356,True
